2026-09-21T00:13:41.737-04:00  WARN 36544 --- [HikariPool-1 housekeeper] com.zaxxer.hikari.pool.HikariPool        : HikariPool-1 - Thread starvation or clock leap detected (housekeeper delta=1h11m5s50ms).
2026-09-21T00:33:12.366-04:00  WARN 36544 --- [HikariPool-1 housekeeper] com.zaxxer.hikari.pool.HikariPool        : HikariPool-1 - Thread starvation or clock leap detected (housekeeper delta=19m603ms).
2026-09-21T00:35:56.464-04:00  WARN 36544 --- [HikariPool-1 housekeeper] com.zaxxer.hikari.pool.HikariPool        : HikariPool-1 - Thread starvation or clock leap detected (housekeeper delta=1m7s313ms).
2026-09-21T01:00:19.294-04:00  WARN 36544 --- [HikariPool-1 housekeeper] com.zaxxer.hikari.pool.HikariPool        : HikariPool-1 - Thread starvation or clock leap detected (housekeeper delta=23m15s743ms).
2026-09-21T01:47:39.708-04:00  WARN 36544 --- [HikariPool-1 housekeeper] com.zaxxer.hikari.pool.HikariPool        : HikariPool-1 - Thread starvation or clock leap detected (housekeeper delta=46m50s408ms).
2026-09-21T02:05:28.258-04:00  WARN 36544 --- [HikariPool-1 housekeeper] com.zaxxer.hikari.pool.HikariPool        : HikariPool-1 - Thread starvation or clock leap detected (housekeeper delta=17m18s542ms).
2026-09-21T02:52:42.199-04:00  WARN 36544 --- [HikariPool-1 housekeeper] com.zaxxer.hikari.pool.HikariPool        : HikariPool-1 - Thread starvation or clock leap detected (housekeeper delta=47m13s946ms).
2026-09-21T03:48:50.603-04:00  WARN 36544 --- [HikariPool-1 housekeeper] com.zaxxer.hikari.pool.HikariPool        : HikariPool-1 - Thread starvation or clock leap detected (housekeeper delta=56m8s403ms).
2026-09-21T03:55:42.639-04:00  WARN 36544 --- [HikariPool-1 housekeeper] com.zaxxer.hikari.pool.HikariPool        : HikariPool-1 - Thread starvation or clock leap detected (housekeeper delta=6m22s26ms).
2026-09-21T04:05:36.920-04:00  WARN 36544 --- [HikariPool-1 housekeeper] com.zaxxer.hikari.pool.HikariPool        : HikariPool-1 - Thread starvation or clock leap detected (housekeeper delta=8m43s612ms).
2026-09-21T04:23:56.301-04:00  WARN 36544 --- [HikariPool-1 housekeeper] com.zaxxer.hikari.pool.HikariPool        : HikariPool-1 - Thread starvation or clock leap detected (housekeeper delta=18m19s381ms).
2026-09-21T04:50:01.432-04:00  WARN 36544 --- [HikariPool-1 housekeeper] com.zaxxer.hikari.pool.HikariPool        : HikariPool-1 - Thread starvation or clock leap detected (housekeeper delta=26m5s131ms).
2026-09-21T04:50:53.158-04:00  WARN 36544 --- [HikariPool-1 housekeeper] com.zaxxer.hikari.pool.HikariPool        : HikariPool-1 - Thread starvation or clock leap detected (housekeeper delta=51s726ms).
2026-09-21T05:23:11.196-04:00  WARN 36544 --- [HikariPool-1 housekeeper] com.zaxxer.hikari.pool.HikariPool        : HikariPool-1 - Thread starvation or clock leap detected (housekeeper delta=32m18s38ms).
2026-09-21T05:46:15.548-04:00  WARN 36544 --- [HikariPool-1 housekeeper] com.zaxxer.hikari.pool.HikariPool        : HikariPool-1 - Thread starvation or clock leap detected (housekeeper delta=23m4s351ms).
2026-09-21T05:50:40.474-04:00  WARN 36544 --- [HikariPool-1 housekeeper] com.zaxxer.hikari.pool.HikariPool        : HikariPool-1 - Thread starvation or clock leap detected (housekeeper delta=4m24s927ms).
2026-09-21T06:03:51.875-04:00  WARN 36544 --- [HikariPool-1 housekeeper] com.zaxxer.hikari.pool.HikariPool        : HikariPool-1 - Thread starvation or clock leap detected (housekeeper delta=12m41s397ms).
2026-09-21T06:08:27.842-04:00  WARN 36544 --- [HikariPool-1 housekeeper] com.zaxxer.hikari.pool.HikariPool        : HikariPool-1 - Thread starvation or clock leap detected (housekeeper delta=4m5s948ms).
2026-09-21T06:26:25.368-04:00  WARN 36544 --- [HikariPool-1 housekeeper] com.zaxxer.hikari.pool.HikariPool        : HikariPool-1 - Thread starvation or clock leap detected (housekeeper delta=17m57s526ms).
2026-09-21T06:28:51.682-04:00  WARN 36544 --- [HikariPool-1 housekeeper] com.zaxxer.hikari.pool.HikariPool        : HikariPool-1 - Thread starvation or clock leap detected (housekeeper delta=1m56s303ms).
2026-09-21T06:42:05.358-04:00  WARN 36544 --- [HikariPool-1 housekeeper] com.zaxxer.hikari.pool.HikariPool        : HikariPool-1 - Thread starvation or clock leap detected (housekeeper delta=13m13s676ms).
2026-09-21T06:51:58.188-04:00  WARN 36544 --- [HikariPool-1 housekeeper] com.zaxxer.hikari.pool.HikariPool        : HikariPool-1 - Thread starvation or clock leap detected (housekeeper delta=9m52s830ms).
2026-09-21T07:07:58.147-04:00  WARN 36544 --- [HikariPool-1 housekeeper] com.zaxxer.hikari.pool.HikariPool        : HikariPool-1 - Thread starvation or clock leap detected (housekeeper delta=15m59s958ms).
2026-09-21T07:08:49.910-04:00  WARN 36544 --- [HikariPool-1 housekeeper] com.zaxxer.hikari.pool.HikariPool        : HikariPool-1 - Thread starvation or clock leap detected (housekeeper delta=51s764ms).
2026-09-21T07:18:01.134-04:00  WARN 36544 --- [HikariPool-1 housekeeper] com.zaxxer.hikari.pool.HikariPool        : HikariPool-1 - Thread starvation or clock leap detected (housekeeper delta=9m11s224ms).
2026-09-21T07:47:19.468-04:00  WARN 36544 --- [HikariPool-1 housekeeper] com.zaxxer.hikari.pool.HikariPool        : HikariPool-1 - Thread starvation or clock leap detected (housekeeper delta=28m48s328ms).
2026-09-21T07:53:07.995-04:00  WARN 36544 --- [HikariPool-1 housekeeper] com.zaxxer.hikari.pool.HikariPool        : HikariPool-1 - Thread starvation or clock leap detected (housekeeper delta=5m18s524ms).
2026-09-21T08:09:36.444-04:00  WARN 36544 --- [HikariPool-1 housekeeper] com.zaxxer.hikari.pool.HikariPool        : HikariPool-1 - Thread starvation or clock leap detected (housekeeper delta=16m28s449ms).
2026-09-21T08:15:58.638-04:00  WARN 36544 --- [HikariPool-1 housekeeper] com.zaxxer.hikari.pool.HikariPool        : HikariPool-1 - Thread starvation or clock leap detected (housekeeper delta=5m52s188ms).
2026-09-21T08:17:31.991-04:00  WARN 36544 --- [HikariPool-1 housekeeper] com.zaxxer.hikari.pool.HikariPool        : HikariPool-1 - Thread starvation or clock leap detected (housekeeper delta=1m33s354ms).
2026-09-21T08:19:32.363-04:00  WARN 36544 --- [HikariPool-1 housekeeper] com.zaxxer.hikari.pool.HikariPool        : HikariPool-1 - Thread starvation or clock leap detected (housekeeper delta=1m30s362ms).
2026-09-21T08:34:43.990-04:00  WARN 36544 --- [HikariPool-1 housekeeper] com.zaxxer.hikari.pool.HikariPool        : HikariPool-1 - Thread starvation or clock leap detected (housekeeper delta=15m11s627ms).
2026-09-21T08:36:44.543-04:00  WARN 36544 --- [HikariPool-1 housekeeper] com.zaxxer.hikari.pool.HikariPool        : HikariPool-1 - Thread starvation or clock leap detected (housekeeper delta=1m534ms).
2026-09-21T08:38:03.046-04:00  WARN 36544 --- [HikariPool-1 housekeeper] com.zaxxer.hikari.pool.HikariPool        : HikariPool-1 - Thread starvation or clock leap detected (housekeeper delta=48s489ms).
2026-09-21T08:39:00.100-04:00  WARN 36544 --- [HikariPool-1 housekeeper] com.zaxxer.hikari.pool.HikariPool        : HikariPool-1 - Thread starvation or clock leap detected (housekeeper delta=57s54ms).
2026-09-21T11:09:18.040-04:00  INFO 36544 --- [http-nio-8080-exec-1] c.m.m.c.RouteBeautifierController        : Beautifying route: origin=33.76536987653572,-84.29795509910862 dest=41.22098127700349,-95.99428944986514 enhancement=8.0% avoidHighways=true avoidTolls=false excludeOrigin=false excludeDest=false entityPreferences[STATE_PARK, MUSEUM, BATTLEFIELD, NATIONAL_PARK, COURTHOUSE, TRAILHEAD, HISTORIC_DISTRICT, MILESTONE, WATERFALL] includeKeywords=[], excludeKeywords=[]
2026-09-21T11:09:18.042-04:00  INFO 36544 --- [http-nio-8080-exec-1] c.m.m.service.RouteBeautifierService     : Beautifying route: enhancementThreshold=8.0, avoidHighways=true, avoidTolls=false, excludeOrigin=false, excludeDest=false, includeKeywords=[], excludeKeywords=[], entityPreferences=[STATE_PARK, MUSEUM, BATTLEFIELD, NATIONAL_PARK, COURTHOUSE, TRAILHEAD, HISTORIC_DISTRICT, MILESTONE, WATERFALL], hasSelectedCoords=true
2026-09-21T11:09:18.042-04:00  INFO 36544 --- [http-nio-8080-exec-1] c.m.m.service.RouteBeautifierService     : selectedRouteCoords received: size=25351, first=33.765373,-84.298133, middle=36.538106,-88.50125
2026-09-21T11:09:18.057-04:00  INFO 36544 --- [http-nio-8080-exec-1] c.m.m.service.RouteBeautifierService     : Using pre-selected route: 25351 coords, estimated 1335 mins
2026-09-21T11:09:18.058-04:00  INFO 36544 --- [http-nio-8080-exec-1] c.m.m.service.RouteBeautifierService     : Enhancement: 8.0% of base route
2026-09-21T11:09:18.058-04:00  INFO 36544 --- [http-nio-8080-exec-1] c.m.m.service.RouteBeautifierService     : Decoded route into 25351 coordinate points
2026-09-21T11:09:18.060-04:00  INFO 36544 --- [http-nio-8080-exec-1] c.m.m.service.RouteBeautifierService     : Sampling: 25351 points, step=356, ~25.0 km between samples
2026-09-21T11:09:18.061-04:00  INFO 36544 --- [http-nio-8080-exec-1] c.m.m.service.RouteBeautifierService     : findScenicSpotsAlongPath: path size=25351, first=33.765373,-84.298133, middle=36.538106,-88.50125, last=41.220499,-95.994208, routeEnhancementThreshold={}
2026-09-21T11:09:18.062-04:00  INFO 36544 --- [http-nio-8080-exec-1] c.m.m.service.RouteBeautifierService     : routeEnhancementThreshold is 8.0
2026-09-21T11:09:18.101-04:00  INFO 36544 --- [http-nio-8080-exec-1] c.m.m.c.GoogleApiProxyController         : MySQL cache hit: 9 spots near (33.846295,-84.40563)
2026-09-21T11:09:18.113-04:00  INFO 36544 --- [http-nio-8080-exec-1] c.m.m.c.GoogleApiProxyController         : MySQL cache hit (keyword): 3 spots near (33.846295,-84.40563)
2026-09-21T11:09:18.116-04:00  INFO 36544 --- [http-nio-8080-exec-1] c.m.m.service.RouteBeautifierService     : Qualified spot: College Football Hall of Fame at 33.760276,-84.39537330000002 distFromStart=22.0km source=NB
2026-09-21T11:09:18.116-04:00  INFO 36544 --- [http-nio-8080-exec-1] c.m.m.service.RouteBeautifierService     : Qualified spot: World of Coca-Cola at 33.7625564,-84.39243599999999 distFromStart=22.0km source=NB
2026-09-21T11:09:18.117-04:00  INFO 36544 --- [http-nio-8080-exec-1] c.m.m.service.RouteBeautifierService     : Qualified spot: Children's Museum of Atlanta at 33.7625707,-84.39173269999999 distFromStart=22.0km source=NB
2026-09-21T11:09:18.117-04:00  INFO 36544 --- [http-nio-8080-exec-1] c.m.m.service.RouteBeautifierService     : Qualified spot: Jimmy Carter Presidential Library and Museum at 33.7663441,-84.35625879999999 distFromStart=22.0km source=NB
2026-09-21T11:09:18.117-04:00  INFO 36544 --- [http-nio-8080-exec-1] c.m.m.service.RouteBeautifierService     : Qualified spot: Trap Music Museum at 33.7717788,-84.4085049 distFromStart=22.0km source=NB
2026-09-21T11:09:18.118-04:00  INFO 36544 --- [http-nio-8080-exec-1] c.m.m.service.RouteBeautifierService     : Qualified spot: Center For Puppetry Arts at 33.792874999999995,-84.38985989999999 distFromStart=22.0km source=NB
2026-09-21T11:09:18.118-04:00  INFO 36544 --- [http-nio-8080-exec-1] c.m.m.service.RouteBeautifierService     : Qualified spot: Sloomoo Institute - Atlanta at 33.8526721,-84.3586519 distFromStart=22.0km source=NB
2026-09-21T11:09:18.125-04:00  INFO 36544 --- [http-nio-8080-exec-1] c.m.m.c.GoogleApiProxyController         : MySQL cache hit: 2 spots near (33.948066,-84.519112)
2026-09-21T11:09:18.127-04:00  INFO 36544 --- [http-nio-8080-exec-1] c.m.m.c.GoogleApiProxyController         : MySQL cache hit (keyword): 4 spots near (33.948066,-84.519112)
2026-09-21T11:09:18.128-04:00  INFO 36544 --- [http-nio-8080-exec-1] c.m.m.service.RouteBeautifierService     : Qualified spot: Gone With the Wind Museum at Brumby Hall at 33.9437699,-84.5521522 distFromStart=40.5km source=NB
2026-09-21T11:09:18.128-04:00  INFO 36544 --- [http-nio-8080-exec-1] c.m.m.service.RouteBeautifierService     : Qualified spot: Kennesaw Mountain National Battlefield Park at 33.9513354,-84.59639930000002 distFromStart=40.5km source=NB
2026-09-21T11:09:18.143-04:00  INFO 36544 --- [http-nio-8080-exec-1] c.m.m.c.GoogleApiProxyController         : MySQL cache hit: 4 spots near (34.060069,-84.721007)
2026-09-21T11:09:18.144-04:00  INFO 36544 --- [http-nio-8080-exec-1] c.m.m.c.GoogleApiProxyController         : MySQL cache hit (keyword): 3 spots near (34.060069,-84.721007)
2026-09-21T11:09:18.146-04:00  INFO 36544 --- [http-nio-8080-exec-1] c.m.m.service.RouteBeautifierService     : Qualified spot: Etowah Indian Mounds State Historic Site at 34.128230699999996,-84.8072102 distFromStart=64.0km source=NB
2026-09-21T11:09:18.146-04:00  INFO 36544 --- [http-nio-8080-exec-1] c.m.m.service.RouteBeautifierService     : Qualified spot: Red Top Mountain State Park at 34.1481292,-84.70390929999999 distFromStart=64.0km source=NB
2026-09-21T11:09:18.146-04:00  INFO 36544 --- [http-nio-8080-exec-1] c.m.m.service.RouteBeautifierService     : Qualified spot: Rose Lawn Museum at 34.1650117,-84.8026659 distFromStart=64.0km source=NB
2026-09-21T11:09:18.150-04:00  INFO 36544 --- [http-nio-8080-exec-1] c.m.m.c.GoogleApiProxyController         : MySQL cache hit: 4 spots near (34.210569,-84.834114)
2026-09-21T11:09:18.151-04:00  INFO 36544 --- [http-nio-8080-exec-1] c.m.m.c.GoogleApiProxyController         : MySQL cache hit (keyword): 2 spots near (34.210569,-84.834114)
2026-09-21T11:09:18.151-04:00  INFO 36544 --- [http-nio-8080-exec-1] c.m.m.service.RouteBeautifierService     : Qualified spot: Savoy Automobile Museum at 34.2085912,-84.7952431 distFromStart=91.6km source=NB
2026-09-21T11:09:18.152-04:00  INFO 36544 --- [http-nio-8080-exec-1] c.m.m.service.RouteBeautifierService     : Qualified spot: Tellus Science Museum at 34.241649599999995,-84.7705158 distFromStart=91.6km source=NB
2026-09-21T11:09:18.158-04:00  INFO 36544 --- [http-nio-8080-exec-1] c.m.m.c.GoogleApiProxyController         : MySQL cache hit: 3 spots near (34.486963,-84.945176)
2026-09-21T11:09:18.159-04:00  INFO 36544 --- [http-nio-8080-exec-1] c.m.m.c.GoogleApiProxyController         : MySQL cache miss — calling Google Places searchText near (34.486963,-84.945176) keyword=trailhead trail access hiking
2026-09-21T11:09:18.732-04:00  INFO 36544 --- [http-nio-8080-exec-1] c.m.m.c.GoogleApiProxyController         : Place types for Trail Head Parking: [hiking_area, sports_activity_location, point_of_interest, establishment]
2026-09-21T11:09:18.732-04:00  INFO 36544 --- [http-nio-8080-exec-1] c.m.m.c.GoogleApiProxyController         : Mapped: Trail Head Parking, Rating: 4.8, Reviews: 30, EntityType: hiking_area
2026-09-21T11:09:18.732-04:00  INFO 36544 --- [http-nio-8080-exec-1] c.m.m.c.GoogleApiProxyController         : Place types for Cohutta Wilderness Trailheads: [hiking_area, sports_activity_location, point_of_interest, establishment]
2026-09-21T11:09:18.734-04:00  INFO 36544 --- [http-nio-8080-exec-1] c.m.m.c.GoogleApiProxyController         : Mapped: Cohutta Wilderness Trailheads, Rating: 4.7, Reviews: 910, EntityType: hiking_area
2026-09-21T11:09:18.734-04:00  INFO 36544 --- [http-nio-8080-exec-1] c.m.m.c.GoogleApiProxyController         : Place types for Pinhoti Trail Trailhead Dennis Mill: [hiking_area, sports_activity_location, point_of_interest, establishment]
2026-09-21T11:09:18.734-04:00  INFO 36544 --- [http-nio-8080-exec-1] c.m.m.c.GoogleApiProxyController         : Mapped: Pinhoti Trail Trailhead Dennis Mill, Rating: 4.9, Reviews: 13, EntityType: hiking_area
2026-09-21T11:09:18.734-04:00  INFO 36544 --- [http-nio-8080-exec-1] c.m.m.c.GoogleApiProxyController         : Place types for Pine Log Creek Trailhead: [hiking_area, sports_activity_location, point_of_interest, establishment]
2026-09-21T11:09:18.734-04:00  INFO 36544 --- [http-nio-8080-exec-1] c.m.m.c.GoogleApiProxyController         : Mapped: Pine Log Creek Trailhead, Rating: 4.6, Reviews: 282, EntityType: hiking_area
2026-09-21T11:09:18.734-04:00  INFO 36544 --- [http-nio-8080-exec-1] c.m.m.c.GoogleApiProxyController         : Place types for Highpoint Trailhead/Pinhoti Trail: [hiking_area, sports_activity_location, point_of_interest, establishment]
2026-09-21T11:09:18.734-04:00  INFO 36544 --- [http-nio-8080-exec-1] c.m.m.c.GoogleApiProxyController         : Mapped: Highpoint Trailhead/Pinhoti Trail, Rating: 4.5, Reviews: 44, EntityType: hiking_area
2026-09-21T11:09:18.734-04:00  INFO 36544 --- [http-nio-8080-exec-1] c.m.m.c.GoogleApiProxyController         : Place types for Tumbling Waters Trail: [hiking_area, tourist_attraction, sports_activity_location, point_of_interest, establishment]
2026-09-21T11:09:18.734-04:00  INFO 36544 --- [http-nio-8080-exec-1] c.m.m.c.GoogleApiProxyController         : Mapped: Tumbling Waters Trail, Rating: 4.7, Reviews: 739, EntityType: hiking_area
2026-09-21T11:09:18.734-04:00  INFO 36544 --- [http-nio-8080-exec-1] c.m.m.c.GoogleApiProxyController         : Place types for Iron Hill Trail Head: [hiking_area, sports_activity_location, point_of_interest, establishment]
2026-09-21T11:09:18.735-04:00  INFO 36544 --- [http-nio-8080-exec-1] c.m.m.c.GoogleApiProxyController         : Mapped: Iron Hill Trail Head, Rating: 4.8, Reviews: 122, EntityType: hiking_area
2026-09-21T11:09:18.735-04:00  INFO 36544 --- [http-nio-8080-exec-1] c.m.m.c.GoogleApiProxyController         : Place types for Pinhoti Trail: [hiking_area, sports_activity_location, point_of_interest, establishment]
2026-09-21T11:09:18.735-04:00  INFO 36544 --- [http-nio-8080-exec-1] c.m.m.c.GoogleApiProxyController         : Mapped: Pinhoti Trail, Rating: 4.8, Reviews: 64, EntityType: hiking_area
2026-09-21T11:09:18.735-04:00  INFO 36544 --- [http-nio-8080-exec-1] c.m.m.c.GoogleApiProxyController         : Place types for Etowah Hiking Trail: [hiking_area, sports_activity_location, point_of_interest, establishment]
2026-09-21T11:09:18.735-04:00  INFO 36544 --- [http-nio-8080-exec-1] c.m.m.c.GoogleApiProxyController         : Mapped: Etowah Hiking Trail, Rating: 4.5, Reviews: 25, EntityType: hiking_area
2026-09-21T11:09:18.735-04:00  INFO 36544 --- [http-nio-8080-exec-1] c.m.m.c.GoogleApiProxyController         : Place types for Blackberry Mountain Clear Creek Trail Head: [hiking_area, sports_activity_location, point_of_interest, establishment]
2026-09-21T11:09:18.735-04:00  INFO 36544 --- [http-nio-8080-exec-1] c.m.m.c.GoogleApiProxyController         : Mapped: Blackberry Mountain Clear Creek Trail Head, Rating: 4.5, Reviews: 65, EntityType: hiking_area
2026-09-21T11:09:18.735-04:00  INFO 36544 --- [http-nio-8080-exec-1] c.m.m.c.GoogleApiProxyController         : Place types for Ochs Gateway Trailhead: [hiking_area, tourist_attraction, sports_activity_location, point_of_interest, establishment]
2026-09-21T11:09:18.735-04:00  INFO 36544 --- [http-nio-8080-exec-1] c.m.m.c.GoogleApiProxyController         : Mapped: Ochs Gateway Trailhead, Rating: 4.8, Reviews: 58, EntityType: hiking_area
2026-09-21T11:09:18.735-04:00  INFO 36544 --- [http-nio-8080-exec-1] c.m.m.c.GoogleApiProxyController         : Place types for Guild-Hardy Trailhead, Lookout Mountain Trails: [hiking_area, tourist_attraction, sports_activity_location, point_of_interest, establishment]
2026-09-21T11:09:18.735-04:00  INFO 36544 --- [http-nio-8080-exec-1] c.m.m.c.GoogleApiProxyController         : Mapped: Guild-Hardy Trailhead, Lookout Mountain Trails, Rating: 4.6, Reviews: 347, EntityType: hiking_area
2026-09-21T11:09:18.735-04:00  INFO 36544 --- [http-nio-8080-exec-1] c.m.m.c.GoogleApiProxyController         : Place types for Hiram Trailhead: [hiking_area, sports_activity_location, point_of_interest, establishment]
2026-09-21T11:09:18.735-04:00  INFO 36544 --- [http-nio-8080-exec-1] c.m.m.c.GoogleApiProxyController         : Mapped: Hiram Trailhead, Rating: 4.7, Reviews: 357, EntityType: hiking_area
2026-09-21T11:09:18.735-04:00  INFO 36544 --- [http-nio-8080-exec-1] c.m.m.c.GoogleApiProxyController         : Place types for Keown Falls Picnic Area and Trailhead: [picnic_ground, hiking_area, sports_activity_location, point_of_interest, establishment]
2026-09-21T11:09:18.735-04:00  INFO 36544 --- [http-nio-8080-exec-1] c.m.m.c.GoogleApiProxyController         : Mapped: Keown Falls Picnic Area and Trailhead, Rating: 4.8, Reviews: 69, EntityType: hiking_area
2026-09-21T11:09:18.735-04:00  INFO 36544 --- [http-nio-8080-exec-1] c.m.m.c.GoogleApiProxyController         : Place types for "Edge of the World" Trail: [hiking_area, tourist_attraction, sports_activity_location, point_of_interest, establishment]
2026-09-21T11:09:18.736-04:00  INFO 36544 --- [http-nio-8080-exec-1] c.m.m.c.GoogleApiProxyController         : Mapped: "Edge of the World" Trail, Rating: 4.6, Reviews: 805, EntityType: hiking_area
2026-09-21T11:09:18.736-04:00  INFO 36544 --- [http-nio-8080-exec-1] c.m.m.c.GoogleApiProxyController         : Place types for Hickory Creek Trailhead: [hiking_area, sports_activity_location, point_of_interest, establishment]
2026-09-21T11:09:18.736-04:00  INFO 36544 --- [http-nio-8080-exec-1] c.m.m.c.GoogleApiProxyController         : Mapped: Hickory Creek Trailhead, Rating: 4.9, Reviews: 22, EntityType: hiking_area
2026-09-21T11:09:18.736-04:00  INFO 36544 --- [http-nio-8080-exec-1] c.m.m.c.GoogleApiProxyController         : Place types for Jackson Chapel Trailhead - Pinhoti Trail: [hiking_area, sports_activity_location, point_of_interest, establishment]
2026-09-21T11:09:18.736-04:00  INFO 36544 --- [http-nio-8080-exec-1] c.m.m.c.GoogleApiProxyController         : Mapped: Jackson Chapel Trailhead - Pinhoti Trail, Rating: 4.7, Reviews: 13, EntityType: hiking_area
2026-09-21T11:09:18.736-04:00  INFO 36544 --- [http-nio-8080-exec-1] c.m.m.c.GoogleApiProxyController         : Place types for Pinhoti Trail - Potts Hollow Trailhead: [hiking_area, sports_activity_location, point_of_interest, establishment]
2026-09-21T11:09:18.736-04:00  INFO 36544 --- [http-nio-8080-exec-1] c.m.m.c.GoogleApiProxyController         : Mapped: Pinhoti Trail - Potts Hollow Trailhead, Rating: 4.8, Reviews: 25, EntityType: hiking_area
2026-09-21T11:09:18.736-04:00  INFO 36544 --- [http-nio-8080-exec-1] c.m.m.c.GoogleApiProxyController         : Place types for Panthertown Valley Trailhead - Public Access: [hiking_area, sports_activity_location, point_of_interest, establishment]
2026-09-21T11:09:18.736-04:00  INFO 36544 --- [http-nio-8080-exec-1] c.m.m.c.GoogleApiProxyController         : Mapped: Panthertown Valley Trailhead - Public Access, Rating: 4.6, Reviews: 147, EntityType: hiking_area
2026-09-21T11:09:18.736-04:00  INFO 36544 --- [http-nio-8080-exec-1] c.m.m.c.GoogleApiProxyController         : Place types for Pine Mountain Trail, West: [hiking_area, tourist_attraction, sports_activity_location, point_of_interest, establishment]
2026-09-21T11:09:18.736-04:00  INFO 36544 --- [http-nio-8080-exec-1] c.m.m.c.GoogleApiProxyController         : Mapped: Pine Mountain Trail, West, Rating: 4.8, Reviews: 841, EntityType: hiking_area
2026-09-21T11:09:18.788-04:00  INFO 36544 --- [http-nio-8080-exec-1] c.m.m.service.PlacesCacheService         : Saved 20 spots to places_cache
2026-09-21T11:09:18.788-04:00  INFO 36544 --- [http-nio-8080-exec-1] c.m.m.c.GoogleApiProxyController         : Backfilled 20 keyword spots to MySQL cache
2026-09-21T11:09:18.794-04:00  INFO 36544 --- [http-nio-8080-exec-1] c.m.m.service.RouteBeautifierService     : Qualified spot: Harris Arts Center - Roland Hayes Museum at 34.5016008,-84.9510683 distFromStart=115.9km source=NB
2026-09-21T11:09:18.799-04:00  INFO 36544 --- [http-nio-8080-exec-1] c.m.m.service.RouteBeautifierService     : Qualified spot: New Echota State Historic Site at 34.54098700000001,-84.90933 distFromStart=115.9km source=NB
2026-09-21T11:09:18.806-04:00  INFO 36544 --- [http-nio-8080-exec-1] c.m.m.c.GoogleApiProxyController         : MySQL cache miss — calling Google Places API near (34.704586,-84.984099)
2026-09-21T11:09:19.220-04:00  INFO 36544 --- [http-nio-8080-exec-1] c.m.m.c.GoogleApiProxyController         : Place types for Heritage Point Regional Park: [park, tourist_attraction, point_of_interest, establishment]
2026-09-21T11:09:19.220-04:00  INFO 36544 --- [http-nio-8080-exec-1] c.m.m.c.GoogleApiProxyController         : Mapped: Heritage Point Regional Park, Rating: 4.5, Reviews: 648, EntityType: tourist_attraction
2026-09-21T11:09:19.220-04:00  INFO 36544 --- [http-nio-8080-exec-1] c.m.m.c.GoogleApiProxyController         : Place types for Westside Park (Miracle Field): [park, tourist_attraction, point_of_interest, establishment]
2026-09-21T11:09:19.220-04:00  INFO 36544 --- [http-nio-8080-exec-1] c.m.m.c.GoogleApiProxyController         : Mapped: Westside Park (Miracle Field), Rating: 4.7, Reviews: 337, EntityType: tourist_attraction
2026-09-21T11:09:19.220-04:00  INFO 36544 --- [http-nio-8080-exec-1] c.m.m.c.GoogleApiProxyController         : Place types for Lakeshore Park: [park, tourist_attraction, point_of_interest, establishment]
2026-09-21T11:09:19.220-04:00  INFO 36544 --- [http-nio-8080-exec-1] c.m.m.c.GoogleApiProxyController         : Mapped: Lakeshore Park, Rating: 4.5, Reviews: 521, EntityType: tourist_attraction
2026-09-21T11:09:19.220-04:00  INFO 36544 --- [http-nio-8080-exec-1] c.m.m.c.GoogleApiProxyController         : Place types for Al Rollins Park: [park, tourist_attraction, point_of_interest, establishment]
2026-09-21T11:09:19.220-04:00  INFO 36544 --- [http-nio-8080-exec-1] c.m.m.c.GoogleApiProxyController         : Mapped: Al Rollins Park, Rating: 4.4, Reviews: 418, EntityType: tourist_attraction
2026-09-21T11:09:19.220-04:00  INFO 36544 --- [http-nio-8080-exec-1] c.m.m.c.GoogleApiProxyController         : Place types for Whitfield County Court House: [courthouse, government_office, point_of_interest, service, establishment]
2026-09-21T11:09:19.220-04:00  INFO 36544 --- [http-nio-8080-exec-1] c.m.m.c.GoogleApiProxyController         : Mapped: Whitfield County Court House, Rating: 3.5, Reviews: 31, EntityType: courthouse
2026-09-21T11:09:19.220-04:00  INFO 36544 --- [http-nio-8080-exec-1] c.m.m.c.GoogleApiProxyController         : Place types for George W. Disney Trail: [hiking_area, tourist_attraction, sports_activity_location, point_of_interest, establishment]
2026-09-21T11:09:19.220-04:00  INFO 36544 --- [http-nio-8080-exec-1] c.m.m.c.GoogleApiProxyController         : Mapped: George W. Disney Trail, Rating: 4.6, Reviews: 215, EntityType: hiking_area
2026-09-21T11:09:19.220-04:00  INFO 36544 --- [http-nio-8080-exec-1] c.m.m.c.GoogleApiProxyController         : Place types for Johns Mountain Wildlife Management Area: [park, tourist_attraction, point_of_interest, establishment]
2026-09-21T11:09:19.220-04:00  INFO 36544 --- [http-nio-8080-exec-1] c.m.m.c.GoogleApiProxyController         : Mapped: Johns Mountain Wildlife Management Area, Rating: 4.8, Reviews: 195, EntityType: tourist_attraction
2026-09-21T11:09:19.220-04:00  INFO 36544 --- [http-nio-8080-exec-1] c.m.m.c.GoogleApiProxyController         : Place types for Harlan Godfrey Civitan Park: [park, tourist_attraction, point_of_interest, establishment]
2026-09-21T11:09:19.220-04:00  INFO 36544 --- [http-nio-8080-exec-1] c.m.m.c.GoogleApiProxyController         : Mapped: Harlan Godfrey Civitan Park, Rating: 4.6, Reviews: 693, EntityType: tourist_attraction
2026-09-21T11:09:19.220-04:00  INFO 36544 --- [http-nio-8080-exec-1] c.m.m.c.GoogleApiProxyController         : Place types for Burr Performing Arts Park: [park, tourist_attraction, point_of_interest, establishment]
2026-09-21T11:09:19.220-04:00  INFO 36544 --- [http-nio-8080-exec-1] c.m.m.c.GoogleApiProxyController         : Mapped: Burr Performing Arts Park, Rating: 4.7, Reviews: 219, EntityType: tourist_attraction
2026-09-21T11:09:19.220-04:00  INFO 36544 --- [http-nio-8080-exec-1] c.m.m.c.GoogleApiProxyController         : Place types for Brookwood Park: [park, tourist_attraction, point_of_interest, establishment]
2026-09-21T11:09:19.220-04:00  INFO 36544 --- [http-nio-8080-exec-1] c.m.m.c.GoogleApiProxyController         : Mapped: Brookwood Park, Rating: 4.6, Reviews: 352, EntityType: tourist_attraction
2026-09-21T11:09:19.220-04:00  INFO 36544 --- [http-nio-8080-exec-1] c.m.m.c.GoogleApiProxyController         : Place types for Creative Arts Guild: [art_gallery, art_museum, event_venue, sports_school, museum, association_or_organization, educational_institution, point_of_interest, service, establishment]
2026-09-21T11:09:19.220-04:00  INFO 36544 --- [http-nio-8080-exec-1] c.m.m.c.GoogleApiProxyController         : Mapped: Creative Arts Guild, Rating: 4.7, Reviews: 52, EntityType: art_museum
2026-09-21T11:09:19.220-04:00  INFO 36544 --- [http-nio-8080-exec-1] c.m.m.c.GoogleApiProxyController         : Place types for Raisin Woods Mountain Bike Park: [park, tourist_attraction, point_of_interest, establishment]
2026-09-21T11:09:19.220-04:00  INFO 36544 --- [http-nio-8080-exec-1] c.m.m.c.GoogleApiProxyController         : Mapped: Raisin Woods Mountain Bike Park, Rating: 4.6, Reviews: 171, EntityType: tourist_attraction
2026-09-21T11:09:19.220-04:00  INFO 36544 --- [http-nio-8080-exec-1] c.m.m.c.GoogleApiProxyController         : Place types for Dalton Freight Depot and Visitors Center: [historical_landmark, tourist_attraction, historical_place, point_of_interest, establishment]
2026-09-21T11:09:19.220-04:00  INFO 36544 --- [http-nio-8080-exec-1] c.m.m.c.GoogleApiProxyController         : Mapped: Dalton Freight Depot and Visitors Center, Rating: 4.6, Reviews: 68, EntityType: historical_landmark
2026-09-21T11:09:19.220-04:00  INFO 36544 --- [http-nio-8080-exec-1] c.m.m.c.GoogleApiProxyController         : Place types for Dalton Municipal Court: [courthouse, local_government_office, government_office, point_of_interest, service, establishment]
2026-09-21T11:09:19.220-04:00  INFO 36544 --- [http-nio-8080-exec-1] c.m.m.c.GoogleApiProxyController         : Mapped: Dalton Municipal Court, Rating: 2.8, Reviews: 13, EntityType: courthouse
2026-09-21T11:09:19.220-04:00  INFO 36544 --- [http-nio-8080-exec-1] c.m.m.c.GoogleApiProxyController         : Place types for Dug Gap Trailhead: [hiking_area, tourist_attraction, sports_activity_location, point_of_interest, establishment]
2026-09-21T11:09:19.220-04:00  INFO 36544 --- [http-nio-8080-exec-1] c.m.m.c.GoogleApiProxyController         : Mapped: Dug Gap Trailhead, Rating: 4.6, Reviews: 38, EntityType: hiking_area
2026-09-21T11:09:19.220-04:00  INFO 36544 --- [http-nio-8080-exec-1] c.m.m.c.GoogleApiProxyController         : Place types for Mount Rachel Baptist Church: [tourist_attraction, church, place_of_worship, association_or_organization, point_of_interest, establishment]
2026-09-21T11:09:19.220-04:00  INFO 36544 --- [http-nio-8080-exec-1] c.m.m.c.GoogleApiProxyController         : Mapped: Mount Rachel Baptist Church, Rating: 4.8, Reviews: 113, EntityType: tourist_attraction
2026-09-21T11:09:19.220-04:00  INFO 36544 --- [http-nio-8080-exec-1] c.m.m.c.GoogleApiProxyController         : Place types for Whitfield County Probate Court: [courthouse, government_office, point_of_interest, service, establishment]
2026-09-21T11:09:19.220-04:00  INFO 36544 --- [http-nio-8080-exec-1] c.m.m.c.GoogleApiProxyController         : Mapped: Whitfield County Probate Court, Rating: 3.5, Reviews: 6, EntityType: courthouse
2026-09-21T11:09:19.220-04:00  INFO 36544 --- [http-nio-8080-exec-1] c.m.m.c.GoogleApiProxyController         : Place types for Pleasant Grove Park: [park, tourist_attraction, point_of_interest, establishment]
2026-09-21T11:09:19.220-04:00  INFO 36544 --- [http-nio-8080-exec-1] c.m.m.c.GoogleApiProxyController         : Mapped: Pleasant Grove Park, Rating: 4.3, Reviews: 132, EntityType: tourist_attraction
2026-09-21T11:09:19.220-04:00  INFO 36544 --- [http-nio-8080-exec-1] c.m.m.c.GoogleApiProxyController         : Place types for Magistrate Court: [courthouse, government_office, point_of_interest, service, establishment]
2026-09-21T11:09:19.220-04:00  INFO 36544 --- [http-nio-8080-exec-1] c.m.m.c.GoogleApiProxyController         : Mapped: Magistrate Court, Rating: 5.0, Reviews: 4, EntityType: courthouse
2026-09-21T11:09:19.220-04:00  INFO 36544 --- [http-nio-8080-exec-1] c.m.m.c.GoogleApiProxyController         : Place types for The Huff House: [historical_place, tourist_attraction, point_of_interest, establishment]
2026-09-21T11:09:19.220-04:00  INFO 36544 --- [http-nio-8080-exec-1] c.m.m.c.GoogleApiProxyController         : Mapped: The Huff House, Rating: 5.0, Reviews: 22, EntityType: historical_place
2026-09-21T11:09:19.245-04:00  INFO 36544 --- [http-nio-8080-exec-1] c.m.m.service.PlacesCacheService         : Saved 20 spots to places_cache
2026-09-21T11:09:19.245-04:00  INFO 36544 --- [http-nio-8080-exec-1] c.m.m.c.GoogleApiProxyController         : Backfilled 20 spots to MySQL cache
2026-09-21T11:09:19.246-04:00  INFO 36544 --- [http-nio-8080-exec-1] c.m.m.c.GoogleApiProxyController         : MySQL cache hit (keyword): 4 spots near (34.704586,-84.984099)
2026-09-21T11:09:19.247-04:00  INFO 36544 --- [http-nio-8080-exec-1] c.m.m.service.RouteBeautifierService     : Qualified spot: Heritage Point Regional Park at 34.795664699999996,-84.9410748 distFromStart=140.3km source=NB
2026-09-21T11:09:19.248-04:00  INFO 36544 --- [http-nio-8080-exec-1] c.m.m.service.RouteBeautifierService     : Qualified spot: Westside Park (Miracle Field) at 34.799376699999996,-85.0550561 distFromStart=140.3km source=NB
2026-09-21T11:09:19.248-04:00  INFO 36544 --- [http-nio-8080-exec-1] c.m.m.service.RouteBeautifierService     : Qualified spot: Lakeshore Park at 34.751323,-84.972966 distFromStart=140.3km source=NB
2026-09-21T11:09:19.249-04:00  INFO 36544 --- [http-nio-8080-exec-1] c.m.m.service.RouteBeautifierService     : Qualified spot: Al Rollins Park at 34.7456929,-84.9783411 distFromStart=140.3km source=NB
2026-09-21T11:09:19.250-04:00  INFO 36544 --- [http-nio-8080-exec-1] c.m.m.service.RouteBeautifierService     : Qualified spot: Whitfield County Court House at 34.772348,-84.9709743 distFromStart=140.3km source=NB
2026-09-21T11:09:19.250-04:00  INFO 36544 --- [http-nio-8080-exec-1] c.m.m.service.RouteBeautifierService     : Qualified spot: Johns Mountain Wildlife Management Area at 34.6409234,-85.0545197 distFromStart=140.3km source=NB
2026-09-21T11:09:19.251-04:00  INFO 36544 --- [http-nio-8080-exec-1] c.m.m.service.RouteBeautifierService     : Qualified spot: Harlan Godfrey Civitan Park at 34.7790386,-84.99637010000001 distFromStart=140.3km source=NB
2026-09-21T11:09:19.252-04:00  INFO 36544 --- [http-nio-8080-exec-1] c.m.m.service.RouteBeautifierService     : Qualified spot: Burr Performing Arts Park at 34.7711263,-84.9673251 distFromStart=140.3km source=NB
2026-09-21T11:09:19.252-04:00  INFO 36544 --- [http-nio-8080-exec-1] c.m.m.service.RouteBeautifierService     : Qualified spot: Brookwood Park at 34.7579485,-84.9818167 distFromStart=140.3km source=NB
2026-09-21T11:09:19.253-04:00  INFO 36544 --- [http-nio-8080-exec-1] c.m.m.service.RouteBeautifierService     : Qualified spot: Creative Arts Guild at 34.776434,-84.97696010000001 distFromStart=140.3km source=NB
2026-09-21T11:09:19.253-04:00  INFO 36544 --- [http-nio-8080-exec-1] c.m.m.service.RouteBeautifierService     : Qualified spot: Raisin Woods Mountain Bike Park at 34.805064,-84.9358975 distFromStart=140.3km source=NB
2026-09-21T11:09:19.254-04:00  INFO 36544 --- [http-nio-8080-exec-1] c.m.m.service.RouteBeautifierService     : Qualified spot: Dalton Freight Depot and Visitors Center at 34.769425999999996,-84.9670024 distFromStart=140.3km source=NB
2026-09-21T11:09:19.255-04:00  INFO 36544 --- [http-nio-8080-exec-1] c.m.m.service.RouteBeautifierService     : Qualified spot: Mount Rachel Baptist Church at 34.803217,-84.992063 distFromStart=140.3km source=NB
2026-09-21T11:09:19.255-04:00  INFO 36544 --- [http-nio-8080-exec-1] c.m.m.service.RouteBeautifierService     : Qualified spot: Pleasant Grove Park at 34.8303661,-84.9391084 distFromStart=140.3km source=NB
2026-09-21T11:09:19.256-04:00  INFO 36544 --- [http-nio-8080-exec-1] c.m.m.service.RouteBeautifierService     : Qualified spot: The Huff House at 34.7756951,-84.9691776 distFromStart=140.3km source=NB
2026-09-21T11:09:19.256-04:00  INFO 36544 --- [http-nio-8080-exec-1] c.m.m.service.RouteBeautifierService     : Qualified spot: Keown Falls Picnic Area and Trailhead at 34.6135295,-85.08833539999999 distFromStart=140.3km source=KW
2026-09-21T11:09:19.259-04:00  INFO 36544 --- [http-nio-8080-exec-1] c.m.m.c.GoogleApiProxyController         : MySQL cache hit: 1 spots near (34.906156,-85.077661)
2026-09-21T11:09:19.259-04:00  INFO 36544 --- [http-nio-8080-exec-1] c.m.m.c.GoogleApiProxyController         : MySQL cache miss — calling Google Places searchText near (34.906156,-85.077661) keyword=trailhead trail access hiking
2026-09-21T11:09:19.701-04:00  INFO 36544 --- [http-nio-8080-exec-1] c.m.m.c.GoogleApiProxyController         : Place types for Guild-Hardy Trailhead, Lookout Mountain Trails: [hiking_area, tourist_attraction, sports_activity_location, point_of_interest, establishment]
2026-09-21T11:09:19.702-04:00  INFO 36544 --- [http-nio-8080-exec-1] c.m.m.c.GoogleApiProxyController         : Mapped: Guild-Hardy Trailhead, Lookout Mountain Trails, Rating: 4.6, Reviews: 347, EntityType: hiking_area
2026-09-21T11:09:19.702-04:00  INFO 36544 --- [http-nio-8080-exec-1] c.m.m.c.GoogleApiProxyController         : Place types for Ochs Gateway Trailhead: [hiking_area, tourist_attraction, sports_activity_location, point_of_interest, establishment]
2026-09-21T11:09:19.702-04:00  INFO 36544 --- [http-nio-8080-exec-1] c.m.m.c.GoogleApiProxyController         : Mapped: Ochs Gateway Trailhead, Rating: 4.8, Reviews: 58, EntityType: hiking_area
2026-09-21T11:09:19.702-04:00  INFO 36544 --- [http-nio-8080-exec-1] c.m.m.c.GoogleApiProxyController         : Place types for Cohutta Wilderness Trailheads: [hiking_area, sports_activity_location, point_of_interest, establishment]
2026-09-21T11:09:19.702-04:00  INFO 36544 --- [http-nio-8080-exec-1] c.m.m.c.GoogleApiProxyController         : Mapped: Cohutta Wilderness Trailheads, Rating: 4.7, Reviews: 910, EntityType: hiking_area
2026-09-21T11:09:19.702-04:00  INFO 36544 --- [http-nio-8080-exec-1] c.m.m.c.GoogleApiProxyController         : Place types for Glen Falls Trailhead: [hiking_area, sports_activity_location, point_of_interest, establishment]
2026-09-21T11:09:19.702-04:00  INFO 36544 --- [http-nio-8080-exec-1] c.m.m.c.GoogleApiProxyController         : Mapped: Glen Falls Trailhead, Rating: 4.7, Reviews: 117, EntityType: hiking_area
2026-09-21T11:09:19.702-04:00  INFO 36544 --- [http-nio-8080-exec-1] c.m.m.c.GoogleApiProxyController         : Place types for Bay Point Loop Trailhead: [hiking_area, sports_activity_location, point_of_interest, establishment]
2026-09-21T11:09:19.702-04:00  INFO 36544 --- [http-nio-8080-exec-1] c.m.m.c.GoogleApiProxyController         : Mapped: Bay Point Loop Trailhead, Rating: 4.7, Reviews: 64, EntityType: hiking_area
2026-09-21T11:09:19.702-04:00  INFO 36544 --- [http-nio-8080-exec-1] c.m.m.c.GoogleApiProxyController         : Place types for Pinhoti Trail: [hiking_area, sports_activity_location, point_of_interest, establishment]
2026-09-21T11:09:19.702-04:00  INFO 36544 --- [http-nio-8080-exec-1] c.m.m.c.GoogleApiProxyController         : Mapped: Pinhoti Trail, Rating: 4.8, Reviews: 64, EntityType: hiking_area
2026-09-21T11:09:19.702-04:00  INFO 36544 --- [http-nio-8080-exec-1] c.m.m.c.GoogleApiProxyController         : Place types for The Sabbath Trail: [hiking_area, tourist_attraction, sports_activity_location, point_of_interest, establishment]
2026-09-21T11:09:19.702-04:00  INFO 36544 --- [http-nio-8080-exec-1] c.m.m.c.GoogleApiProxyController         : Mapped: The Sabbath Trail, Rating: 4.7, Reviews: 70, EntityType: hiking_area
2026-09-21T11:09:19.702-04:00  INFO 36544 --- [http-nio-8080-exec-1] c.m.m.c.GoogleApiProxyController         : Place types for Nickajack Trail Head: [hiking_area, sports_activity_location, point_of_interest, establishment]
2026-09-21T11:09:19.702-04:00  INFO 36544 --- [http-nio-8080-exec-1] c.m.m.c.GoogleApiProxyController         : Mapped: Nickajack Trail Head, Rating: 4.4, Reviews: 17, EntityType: hiking_area
2026-09-21T11:09:19.702-04:00  INFO 36544 --- [http-nio-8080-exec-1] c.m.m.c.GoogleApiProxyController         : Place types for Pocket Loop Trailhead: [hiking_area, campground, sports_activity_location, lodging, point_of_interest, establishment]
2026-09-21T11:09:19.702-04:00  INFO 36544 --- [http-nio-8080-exec-1] c.m.m.c.GoogleApiProxyController         : Mapped: Pocket Loop Trailhead, Rating: 4.7, Reviews: 130, EntityType: campground
2026-09-21T11:09:19.702-04:00  INFO 36544 --- [http-nio-8080-exec-1] c.m.m.c.GoogleApiProxyController         : Place types for Pinhoti Trail Trailhead Dennis Mill: [hiking_area, sports_activity_location, point_of_interest, establishment]
2026-09-21T11:09:19.702-04:00  INFO 36544 --- [http-nio-8080-exec-1] c.m.m.c.GoogleApiProxyController         : Mapped: Pinhoti Trail Trailhead Dennis Mill, Rating: 4.9, Reviews: 13, EntityType: hiking_area
2026-09-21T11:09:19.702-04:00  INFO 36544 --- [http-nio-8080-exec-1] c.m.m.c.GoogleApiProxyController         : Place types for Brainerd Levee Trailhead: [hiking_area, sports_activity_location, point_of_interest, establishment]
2026-09-21T11:09:19.702-04:00  INFO 36544 --- [http-nio-8080-exec-1] c.m.m.c.GoogleApiProxyController         : Mapped: Brainerd Levee Trailhead, Rating: 4.5, Reviews: 15, EntityType: hiking_area
2026-09-21T11:09:19.702-04:00  INFO 36544 --- [http-nio-8080-exec-1] c.m.m.c.GoogleApiProxyController         : Place types for Poe Run Path Trailhead: [hiking_area, sports_activity_location, point_of_interest, establishment]
2026-09-21T11:09:19.703-04:00  INFO 36544 --- [http-nio-8080-exec-1] c.m.m.c.GoogleApiProxyController         : Mapped: Poe Run Path Trailhead, Rating: 4.8, Reviews: 12, EntityType: hiking_area
2026-09-21T11:09:19.703-04:00  INFO 36544 --- [http-nio-8080-exec-1] c.m.m.c.GoogleApiProxyController         : Place types for Chattanooga Connector Trail: [hiking_area, sports_activity_location, point_of_interest, establishment]
2026-09-21T11:09:19.703-04:00  INFO 36544 --- [http-nio-8080-exec-1] c.m.m.c.GoogleApiProxyController         : Mapped: Chattanooga Connector Trail, Rating: 5.0, Reviews: 2, EntityType: hiking_area
2026-09-21T11:09:19.703-04:00  INFO 36544 --- [http-nio-8080-exec-1] c.m.m.c.GoogleApiProxyController         : Place types for Stringer's Ridge Trail Map: [hiking_area, sports_activity_location, point_of_interest, establishment]
2026-09-21T11:09:19.703-04:00  INFO 36544 --- [http-nio-8080-exec-1] c.m.m.c.GoogleApiProxyController         : Mapped: Stringer's Ridge Trail Map, Rating: 4.6, Reviews: 5, EntityType: hiking_area
2026-09-21T11:09:19.703-04:00  INFO 36544 --- [http-nio-8080-exec-1] c.m.m.c.GoogleApiProxyController         : Place types for Hickory Creek Trailhead: [hiking_area, sports_activity_location, point_of_interest, establishment]
2026-09-21T11:09:19.703-04:00  INFO 36544 --- [http-nio-8080-exec-1] c.m.m.c.GoogleApiProxyController         : Mapped: Hickory Creek Trailhead, Rating: 4.9, Reviews: 22, EntityType: hiking_area
2026-09-21T11:09:19.703-04:00  INFO 36544 --- [http-nio-8080-exec-1] c.m.m.c.GoogleApiProxyController         : Place types for Aetna Mountain Trails: [hiking_area, sports_activity_location, point_of_interest, establishment]
2026-09-21T11:09:19.703-04:00  INFO 36544 --- [http-nio-8080-exec-1] c.m.m.c.GoogleApiProxyController         : Mapped: Aetna Mountain Trails, Rating: 4.5, Reviews: 11, EntityType: hiking_area
2026-09-21T11:09:19.703-04:00  INFO 36544 --- [http-nio-8080-exec-1] c.m.m.c.GoogleApiProxyController         : Place types for Edward's Point Trailhead: [hiking_area, sports_activity_location, point_of_interest, establishment]
2026-09-21T11:09:19.703-04:00  INFO 36544 --- [http-nio-8080-exec-1] c.m.m.c.GoogleApiProxyController         : Mapped: Edward's Point Trailhead, Rating: 4.1, Reviews: 9, EntityType: hiking_area
2026-09-21T11:09:19.703-04:00  INFO 36544 --- [http-nio-8080-exec-1] c.m.m.c.GoogleApiProxyController         : Place types for Edward's Point Overlook: [hiking_area, sports_activity_location, point_of_interest, establishment]
2026-09-21T11:09:19.703-04:00  INFO 36544 --- [http-nio-8080-exec-1] c.m.m.c.GoogleApiProxyController         : Mapped: Edward's Point Overlook, Rating: 4.9, Reviews: 133, EntityType: hiking_area
2026-09-21T11:09:19.703-04:00  INFO 36544 --- [http-nio-8080-exec-1] c.m.m.c.GoogleApiProxyController         : Place types for Stringer's Ridge Spears Ave. Trailhead: [hiking_area, sports_activity_location, point_of_interest, establishment]
2026-09-21T11:09:19.703-04:00  INFO 36544 --- [http-nio-8080-exec-1] c.m.m.c.GoogleApiProxyController         : Mapped: Stringer's Ridge Spears Ave. Trailhead, Rating: 4.5, Reviews: 117, EntityType: hiking_area
2026-09-21T11:09:19.703-04:00  INFO 36544 --- [http-nio-8080-exec-1] c.m.m.c.GoogleApiProxyController         : Place types for Parking West Rim Loop Trail: [hiking_area, sports_activity_location, point_of_interest, establishment]
2026-09-21T11:09:19.703-04:00  INFO 36544 --- [http-nio-8080-exec-1] c.m.m.c.GoogleApiProxyController         : Mapped: Parking West Rim Loop Trail, Rating: 4.8, Reviews: 331, EntityType: hiking_area
2026-09-21T11:09:19.739-04:00  INFO 36544 --- [http-nio-8080-exec-1] c.m.m.service.PlacesCacheService         : Saved 20 spots to places_cache
2026-09-21T11:09:19.739-04:00  INFO 36544 --- [http-nio-8080-exec-1] c.m.m.c.GoogleApiProxyController         : Backfilled 20 keyword spots to MySQL cache
2026-09-21T11:09:19.742-04:00  INFO 36544 --- [http-nio-8080-exec-1] c.m.m.service.RouteBeautifierService     : Qualified spot: South Chickamauga Creek at 34.9143731,-85.1162009 distFromStart=169.1km source=NB
2026-09-21T11:09:19.751-04:00  INFO 36544 --- [http-nio-8080-exec-1] c.m.m.c.GoogleApiProxyController         : MySQL cache hit: 1 spots near (35.014967,-85.293582)
2026-09-21T11:09:19.754-04:00  INFO 36544 --- [http-nio-8080-exec-1] c.m.m.c.GoogleApiProxyController         : MySQL cache hit (keyword): 18 spots near (35.014967,-85.293582)
2026-09-21T11:09:19.759-04:00  INFO 36544 --- [http-nio-8080-exec-1] c.m.m.service.RouteBeautifierService     : Qualified spot: Creative Discovery Museum at 35.0527,-85.31228 distFromStart=184.5km source=NB
2026-09-21T11:09:19.764-04:00  INFO 36544 --- [http-nio-8080-exec-1] c.m.m.service.RouteBeautifierService     : Qualified spot: Glen Falls Trailhead at 34.9920556,-85.340846 distFromStart=184.5km source=KW
2026-09-21T11:09:19.767-04:00  INFO 36544 --- [http-nio-8080-exec-1] c.m.m.service.RouteBeautifierService     : Qualified spot: Julia Falls Overlook at 35.1216258,-85.3698287 distFromStart=184.5km source=KW
2026-09-21T11:09:19.769-04:00  INFO 36544 --- [http-nio-8080-exec-1] c.m.m.service.RouteBeautifierService     : Qualified spot: Rainbow Falls at 35.126989099999996,-85.365584 distFromStart=184.5km source=KW
2026-09-21T11:09:19.772-04:00  INFO 36544 --- [http-nio-8080-exec-1] c.m.m.c.GoogleApiProxyController         : MySQL cache hit: 1 spots near (35.021216,-85.35835)
2026-09-21T11:09:19.774-04:00  INFO 36544 --- [http-nio-8080-exec-1] c.m.m.c.GoogleApiProxyController         : MySQL cache hit (keyword): 10 spots near (35.021216,-85.35835)
2026-09-21T11:09:19.781-04:00  INFO 36544 --- [http-nio-8080-exec-1] c.m.m.c.GoogleApiProxyController         : MySQL cache hit: 3 spots near (35.106848,-85.639846)
2026-09-21T11:09:19.782-04:00  INFO 36544 --- [http-nio-8080-exec-1] c.m.m.c.GoogleApiProxyController         : MySQL cache miss — calling Google Places searchText near (35.106848,-85.639846) keyword=trailhead trail access hiking
2026-09-21T11:09:20.209-04:00  INFO 36544 --- [http-nio-8080-exec-1] c.m.m.c.GoogleApiProxyController         : Place types for Ochs Gateway Trailhead: [hiking_area, tourist_attraction, sports_activity_location, point_of_interest, establishment]
2026-09-21T11:09:20.209-04:00  INFO 36544 --- [http-nio-8080-exec-1] c.m.m.c.GoogleApiProxyController         : Mapped: Ochs Gateway Trailhead, Rating: 4.8, Reviews: 58, EntityType: hiking_area
2026-09-21T11:09:20.209-04:00  INFO 36544 --- [http-nio-8080-exec-1] c.m.m.c.GoogleApiProxyController         : Place types for Guild-Hardy Trailhead, Lookout Mountain Trails: [hiking_area, tourist_attraction, sports_activity_location, point_of_interest, establishment]
2026-09-21T11:09:20.209-04:00  INFO 36544 --- [http-nio-8080-exec-1] c.m.m.c.GoogleApiProxyController         : Mapped: Guild-Hardy Trailhead, Lookout Mountain Trails, Rating: 4.6, Reviews: 347, EntityType: hiking_area
2026-09-21T11:09:20.209-04:00  INFO 36544 --- [http-nio-8080-exec-1] c.m.m.c.GoogleApiProxyController         : Place types for Fiery Gizzard North Trailhead at Fiery Gizzard State Park: [hiking_area, sports_activity_location, point_of_interest, establishment]
2026-09-21T11:09:20.209-04:00  INFO 36544 --- [http-nio-8080-exec-1] c.m.m.c.GoogleApiProxyController         : Mapped: Fiery Gizzard North Trailhead at Fiery Gizzard State Park, Rating: 4.9, Reviews: 90, EntityType: hiking_area
2026-09-21T11:09:20.209-04:00  INFO 36544 --- [http-nio-8080-exec-1] c.m.m.c.GoogleApiProxyController         : Place types for Glen Falls Trailhead: [hiking_area, sports_activity_location, point_of_interest, establishment]
2026-09-21T11:09:20.210-04:00  INFO 36544 --- [http-nio-8080-exec-1] c.m.m.c.GoogleApiProxyController         : Mapped: Glen Falls Trailhead, Rating: 4.7, Reviews: 117, EntityType: hiking_area
2026-09-21T11:09:20.210-04:00  INFO 36544 --- [http-nio-8080-exec-1] c.m.m.c.GoogleApiProxyController         : Place types for Aetna Mountain Trails: [hiking_area, sports_activity_location, point_of_interest, establishment]
2026-09-21T11:09:20.210-04:00  INFO 36544 --- [http-nio-8080-exec-1] c.m.m.c.GoogleApiProxyController         : Mapped: Aetna Mountain Trails, Rating: 4.5, Reviews: 11, EntityType: hiking_area
2026-09-21T11:09:20.210-04:00  INFO 36544 --- [http-nio-8080-exec-1] c.m.m.c.GoogleApiProxyController         : Place types for Ritchie Hollow Trail: [hiking_area, tourist_attraction, sports_activity_location, point_of_interest, establishment]
2026-09-21T11:09:20.210-04:00  INFO 36544 --- [http-nio-8080-exec-1] c.m.m.c.GoogleApiProxyController         : Mapped: Ritchie Hollow Trail, Rating: 4.6, Reviews: 105, EntityType: hiking_area
2026-09-21T11:09:20.210-04:00  INFO 36544 --- [http-nio-8080-exec-1] c.m.m.c.GoogleApiProxyController         : Place types for Edward's Point Overlook: [hiking_area, sports_activity_location, point_of_interest, establishment]
2026-09-21T11:09:20.210-04:00  INFO 36544 --- [http-nio-8080-exec-1] c.m.m.c.GoogleApiProxyController         : Mapped: Edward's Point Overlook, Rating: 4.9, Reviews: 133, EntityType: hiking_area
2026-09-21T11:09:20.210-04:00  INFO 36544 --- [http-nio-8080-exec-1] c.m.m.c.GoogleApiProxyController         : Place types for Stringer's Ridge Trail Map: [hiking_area, sports_activity_location, point_of_interest, establishment]
2026-09-21T11:09:20.210-04:00  INFO 36544 --- [http-nio-8080-exec-1] c.m.m.c.GoogleApiProxyController         : Mapped: Stringer's Ridge Trail Map, Rating: 4.6, Reviews: 5, EntityType: hiking_area
2026-09-21T11:09:20.210-04:00  INFO 36544 --- [http-nio-8080-exec-1] c.m.m.c.GoogleApiProxyController         : Place types for Edward's Point Trailhead: [hiking_area, sports_activity_location, point_of_interest, establishment]
2026-09-21T11:09:20.210-04:00  INFO 36544 --- [http-nio-8080-exec-1] c.m.m.c.GoogleApiProxyController         : Mapped: Edward's Point Trailhead, Rating: 4.1, Reviews: 9, EntityType: hiking_area
2026-09-21T11:09:20.210-04:00  INFO 36544 --- [http-nio-8080-exec-1] c.m.m.c.GoogleApiProxyController         : Place types for Godsey Ridge Trail (Trailhead): [hiking_area, sports_activity_location, point_of_interest, establishment]
2026-09-21T11:09:20.210-04:00  INFO 36544 --- [http-nio-8080-exec-1] c.m.m.c.GoogleApiProxyController         : Mapped: Godsey Ridge Trail (Trailhead), Rating: 4.4, Reviews: 7, EntityType: hiking_area
2026-09-21T11:09:20.210-04:00  INFO 36544 --- [http-nio-8080-exec-1] c.m.m.c.GoogleApiProxyController         : Place types for Mabbitt Spring Trailhead: [hiking_area, sports_activity_location, point_of_interest, establishment]
2026-09-21T11:09:20.210-04:00  INFO 36544 --- [http-nio-8080-exec-1] c.m.m.c.GoogleApiProxyController         : Mapped: Mabbitt Spring Trailhead, Rating: 4.3, Reviews: 23, EntityType: hiking_area
2026-09-21T11:09:20.210-04:00  INFO 36544 --- [http-nio-8080-exec-1] c.m.m.c.GoogleApiProxyController         : Place types for Nickajack Trail Head: [hiking_area, sports_activity_location, point_of_interest, establishment]
2026-09-21T11:09:20.210-04:00  INFO 36544 --- [http-nio-8080-exec-1] c.m.m.c.GoogleApiProxyController         : Mapped: Nickajack Trail Head, Rating: 4.4, Reviews: 17, EntityType: hiking_area
2026-09-21T11:09:20.210-04:00  INFO 36544 --- [http-nio-8080-exec-1] c.m.m.c.GoogleApiProxyController         : Place types for Chattanooga Connector Trail: [hiking_area, sports_activity_location, point_of_interest, establishment]
2026-09-21T11:09:20.210-04:00  INFO 36544 --- [http-nio-8080-exec-1] c.m.m.c.GoogleApiProxyController         : Mapped: Chattanooga Connector Trail, Rating: 5.0, Reviews: 2, EntityType: hiking_area
2026-09-21T11:09:20.210-04:00  INFO 36544 --- [http-nio-8080-exec-1] c.m.m.c.GoogleApiProxyController         : Place types for Pot Point Nature Trail: [hiking_area, tourist_attraction, sports_activity_location, point_of_interest, establishment]
2026-09-21T11:09:20.210-04:00  INFO 36544 --- [http-nio-8080-exec-1] c.m.m.c.GoogleApiProxyController         : Mapped: Pot Point Nature Trail, Rating: 4.3, Reviews: 37, EntityType: hiking_area
2026-09-21T11:09:20.210-04:00  INFO 36544 --- [http-nio-8080-exec-1] c.m.m.c.GoogleApiProxyController         : Place types for Bay Point Loop Trailhead: [hiking_area, sports_activity_location, point_of_interest, establishment]
2026-09-21T11:09:20.210-04:00  INFO 36544 --- [http-nio-8080-exec-1] c.m.m.c.GoogleApiProxyController         : Mapped: Bay Point Loop Trailhead, Rating: 4.7, Reviews: 64, EntityType: hiking_area
2026-09-21T11:09:20.210-04:00  INFO 36544 --- [http-nio-8080-exec-1] c.m.m.c.GoogleApiProxyController         : Place types for Mushroom Rock trailhead: [hiking_area, historical_landmark, tourist_attraction, historical_place, sports_activity_location, point_of_interest, establishment]
2026-09-21T11:09:20.211-04:00  INFO 36544 --- [http-nio-8080-exec-1] c.m.m.c.GoogleApiProxyController         : Mapped: Mushroom Rock trailhead, Rating: 4.7, Reviews: 64, EntityType: hiking_area
2026-09-21T11:09:20.211-04:00  INFO 36544 --- [http-nio-8080-exec-1] c.m.m.c.GoogleApiProxyController         : Place types for Julia Falls Overlook: [hiking_area, tourist_attraction, sports_activity_location, point_of_interest, establishment]
2026-09-21T11:09:20.211-04:00  INFO 36544 --- [http-nio-8080-exec-1] c.m.m.c.GoogleApiProxyController         : Mapped: Julia Falls Overlook, Rating: 4.7, Reviews: 192, EntityType: hiking_area
2026-09-21T11:09:20.211-04:00  INFO 36544 --- [http-nio-8080-exec-1] c.m.m.c.GoogleApiProxyController         : Place types for Lost Creek Trailhead - Scott's Gulf Wilderness State Park: [hiking_area, sports_activity_location, point_of_interest, establishment]
2026-09-21T11:09:20.211-04:00  INFO 36544 --- [http-nio-8080-exec-1] c.m.m.c.GoogleApiProxyController         : Mapped: Lost Creek Trailhead - Scott's Gulf Wilderness State Park, Rating: 4.8, Reviews: 376, EntityType: hiking_area
2026-09-21T11:09:20.211-04:00  INFO 36544 --- [http-nio-8080-exec-1] c.m.m.c.GoogleApiProxyController         : Place types for Mountain Outfitters Trailhead to Sewanee: [hiking_area, sports_activity_location, point_of_interest, establishment]
2026-09-21T11:09:20.211-04:00  INFO 36544 --- [http-nio-8080-exec-1] c.m.m.c.GoogleApiProxyController         : Mapped: Mountain Outfitters Trailhead to Sewanee, Rating: 5.0, Reviews: 2, EntityType: hiking_area
2026-09-21T11:09:20.211-04:00  INFO 36544 --- [http-nio-8080-exec-1] c.m.m.c.GoogleApiProxyController         : Place types for Sitton's Gulch Trailhead: [hiking_area, tourist_attraction, sports_activity_location, point_of_interest, establishment]
2026-09-21T11:09:20.211-04:00  INFO 36544 --- [http-nio-8080-exec-1] c.m.m.c.GoogleApiProxyController         : Mapped: Sitton's Gulch Trailhead, Rating: 4.8, Reviews: 208, EntityType: hiking_area
2026-09-21T11:09:20.242-04:00  INFO 36544 --- [http-nio-8080-exec-1] c.m.m.service.PlacesCacheService         : Saved 20 spots to places_cache
2026-09-21T11:09:20.243-04:00  INFO 36544 --- [http-nio-8080-exec-1] c.m.m.c.GoogleApiProxyController         : Backfilled 20 keyword spots to MySQL cache
2026-09-21T11:09:20.248-04:00  INFO 36544 --- [http-nio-8080-exec-1] c.m.m.service.RouteBeautifierService     : Qualified spot: Denny Cove at South Cumberland State Park at 35.1625764,-85.6712151 distFromStart=232.7km source=NB
2026-09-21T11:09:20.249-04:00  INFO 36544 --- [http-nio-8080-exec-1] c.m.m.service.RouteBeautifierService     : Qualified spot: Foster Falls Recreation Area at 35.1825019,-85.6715369 distFromStart=232.7km source=NB
2026-09-21T11:09:20.255-04:00  INFO 36544 --- [http-nio-8080-exec-1] c.m.m.c.GoogleApiProxyController         : MySQL cache miss — calling Google Places API near (35.269573,-85.857151)
2026-09-21T11:09:20.589-04:00  INFO 36544 --- [http-nio-8080-exec-1] c.m.m.c.GoogleApiProxyController         : Place types for The Caverns: [concert_hall, tourist_attraction, auditorium, live_music_venue, event_venue, point_of_interest, establishment]
2026-09-21T11:09:20.590-04:00  INFO 36544 --- [http-nio-8080-exec-1] c.m.m.c.GoogleApiProxyController         : Mapped: The Caverns, Rating: 4.8, Reviews: 3743, EntityType: tourist_attraction
2026-09-21T11:09:20.590-04:00  INFO 36544 --- [http-nio-8080-exec-1] c.m.m.c.GoogleApiProxyController         : Place types for Fiery Gizzard State Park: [state_park, park, point_of_interest, establishment]
2026-09-21T11:09:20.590-04:00  INFO 36544 --- [http-nio-8080-exec-1] c.m.m.c.GoogleApiProxyController         : Mapped: Fiery Gizzard State Park, Rating: 4.7, Reviews: 439, EntityType: state_park
2026-09-21T11:09:20.590-04:00  INFO 36544 --- [http-nio-8080-exec-1] c.m.m.c.GoogleApiProxyController         : Place types for Natural Bridge State Natural Area & Trailhead - Head of the Crow State Park: [nature_preserve, tourist_attraction, park, point_of_interest, establishment]
2026-09-21T11:09:20.590-04:00  INFO 36544 --- [http-nio-8080-exec-1] c.m.m.c.GoogleApiProxyController         : Mapped: Natural Bridge State Natural Area & Trailhead - Head of the Crow State Park, Rating: 4.8, Reviews: 482, EntityType: tourist_attraction
2026-09-21T11:09:20.590-04:00  INFO 36544 --- [http-nio-8080-exec-1] c.m.m.c.GoogleApiProxyController         : Place types for Grundy Forest State Natural Area at South Cumberland State Park: [state_park, tourist_attraction, park, point_of_interest, establishment]
2026-09-21T11:09:20.590-04:00  INFO 36544 --- [http-nio-8080-exec-1] c.m.m.c.GoogleApiProxyController         : Mapped: Grundy Forest State Natural Area at South Cumberland State Park, Rating: 4.8, Reviews: 668, EntityType: state_park
2026-09-21T11:09:20.590-04:00  INFO 36544 --- [http-nio-8080-exec-1] c.m.m.c.GoogleApiProxyController         : Place types for The Cross: [scenic_spot, tourist_attraction, point_of_interest, establishment]
2026-09-21T11:09:20.590-04:00  INFO 36544 --- [http-nio-8080-exec-1] c.m.m.c.GoogleApiProxyController         : Mapped: The Cross, Rating: 4.9, Reviews: 509, EntityType: tourist_attraction
2026-09-21T11:09:20.591-04:00  INFO 36544 --- [http-nio-8080-exec-1] c.m.m.c.GoogleApiProxyController         : Place types for Sycamore Falls: [tourist_attraction, point_of_interest, establishment]
2026-09-21T11:09:20.591-04:00  INFO 36544 --- [http-nio-8080-exec-1] c.m.m.c.GoogleApiProxyController         : Mapped: Sycamore Falls, Rating: 4.8, Reviews: 76, EntityType: tourist_attraction
2026-09-21T11:09:20.591-04:00  INFO 36544 --- [http-nio-8080-exec-1] c.m.m.c.GoogleApiProxyController         : Place types for Head of the Crow State Park - Visitor Center: [state_park, park, point_of_interest, establishment]
2026-09-21T11:09:20.591-04:00  INFO 36544 --- [http-nio-8080-exec-1] c.m.m.c.GoogleApiProxyController         : Mapped: Head of the Crow State Park - Visitor Center, Rating: 5.0, Reviews: 16, EntityType: state_park
2026-09-21T11:09:20.591-04:00  INFO 36544 --- [http-nio-8080-exec-1] c.m.m.c.GoogleApiProxyController         : Place types for Bigfoot Adventure TN Campground & Zipline: [rv_park, nature_preserve, tourist_attraction, hiking_area, adventure_sports_center, fishing_pond, wedding_venue, event_venue, sports_complex, campground, sports_activity_location, park, lodging, point_of_interest, service, establishment]
2026-09-21T11:09:20.591-04:00  INFO 36544 --- [http-nio-8080-exec-1] c.m.m.c.GoogleApiProxyController         : Mapped: Bigfoot Adventure TN Campground & Zipline, Rating: 4.7, Reviews: 126, EntityType: campground
2026-09-21T11:09:20.591-04:00  INFO 36544 --- [http-nio-8080-exec-1] c.m.m.c.GoogleApiProxyController         : Place types for Fiery Gizzard Recreation Area: [state_park, hiking_area, sports_activity_location, park, point_of_interest, establishment]
2026-09-21T11:09:20.591-04:00  INFO 36544 --- [http-nio-8080-exec-1] c.m.m.c.GoogleApiProxyController         : Mapped: Fiery Gizzard Recreation Area, Rating: 4.8, Reviews: 252, EntityType: state_park
2026-09-21T11:09:20.591-04:00  INFO 36544 --- [http-nio-8080-exec-1] c.m.m.c.GoogleApiProxyController         : Place types for Grundy Lakes at South Cumberland State Park: [park, tourist_attraction, point_of_interest, establishment]
2026-09-21T11:09:20.591-04:00  INFO 36544 --- [http-nio-8080-exec-1] c.m.m.c.GoogleApiProxyController         : Mapped: Grundy Lakes at South Cumberland State Park, Rating: 4.6, Reviews: 283, EntityType: tourist_attraction
2026-09-21T11:09:20.591-04:00  INFO 36544 --- [http-nio-8080-exec-1] c.m.m.c.GoogleApiProxyController         : Place types for Green's View: [scenic_spot, tourist_attraction, point_of_interest, establishment]
2026-09-21T11:09:20.591-04:00  INFO 36544 --- [http-nio-8080-exec-1] c.m.m.c.GoogleApiProxyController         : Mapped: Green's View, Rating: 4.9, Reviews: 168, EntityType: tourist_attraction
2026-09-21T11:09:20.591-04:00  INFO 36544 --- [http-nio-8080-exec-1] c.m.m.c.GoogleApiProxyController         : Place types for Sam H. Werner Military Museum: [museum, tourist_attraction, point_of_interest, establishment]
2026-09-21T11:09:20.591-04:00  INFO 36544 --- [http-nio-8080-exec-1] c.m.m.c.GoogleApiProxyController         : Mapped: Sam H. Werner Military Museum, Rating: 4.9, Reviews: 76, EntityType: museum
2026-09-21T11:09:20.591-04:00  INFO 36544 --- [http-nio-8080-exec-1] c.m.m.c.GoogleApiProxyController         : Place types for Mountain Goat Trail: [hiking_area, tourist_attraction, sports_activity_location, point_of_interest, establishment]
2026-09-21T11:09:20.591-04:00  INFO 36544 --- [http-nio-8080-exec-1] c.m.m.c.GoogleApiProxyController         : Mapped: Mountain Goat Trail, Rating: 4.7, Reviews: 90, EntityType: hiking_area
2026-09-21T11:09:20.591-04:00  INFO 36544 --- [http-nio-8080-exec-1] c.m.m.c.GoogleApiProxyController         : Place types for Baggenstoss Farms RV Park & Campground: [rv_park, tourist_attraction, hiking_area, off_roading_area, event_venue, athletic_field, campground, sports_activity_location, park, lodging, point_of_interest, service, establishment]
2026-09-21T11:09:20.591-04:00  INFO 36544 --- [http-nio-8080-exec-1] c.m.m.c.GoogleApiProxyController         : Mapped: Baggenstoss Farms RV Park & Campground, Rating: 4.9, Reviews: 112, EntityType: campground
2026-09-21T11:09:20.591-04:00  INFO 36544 --- [http-nio-8080-exec-1] c.m.m.c.GoogleApiProxyController         : Place types for Scott Creek Stone Arch Bridge: [historical_landmark, historical_place, point_of_interest, establishment]
2026-09-21T11:09:20.591-04:00  INFO 36544 --- [http-nio-8080-exec-1] c.m.m.c.GoogleApiProxyController         : Mapped: Scott Creek Stone Arch Bridge, Rating: 2.8, Reviews: 4, EntityType: historical_landmark
2026-09-21T11:09:20.591-04:00  INFO 36544 --- [http-nio-8080-exec-1] c.m.m.c.GoogleApiProxyController         : Place types for Highlander Folk School Library - Historic Civil Rights Monument: [historical_landmark, historical_place, point_of_interest, establishment]
2026-09-21T11:09:20.591-04:00  INFO 36544 --- [http-nio-8080-exec-1] c.m.m.c.GoogleApiProxyController         : Mapped: Highlander Folk School Library - Historic Civil Rights Monument, Rating: 3.7, Reviews: 11, EntityType: historical_landmark
2026-09-21T11:09:20.591-04:00  INFO 36544 --- [http-nio-8080-exec-1] c.m.m.c.GoogleApiProxyController         : Place types for Dog Hole Coal Mine: [historical_landmark, historical_place, point_of_interest, establishment]
2026-09-21T11:09:20.591-04:00  INFO 36544 --- [http-nio-8080-exec-1] c.m.m.c.GoogleApiProxyController         : Mapped: Dog Hole Coal Mine, Rating: 5.0, Reviews: 5, EntityType: historical_landmark
2026-09-21T11:09:20.591-04:00  INFO 36544 --- [http-nio-8080-exec-1] c.m.m.c.GoogleApiProxyController         : Place types for Grundy County Historical Society Heritage Center: [history_museum, library, museum, association_or_organization, point_of_interest, service, establishment]
2026-09-21T11:09:20.592-04:00  INFO 36544 --- [http-nio-8080-exec-1] c.m.m.c.GoogleApiProxyController         : Mapped: Grundy County Historical Society Heritage Center, Rating: 5.0, Reviews: 8, EntityType: history_museum
2026-09-21T11:09:20.592-04:00  INFO 36544 --- [http-nio-8080-exec-1] c.m.m.c.GoogleApiProxyController         : Place types for Rebel’s Rest: [historical_landmark, historical_place, point_of_interest, establishment]
2026-09-21T11:09:20.593-04:00  INFO 36544 --- [http-nio-8080-exec-1] c.m.m.c.GoogleApiProxyController         : Mapped: Rebel’s Rest, Rating: 0.0, Reviews: 0, EntityType: historical_landmark
2026-09-21T11:09:20.593-04:00  INFO 36544 --- [http-nio-8080-exec-1] c.m.m.c.GoogleApiProxyController         : Place types for University Art Gallery: [art_gallery, museum, point_of_interest, establishment]
2026-09-21T11:09:20.593-04:00  INFO 36544 --- [http-nio-8080-exec-1] c.m.m.c.GoogleApiProxyController         : Mapped: University Art Gallery, Rating: 0.0, Reviews: 0, EntityType: museum
2026-09-21T11:09:20.628-04:00  INFO 36544 --- [http-nio-8080-exec-1] c.m.m.service.PlacesCacheService         : Saved 20 spots to places_cache
2026-09-21T11:09:20.628-04:00  INFO 36544 --- [http-nio-8080-exec-1] c.m.m.c.GoogleApiProxyController         : Backfilled 20 spots to MySQL cache
2026-09-21T11:09:20.635-04:00  INFO 36544 --- [http-nio-8080-exec-1] c.m.m.c.GoogleApiProxyController         : MySQL cache hit (keyword): 3 spots near (35.269573,-85.857151)
2026-09-21T11:09:20.639-04:00  INFO 36544 --- [http-nio-8080-exec-1] c.m.m.service.RouteBeautifierService     : Qualified spot: The Caverns at 35.3316993,-85.82497389999999 distFromStart=275.2km source=NB
2026-09-21T11:09:20.640-04:00  INFO 36544 --- [http-nio-8080-exec-1] c.m.m.service.RouteBeautifierService     : Qualified spot: Fiery Gizzard State Park at 35.2576914,-85.7889257 distFromStart=275.2km source=NB
2026-09-21T11:09:20.642-04:00  INFO 36544 --- [http-nio-8080-exec-1] c.m.m.service.RouteBeautifierService     : Qualified spot: Natural Bridge State Natural Area & Trailhead - Head of the Crow State Park at 35.1539347,-85.9227085 distFromStart=275.2km source=NB
2026-09-21T11:09:20.644-04:00  INFO 36544 --- [http-nio-8080-exec-1] c.m.m.service.RouteBeautifierService     : Qualified spot: Grundy Forest State Natural Area at South Cumberland State Park at 35.251869,-85.74749640000002 distFromStart=275.2km source=NB
2026-09-21T11:09:20.648-04:00  INFO 36544 --- [http-nio-8080-exec-1] c.m.m.service.RouteBeautifierService     : Qualified spot: The Cross at 35.192023400000004,-85.9372728 distFromStart=275.2km source=NB
2026-09-21T11:09:20.651-04:00  INFO 36544 --- [http-nio-8080-exec-1] c.m.m.service.RouteBeautifierService     : Qualified spot: Sycamore Falls at 35.2472543,-85.7549063 distFromStart=275.2km source=NB
2026-09-21T11:09:20.653-04:00  INFO 36544 --- [http-nio-8080-exec-1] c.m.m.service.RouteBeautifierService     : Qualified spot: Head of the Crow State Park - Visitor Center at 35.194649399999996,-85.9169374 distFromStart=275.2km source=NB
2026-09-21T11:09:20.655-04:00  INFO 36544 --- [http-nio-8080-exec-1] c.m.m.service.RouteBeautifierService     : Qualified spot: Bigfoot Adventure TN Campground & Zipline at 35.3033015,-85.77091279999999 distFromStart=275.2km source=NB
2026-09-21T11:09:20.657-04:00  INFO 36544 --- [http-nio-8080-exec-1] c.m.m.service.RouteBeautifierService     : Qualified spot: Fiery Gizzard Recreation Area at 35.252314399999996,-85.7476794 distFromStart=275.2km source=NB
2026-09-21T11:09:20.659-04:00  INFO 36544 --- [http-nio-8080-exec-1] c.m.m.service.RouteBeautifierService     : Qualified spot: Grundy Lakes at South Cumberland State Park at 35.2696677,-85.7166582 distFromStart=275.2km source=NB
2026-09-21T11:09:20.661-04:00  INFO 36544 --- [http-nio-8080-exec-1] c.m.m.service.RouteBeautifierService     : Qualified spot: Green's View at 35.217645999999995,-85.918681 distFromStart=275.2km source=NB
2026-09-21T11:09:20.662-04:00  INFO 36544 --- [http-nio-8080-exec-1] c.m.m.service.RouteBeautifierService     : Qualified spot: Sam H. Werner Military Museum at 35.2249571,-85.86675770000001 distFromStart=275.2km source=NB
2026-09-21T11:09:20.664-04:00  INFO 36544 --- [http-nio-8080-exec-1] c.m.m.service.RouteBeautifierService     : Qualified spot: Baggenstoss Farms RV Park & Campground at 35.303280099999995,-85.7708188 distFromStart=275.2km source=NB
2026-09-21T11:09:20.665-04:00  INFO 36544 --- [http-nio-8080-exec-1] c.m.m.service.RouteBeautifierService     : Qualified spot: Grundy County Historical Society Heritage Center at 35.2607035,-85.73675480000001 distFromStart=275.2km source=NB
2026-09-21T11:09:20.669-04:00  INFO 36544 --- [http-nio-8080-exec-1] c.m.m.c.GoogleApiProxyController         : MySQL cache hit: 4 spots near (35.487724,-86.09196)
2026-09-21T11:09:20.671-04:00  INFO 36544 --- [http-nio-8080-exec-1] c.m.m.c.GoogleApiProxyController         : MySQL cache hit (keyword): 3 spots near (35.487724,-86.09196)
2026-09-21T11:09:20.673-04:00  INFO 36544 --- [http-nio-8080-exec-1] c.m.m.service.RouteBeautifierService     : Qualified spot: Busby Falls at 35.4096998,-86.1783677 distFromStart=308.7km source=NB
2026-09-21T11:09:20.674-04:00  INFO 36544 --- [http-nio-8080-exec-1] c.m.m.service.RouteBeautifierService     : Qualified spot: Old Stone Fort State Archaeological Park at 35.4862509,-86.10269439999999 distFromStart=308.7km source=NB
2026-09-21T11:09:20.675-04:00  INFO 36544 --- [http-nio-8080-exec-1] c.m.m.service.RouteBeautifierService     : Qualified spot: Old Stone Fort Museum & Visitor Center at 35.486812,-86.1017676 distFromStart=308.7km source=NB
2026-09-21T11:09:20.677-04:00  INFO 36544 --- [http-nio-8080-exec-1] c.m.m.c.GoogleApiProxyController         : MySQL cache miss — calling Google Places API near (35.728183,-86.314969)
2026-09-21T11:09:20.822-04:00  INFO 36544 --- [http-nio-8080-exec-1] c.m.m.c.GoogleApiProxyController         : No scenic spots found near (35.728183,-86.314969)
2026-09-21T11:09:20.826-04:00  INFO 36544 --- [http-nio-8080-exec-1] c.m.m.c.GoogleApiProxyController         : MySQL cache hit (keyword): 2 spots near (35.728183,-86.314969)
2026-09-21T11:09:20.833-04:00  INFO 36544 --- [http-nio-8080-exec-1] c.m.m.c.GoogleApiProxyController         : MySQL cache hit: 1 spots near (35.845604,-86.55379)
2026-09-21T11:09:20.836-04:00  INFO 36544 --- [http-nio-8080-exec-1] c.m.m.c.GoogleApiProxyController         : MySQL cache miss — calling Google Places searchText near (35.845604,-86.55379) keyword=trailhead trail access hiking
2026-09-21T11:09:21.155-04:00  INFO 36544 --- [http-nio-8080-exec-1] c.m.m.c.GoogleApiProxyController         : Place types for Thompson Lane Trailhead: [hiking_area, tourist_attraction, sports_activity_location, point_of_interest, establishment]
2026-09-21T11:09:21.156-04:00  INFO 36544 --- [http-nio-8080-exec-1] c.m.m.c.GoogleApiProxyController         : Mapped: Thompson Lane Trailhead, Rating: 4.8, Reviews: 395, EntityType: hiking_area
2026-09-21T11:09:21.156-04:00  INFO 36544 --- [http-nio-8080-exec-1] c.m.m.c.GoogleApiProxyController         : Place types for Overall Street Trailhead: [hiking_area, sports_activity_location, point_of_interest, establishment]
2026-09-21T11:09:21.156-04:00  INFO 36544 --- [http-nio-8080-exec-1] c.m.m.c.GoogleApiProxyController         : Mapped: Overall Street Trailhead, Rating: 4.7, Reviews: 116, EntityType: hiking_area
2026-09-21T11:09:21.156-04:00  INFO 36544 --- [http-nio-8080-exec-1] c.m.m.c.GoogleApiProxyController         : Place types for Southridge Blvd Trailhead: [hiking_area, sports_activity_location, point_of_interest, establishment]
2026-09-21T11:09:21.156-04:00  INFO 36544 --- [http-nio-8080-exec-1] c.m.m.c.GoogleApiProxyController         : Mapped: Southridge Blvd Trailhead, Rating: 4.8, Reviews: 32, EntityType: hiking_area
2026-09-21T11:09:21.156-04:00  INFO 36544 --- [http-nio-8080-exec-1] c.m.m.c.GoogleApiProxyController         : Place types for Searcy Trailhead: [hiking_area, tourist_attraction, sports_activity_location, point_of_interest, establishment]
2026-09-21T11:09:21.156-04:00  INFO 36544 --- [http-nio-8080-exec-1] c.m.m.c.GoogleApiProxyController         : Mapped: Searcy Trailhead, Rating: 4.6, Reviews: 668, EntityType: hiking_area
2026-09-21T11:09:21.156-04:00  INFO 36544 --- [http-nio-8080-exec-1] c.m.m.c.GoogleApiProxyController         : Place types for Broad Street Trailhead: [hiking_area, sports_activity_location, point_of_interest, establishment]
2026-09-21T11:09:21.156-04:00  INFO 36544 --- [http-nio-8080-exec-1] c.m.m.c.GoogleApiProxyController         : Mapped: Broad Street Trailhead, Rating: 4.6, Reviews: 44, EntityType: hiking_area
2026-09-21T11:09:21.156-04:00  INFO 36544 --- [http-nio-8080-exec-1] c.m.m.c.GoogleApiProxyController         : Place types for Old Fort Park Trailhead, Murfreesboro Greenway System: [hiking_area, sports_activity_location, point_of_interest, establishment]
2026-09-21T11:09:21.156-04:00  INFO 36544 --- [http-nio-8080-exec-1] c.m.m.c.GoogleApiProxyController         : Mapped: Old Fort Park Trailhead, Murfreesboro Greenway System, Rating: 4.9, Reviews: 35, EntityType: hiking_area
2026-09-21T11:09:21.156-04:00  INFO 36544 --- [http-nio-8080-exec-1] c.m.m.c.GoogleApiProxyController         : Place types for General Bragg Trailhead: [hiking_area, tourist_attraction, sports_activity_location, point_of_interest, establishment]
2026-09-21T11:09:21.156-04:00  INFO 36544 --- [http-nio-8080-exec-1] c.m.m.c.GoogleApiProxyController         : Mapped: General Bragg Trailhead, Rating: 4.7, Reviews: 355, EntityType: hiking_area
2026-09-21T11:09:21.156-04:00  INFO 36544 --- [http-nio-8080-exec-1] c.m.m.c.GoogleApiProxyController         : Place types for Central Valley Trailhead: [hiking_area, sports_activity_location, point_of_interest, establishment]
2026-09-21T11:09:21.157-04:00  INFO 36544 --- [http-nio-8080-exec-1] c.m.m.c.GoogleApiProxyController         : Mapped: Central Valley Trailhead, Rating: 4.5, Reviews: 90, EntityType: hiking_area
2026-09-21T11:09:21.157-04:00  INFO 36544 --- [http-nio-8080-exec-1] c.m.m.c.GoogleApiProxyController         : Place types for Greenway Trailhead: [hiking_area, sports_activity_location, point_of_interest, establishment]
2026-09-21T11:09:21.157-04:00  INFO 36544 --- [http-nio-8080-exec-1] c.m.m.c.GoogleApiProxyController         : Mapped: Greenway Trailhead, Rating: 4.9, Reviews: 15, EntityType: hiking_area
2026-09-21T11:09:21.157-04:00  INFO 36544 --- [http-nio-8080-exec-1] c.m.m.c.GoogleApiProxyController         : Place types for Barfield Road Trailhead: [hiking_area, sports_activity_location, point_of_interest, establishment]
2026-09-21T11:09:21.157-04:00  INFO 36544 --- [http-nio-8080-exec-1] c.m.m.c.GoogleApiProxyController         : Mapped: Barfield Road Trailhead, Rating: 4.6, Reviews: 8, EntityType: hiking_area
2026-09-21T11:09:21.157-04:00  INFO 36544 --- [http-nio-8080-exec-1] c.m.m.c.GoogleApiProxyController         : Place types for Kohl's Greenway Trailhead: [hiking_area, sports_activity_location, point_of_interest, establishment]
2026-09-21T11:09:21.157-04:00  INFO 36544 --- [http-nio-8080-exec-1] c.m.m.c.GoogleApiProxyController         : Mapped: Kohl's Greenway Trailhead, Rating: 4.8, Reviews: 307, EntityType: hiking_area
2026-09-21T11:09:21.157-04:00  INFO 36544 --- [http-nio-8080-exec-1] c.m.m.c.GoogleApiProxyController         : Place types for Mill Creek Greenway - Old Hickory Trailhead: [hiking_area, sports_activity_location, point_of_interest, establishment]
2026-09-21T11:09:21.157-04:00  INFO 36544 --- [http-nio-8080-exec-1] c.m.m.c.GoogleApiProxyController         : Mapped: Mill Creek Greenway - Old Hickory Trailhead, Rating: 4.5, Reviews: 40, EntityType: hiking_area
2026-09-21T11:09:21.157-04:00  INFO 36544 --- [http-nio-8080-exec-1] c.m.m.c.GoogleApiProxyController         : Place types for Cannonsburgh Trailhead: [hiking_area, sports_activity_location, point_of_interest, establishment]
2026-09-21T11:09:21.157-04:00  INFO 36544 --- [http-nio-8080-exec-1] c.m.m.c.GoogleApiProxyController         : Mapped: Cannonsburgh Trailhead, Rating: 4.4, Reviews: 81, EntityType: hiking_area
2026-09-21T11:09:21.157-04:00  INFO 36544 --- [http-nio-8080-exec-1] c.m.m.c.GoogleApiProxyController         : Place types for Mill Creek Park & Greenway: [hiking_area, sports_activity_location, point_of_interest, establishment]
2026-09-21T11:09:21.157-04:00  INFO 36544 --- [http-nio-8080-exec-1] c.m.m.c.GoogleApiProxyController         : Mapped: Mill Creek Park & Greenway, Rating: 4.5, Reviews: 150, EntityType: hiking_area
2026-09-21T11:09:21.157-04:00  INFO 36544 --- [http-nio-8080-exec-1] c.m.m.c.GoogleApiProxyController         : Place types for Bryant Grove Trailhead: [hiking_area, sports_activity_location, point_of_interest, establishment]
2026-09-21T11:09:21.157-04:00  INFO 36544 --- [http-nio-8080-exec-1] c.m.m.c.GoogleApiProxyController         : Mapped: Bryant Grove Trailhead, Rating: 4.7, Reviews: 201, EntityType: hiking_area
2026-09-21T11:09:21.157-04:00  INFO 36544 --- [http-nio-8080-exec-1] c.m.m.c.GoogleApiProxyController         : Place types for willhoite mill trailhead: [hiking_area, sports_activity_location, point_of_interest, establishment]
2026-09-21T11:09:21.157-04:00  INFO 36544 --- [http-nio-8080-exec-1] c.m.m.c.GoogleApiProxyController         : Mapped: willhoite mill trailhead, Rating: 4.8, Reviews: 25, EntityType: hiking_area
2026-09-21T11:09:21.157-04:00  INFO 36544 --- [http-nio-8080-exec-1] c.m.m.c.GoogleApiProxyController         : Place types for Cedar Creek GreenwayTrailhead: [hiking_area, sports_activity_location, point_of_interest, establishment]
2026-09-21T11:09:21.157-04:00  INFO 36544 --- [http-nio-8080-exec-1] c.m.m.c.GoogleApiProxyController         : Mapped: Cedar Creek GreenwayTrailhead, Rating: 4.7, Reviews: 33, EntityType: hiking_area
2026-09-21T11:09:21.157-04:00  INFO 36544 --- [http-nio-8080-exec-1] c.m.m.c.GoogleApiProxyController         : Place types for Chickering Trailhead: [hiking_area, tourist_attraction, sports_activity_location, point_of_interest, establishment]
2026-09-21T11:09:21.157-04:00  INFO 36544 --- [http-nio-8080-exec-1] c.m.m.c.GoogleApiProxyController         : Mapped: Chickering Trailhead, Rating: 4.8, Reviews: 74, EntityType: hiking_area
2026-09-21T11:09:21.157-04:00  INFO 36544 --- [http-nio-8080-exec-1] c.m.m.c.GoogleApiProxyController         : Place types for Stones River Greenway Heartland Park Trailhead: [hiking_area, sports_activity_location, point_of_interest, establishment]
2026-09-21T11:09:21.157-04:00  INFO 36544 --- [http-nio-8080-exec-1] c.m.m.c.GoogleApiProxyController         : Mapped: Stones River Greenway Heartland Park Trailhead, Rating: 5.0, Reviews: 21, EntityType: hiking_area
2026-09-21T11:09:21.157-04:00  INFO 36544 --- [http-nio-8080-exec-1] c.m.m.c.GoogleApiProxyController         : Place types for Stones River Greenway Trailhead: [hiking_area, sports_activity_location, point_of_interest, establishment]
2026-09-21T11:09:21.157-04:00  INFO 36544 --- [http-nio-8080-exec-1] c.m.m.c.GoogleApiProxyController         : Mapped: Stones River Greenway Trailhead, Rating: 4.8, Reviews: 311, EntityType: hiking_area
2026-09-21T11:09:21.198-04:00  INFO 36544 --- [http-nio-8080-exec-1] c.m.m.service.PlacesCacheService         : Saved 20 spots to places_cache
2026-09-21T11:09:21.198-04:00  INFO 36544 --- [http-nio-8080-exec-1] c.m.m.c.GoogleApiProxyController         : Backfilled 20 keyword spots to MySQL cache
2026-09-21T11:09:21.208-04:00  INFO 36544 --- [http-nio-8080-exec-1] c.m.m.c.GoogleApiProxyController         : MySQL cache hit: 4 spots near (35.92444,-86.868386)
2026-09-21T11:09:21.210-04:00  INFO 36544 --- [http-nio-8080-exec-1] c.m.m.c.GoogleApiProxyController         : MySQL cache hit (keyword): 5 spots near (35.92444,-86.868386)
2026-09-21T11:09:21.216-04:00  INFO 36544 --- [http-nio-8080-exec-1] c.m.m.service.RouteBeautifierService     : Qualified spot: Carnton at 35.903196699999995,-86.85833600000001 distFromStart=382.1km source=NB
2026-09-21T11:09:21.218-04:00  INFO 36544 --- [http-nio-8080-exec-1] c.m.m.service.RouteBeautifierService     : Qualified spot: Battle Of Franklin - Civil War Museum at 35.9172407,-86.8750357 distFromStart=382.1km source=NB
2026-09-21T11:09:21.220-04:00  INFO 36544 --- [http-nio-8080-exec-1] c.m.m.service.RouteBeautifierService     : Qualified spot: Lotz House at 35.9177945,-86.87274099999999 distFromStart=382.1km source=NB
2026-09-21T11:09:21.222-04:00  INFO 36544 --- [http-nio-8080-exec-1] c.m.m.c.GoogleApiProxyController         : MySQL cache hit: 1 spots near (36.001241,-87.135857)
2026-09-21T11:09:21.223-04:00  INFO 36544 --- [http-nio-8080-exec-1] c.m.m.c.GoogleApiProxyController         : MySQL cache hit (keyword): 1 spots near (36.001241,-87.135857)
2026-09-21T11:09:21.228-04:00  INFO 36544 --- [http-nio-8080-exec-1] c.m.m.c.GoogleApiProxyController         : MySQL cache hit: 2 spots near (36.067298,-87.330592)
2026-09-21T11:09:21.230-04:00  INFO 36544 --- [http-nio-8080-exec-1] c.m.m.c.GoogleApiProxyController         : MySQL cache hit (keyword): 2 spots near (36.067298,-87.330592)
2026-09-21T11:09:21.233-04:00  INFO 36544 --- [http-nio-8080-exec-1] c.m.m.service.RouteBeautifierService     : Qualified spot: Wonders Center & Science Museum at 36.045519899999995,-87.35959520000002 distFromStart=431.6km source=NB
2026-09-21T11:09:21.235-04:00  INFO 36544 --- [http-nio-8080-exec-1] c.m.m.c.GoogleApiProxyController         : MySQL cache miss — calling Google Places API near (36.093318,-87.536864)
2026-09-21T11:09:21.504-04:00  INFO 36544 --- [http-nio-8080-exec-1] c.m.m.c.GoogleApiProxyController         : Place types for Civil War on Yellow Creek: A Guerilla Sanctuary: [historical_landmark, historical_place, point_of_interest, establishment]
2026-09-21T11:09:21.504-04:00  INFO 36544 --- [http-nio-8080-exec-1] c.m.m.c.GoogleApiProxyController         : Mapped: Civil War on Yellow Creek: A Guerilla Sanctuary, Rating: 5.0, Reviews: 2, EntityType: historical_landmark
2026-09-21T11:09:21.504-04:00  INFO 36544 --- [http-nio-8080-exec-1] c.m.m.c.GoogleApiProxyController         : Place types for Talmadge Johnson Way: [historical_landmark, historical_place, point_of_interest, establishment]
2026-09-21T11:09:21.504-04:00  INFO 36544 --- [http-nio-8080-exec-1] c.m.m.c.GoogleApiProxyController         : Mapped: Talmadge Johnson Way, Rating: 0.0, Reviews: 0, EntityType: historical_landmark
2026-09-21T11:09:21.504-04:00  INFO 36544 --- [http-nio-8080-exec-1] c.m.m.c.GoogleApiProxyController         : Place types for Circle Drive: [historical_landmark, historical_place, point_of_interest, establishment]
2026-09-21T11:09:21.504-04:00  INFO 36544 --- [http-nio-8080-exec-1] c.m.m.c.GoogleApiProxyController         : Mapped: Circle Drive, Rating: 0.0, Reviews: 0, EntityType: historical_landmark
2026-09-21T11:09:21.511-04:00  INFO 36544 --- [http-nio-8080-exec-1] c.m.m.service.PlacesCacheService         : Saved 3 spots to places_cache
2026-09-21T11:09:21.511-04:00  INFO 36544 --- [http-nio-8080-exec-1] c.m.m.c.GoogleApiProxyController         : Backfilled 3 spots to MySQL cache
2026-09-21T11:09:21.515-04:00  INFO 36544 --- [http-nio-8080-exec-1] c.m.m.c.GoogleApiProxyController         : MySQL cache miss — calling Google Places searchText near (36.093318,-87.536864) keyword=trailhead trail access hiking
2026-09-21T11:09:22.187-04:00  INFO 36544 --- [http-nio-8080-exec-1] c.m.m.c.GoogleApiProxyController         : Place types for Montgomery Bell Trailhead: [hiking_area, sports_activity_location, point_of_interest, establishment]
2026-09-21T11:09:22.188-04:00  INFO 36544 --- [http-nio-8080-exec-1] c.m.m.c.GoogleApiProxyController         : Mapped: Montgomery Bell Trailhead, Rating: 4.4, Reviews: 12, EntityType: hiking_area
2026-09-21T11:09:22.188-04:00  INFO 36544 --- [http-nio-8080-exec-1] c.m.m.c.GoogleApiProxyController         : Place types for Harpeth River Greenway Bellevue Exchange Club Trailhead: [hiking_area, sports_activity_location, point_of_interest, establishment]
2026-09-21T11:09:22.188-04:00  INFO 36544 --- [http-nio-8080-exec-1] c.m.m.c.GoogleApiProxyController         : Mapped: Harpeth River Greenway Bellevue Exchange Club Trailhead, Rating: 5.0, Reviews: 9, EntityType: hiking_area
2026-09-21T11:09:22.188-04:00  INFO 36544 --- [http-nio-8080-exec-1] c.m.m.c.GoogleApiProxyController         : Place types for Ore Trailhead: [hiking_area, sports_activity_location, point_of_interest, establishment]
2026-09-21T11:09:22.188-04:00  INFO 36544 --- [http-nio-8080-exec-1] c.m.m.c.GoogleApiProxyController         : Mapped: Ore Trailhead, Rating: 5.0, Reviews: 1, EntityType: hiking_area
2026-09-21T11:09:22.188-04:00  INFO 36544 --- [http-nio-8080-exec-1] c.m.m.c.GoogleApiProxyController         : Place types for Deep Well Trailhead - Warner Park: [hiking_area, tourist_attraction, sports_activity_location, point_of_interest, establishment]
2026-09-21T11:09:22.188-04:00  INFO 36544 --- [http-nio-8080-exec-1] c.m.m.c.GoogleApiProxyController         : Mapped: Deep Well Trailhead - Warner Park, Rating: 4.8, Reviews: 252, EntityType: hiking_area
2026-09-21T11:09:22.188-04:00  INFO 36544 --- [http-nio-8080-exec-1] c.m.m.c.GoogleApiProxyController         : Place types for Percy Warner Hiking Trailhead: [hiking_area, sports_activity_location, point_of_interest, establishment]
2026-09-21T11:09:22.188-04:00  INFO 36544 --- [http-nio-8080-exec-1] c.m.m.c.GoogleApiProxyController         : Mapped: Percy Warner Hiking Trailhead, Rating: 4.8, Reviews: 104, EntityType: hiking_area
2026-09-21T11:09:22.188-04:00  INFO 36544 --- [http-nio-8080-exec-1] c.m.m.c.GoogleApiProxyController         : Place types for Kohl's Greenway Trailhead: [hiking_area, sports_activity_location, point_of_interest, establishment]
2026-09-21T11:09:22.188-04:00  INFO 36544 --- [http-nio-8080-exec-1] c.m.m.c.GoogleApiProxyController         : Mapped: Kohl's Greenway Trailhead, Rating: 4.8, Reviews: 307, EntityType: hiking_area
2026-09-21T11:09:22.189-04:00  INFO 36544 --- [http-nio-8080-exec-1] c.m.m.c.GoogleApiProxyController         : Place types for Percy Warner Ridgeline Trail: [hiking_area, sports_activity_location, point_of_interest, establishment]
2026-09-21T11:09:22.189-04:00  INFO 36544 --- [http-nio-8080-exec-1] c.m.m.c.GoogleApiProxyController         : Mapped: Percy Warner Ridgeline Trail, Rating: 4.9, Reviews: 37, EntityType: hiking_area
2026-09-21T11:09:22.189-04:00  INFO 36544 --- [http-nio-8080-exec-1] c.m.m.c.GoogleApiProxyController         : Place types for Chickering Trailhead: [hiking_area, tourist_attraction, sports_activity_location, point_of_interest, establishment]
2026-09-21T11:09:22.189-04:00  INFO 36544 --- [http-nio-8080-exec-1] c.m.m.c.GoogleApiProxyController         : Mapped: Chickering Trailhead, Rating: 4.8, Reviews: 74, EntityType: hiking_area
2026-09-21T11:09:22.189-04:00  INFO 36544 --- [http-nio-8080-exec-1] c.m.m.c.GoogleApiProxyController         : Place types for The Trails at Fontanel: [hiking_area, tourist_attraction, sports_activity_location, point_of_interest, establishment]
2026-09-21T11:09:22.189-04:00  INFO 36544 --- [http-nio-8080-exec-1] c.m.m.c.GoogleApiProxyController         : Mapped: The Trails at Fontanel, Rating: 4.5, Reviews: 247, EntityType: hiking_area
2026-09-21T11:09:22.189-04:00  INFO 36544 --- [http-nio-8080-exec-1] c.m.m.c.GoogleApiProxyController         : Place types for Alexander Trail: [hiking_area, sports_activity_location, point_of_interest, establishment]
2026-09-21T11:09:22.189-04:00  INFO 36544 --- [http-nio-8080-exec-1] c.m.m.c.GoogleApiProxyController         : Mapped: Alexander Trail, Rating: 4.4, Reviews: 66, EntityType: hiking_area
2026-09-21T11:09:22.189-04:00  INFO 36544 --- [http-nio-8080-exec-1] c.m.m.c.GoogleApiProxyController         : Place types for Richland Creek Greenway - McCabe Trailhead: [hiking_area, sports_activity_location, point_of_interest, establishment]
2026-09-21T11:09:22.189-04:00  INFO 36544 --- [http-nio-8080-exec-1] c.m.m.c.GoogleApiProxyController         : Mapped: Richland Creek Greenway - McCabe Trailhead, Rating: 4.8, Reviews: 269, EntityType: hiking_area
2026-09-21T11:09:22.189-04:00  INFO 36544 --- [http-nio-8080-exec-1] c.m.m.c.GoogleApiProxyController         : Place types for Veteran's Memorial Trailhead: [hiking_area, sports_activity_location, point_of_interest, establishment]
2026-09-21T11:09:22.189-04:00  INFO 36544 --- [http-nio-8080-exec-1] c.m.m.c.GoogleApiProxyController         : Mapped: Veteran's Memorial Trailhead, Rating: 4.8, Reviews: 135, EntityType: hiking_area
2026-09-21T11:09:22.189-04:00  INFO 36544 --- [http-nio-8080-exec-1] c.m.m.c.GoogleApiProxyController         : Place types for Gaucho Road Trailhead: [hiking_area, sports_activity_location, point_of_interest, establishment]
2026-09-21T11:09:22.189-04:00  INFO 36544 --- [http-nio-8080-exec-1] c.m.m.c.GoogleApiProxyController         : Mapped: Gaucho Road Trailhead, Rating: 4.5, Reviews: 11, EntityType: hiking_area
2026-09-21T11:09:22.189-04:00  INFO 36544 --- [http-nio-8080-exec-1] c.m.m.c.GoogleApiProxyController         : Place types for Thompson Lane Trailhead: [hiking_area, tourist_attraction, sports_activity_location, point_of_interest, establishment]
2026-09-21T11:09:22.189-04:00  INFO 36544 --- [http-nio-8080-exec-1] c.m.m.c.GoogleApiProxyController         : Mapped: Thompson Lane Trailhead, Rating: 4.8, Reviews: 395, EntityType: hiking_area
2026-09-21T11:09:22.189-04:00  INFO 36544 --- [http-nio-8080-exec-1] c.m.m.c.GoogleApiProxyController         : Place types for Richland Creek Greenway - Lion's Head Trailhead: [hiking_area, sports_activity_location, point_of_interest, establishment]
2026-09-21T11:09:22.189-04:00  INFO 36544 --- [http-nio-8080-exec-1] c.m.m.c.GoogleApiProxyController         : Mapped: Richland Creek Greenway - Lion's Head Trailhead, Rating: 5.0, Reviews: 11, EntityType: hiking_area
2026-09-21T11:09:22.189-04:00  INFO 36544 --- [http-nio-8080-exec-1] c.m.m.c.GoogleApiProxyController         : Place types for Riverwalk Greenway Trailhead: [hiking_area, sports_activity_location, point_of_interest, establishment]
2026-09-21T11:09:22.189-04:00  INFO 36544 --- [http-nio-8080-exec-1] c.m.m.c.GoogleApiProxyController         : Mapped: Riverwalk Greenway Trailhead, Rating: 4.6, Reviews: 34, EntityType: hiking_area
2026-09-21T11:09:22.189-04:00  INFO 36544 --- [http-nio-8080-exec-1] c.m.m.c.GoogleApiProxyController         : Place types for Cedar Creek GreenwayTrailhead: [hiking_area, sports_activity_location, point_of_interest, establishment]
2026-09-21T11:09:22.189-04:00  INFO 36544 --- [http-nio-8080-exec-1] c.m.m.c.GoogleApiProxyController         : Mapped: Cedar Creek GreenwayTrailhead, Rating: 4.7, Reviews: 33, EntityType: hiking_area
2026-09-21T11:09:22.189-04:00  INFO 36544 --- [http-nio-8080-exec-1] c.m.m.c.GoogleApiProxyController         : Place types for Garrison Creek Trailhead: [hiking_area, sports_activity_location, point_of_interest, establishment]
2026-09-21T11:09:22.189-04:00  INFO 36544 --- [http-nio-8080-exec-1] c.m.m.c.GoogleApiProxyController         : Mapped: Garrison Creek Trailhead, Rating: 4.2, Reviews: 6, EntityType: hiking_area
2026-09-21T11:09:22.189-04:00  INFO 36544 --- [http-nio-8080-exec-1] c.m.m.c.GoogleApiProxyController         : Place types for The Cumberland River Bicentennial Trail: [hiking_area, tourist_attraction, sports_activity_location, point_of_interest, establishment]
2026-09-21T11:09:22.189-04:00  INFO 36544 --- [http-nio-8080-exec-1] c.m.m.c.GoogleApiProxyController         : Mapped: The Cumberland River Bicentennial Trail, Rating: 4.7, Reviews: 165, EntityType: hiking_area
2026-09-21T11:09:22.189-04:00  INFO 36544 --- [http-nio-8080-exec-1] c.m.m.c.GoogleApiProxyController         : Place types for Lost Creek Trailhead - Scott's Gulf Wilderness State Park: [hiking_area, sports_activity_location, point_of_interest, establishment]
2026-09-21T11:09:22.189-04:00  INFO 36544 --- [http-nio-8080-exec-1] c.m.m.c.GoogleApiProxyController         : Mapped: Lost Creek Trailhead - Scott's Gulf Wilderness State Park, Rating: 4.8, Reviews: 376, EntityType: hiking_area
2026-09-21T11:09:22.224-04:00  INFO 36544 --- [http-nio-8080-exec-1] c.m.m.service.PlacesCacheService         : Saved 20 spots to places_cache
2026-09-21T11:09:22.225-04:00  INFO 36544 --- [http-nio-8080-exec-1] c.m.m.c.GoogleApiProxyController         : Backfilled 20 keyword spots to MySQL cache
2026-09-21T11:09:22.228-04:00  INFO 36544 --- [http-nio-8080-exec-1] c.m.m.c.GoogleApiProxyController         : MySQL cache hit: 4 spots near (36.062337,-87.887625)
2026-09-21T11:09:22.231-04:00  INFO 36544 --- [http-nio-8080-exec-1] c.m.m.c.GoogleApiProxyController         : MySQL cache miss — calling Google Places searchText near (36.062337,-87.887625) keyword=trailhead trail access hiking
2026-09-21T11:09:22.548-04:00  INFO 36544 --- [http-nio-8080-exec-1] c.m.m.c.GoogleApiProxyController         : Place types for Harpeth River Greenway Bellevue Exchange Club Trailhead: [hiking_area, sports_activity_location, point_of_interest, establishment]
2026-09-21T11:09:22.548-04:00  INFO 36544 --- [http-nio-8080-exec-1] c.m.m.c.GoogleApiProxyController         : Mapped: Harpeth River Greenway Bellevue Exchange Club Trailhead, Rating: 5.0, Reviews: 9, EntityType: hiking_area
2026-09-21T11:09:22.548-04:00  INFO 36544 --- [http-nio-8080-exec-1] c.m.m.c.GoogleApiProxyController         : Place types for Montgomery Bell Trailhead: [hiking_area, sports_activity_location, point_of_interest, establishment]
2026-09-21T11:09:22.548-04:00  INFO 36544 --- [http-nio-8080-exec-1] c.m.m.c.GoogleApiProxyController         : Mapped: Montgomery Bell Trailhead, Rating: 4.4, Reviews: 12, EntityType: hiking_area
2026-09-21T11:09:22.548-04:00  INFO 36544 --- [http-nio-8080-exec-1] c.m.m.c.GoogleApiProxyController         : Place types for The Trails at Fontanel: [hiking_area, tourist_attraction, sports_activity_location, point_of_interest, establishment]
2026-09-21T11:09:22.548-04:00  INFO 36544 --- [http-nio-8080-exec-1] c.m.m.c.GoogleApiProxyController         : Mapped: The Trails at Fontanel, Rating: 4.5, Reviews: 247, EntityType: hiking_area
2026-09-21T11:09:22.548-04:00  INFO 36544 --- [http-nio-8080-exec-1] c.m.m.c.GoogleApiProxyController         : Place types for Kohl's Greenway Trailhead: [hiking_area, sports_activity_location, point_of_interest, establishment]
2026-09-21T11:09:22.548-04:00  INFO 36544 --- [http-nio-8080-exec-1] c.m.m.c.GoogleApiProxyController         : Mapped: Kohl's Greenway Trailhead, Rating: 4.8, Reviews: 307, EntityType: hiking_area
2026-09-21T11:09:22.548-04:00  INFO 36544 --- [http-nio-8080-exec-1] c.m.m.c.GoogleApiProxyController         : Place types for Percy Warner Ridgeline Trail: [hiking_area, sports_activity_location, point_of_interest, establishment]
2026-09-21T11:09:22.548-04:00  INFO 36544 --- [http-nio-8080-exec-1] c.m.m.c.GoogleApiProxyController         : Mapped: Percy Warner Ridgeline Trail, Rating: 4.9, Reviews: 37, EntityType: hiking_area
2026-09-21T11:09:22.548-04:00  INFO 36544 --- [http-nio-8080-exec-1] c.m.m.c.GoogleApiProxyController         : Place types for Veteran's Memorial Trailhead: [hiking_area, sports_activity_location, point_of_interest, establishment]
2026-09-21T11:09:22.548-04:00  INFO 36544 --- [http-nio-8080-exec-1] c.m.m.c.GoogleApiProxyController         : Mapped: Veteran's Memorial Trailhead, Rating: 4.8, Reviews: 135, EntityType: hiking_area
2026-09-21T11:09:22.548-04:00  INFO 36544 --- [http-nio-8080-exec-1] c.m.m.c.GoogleApiProxyController         : Place types for Chickering Trailhead: [hiking_area, tourist_attraction, sports_activity_location, point_of_interest, establishment]
2026-09-21T11:09:22.548-04:00  INFO 36544 --- [http-nio-8080-exec-1] c.m.m.c.GoogleApiProxyController         : Mapped: Chickering Trailhead, Rating: 4.8, Reviews: 74, EntityType: hiking_area
2026-09-21T11:09:22.548-04:00  INFO 36544 --- [http-nio-8080-exec-1] c.m.m.c.GoogleApiProxyController         : Place types for Thompson Lane Trailhead: [hiking_area, tourist_attraction, sports_activity_location, point_of_interest, establishment]
2026-09-21T11:09:22.548-04:00  INFO 36544 --- [http-nio-8080-exec-1] c.m.m.c.GoogleApiProxyController         : Mapped: Thompson Lane Trailhead, Rating: 4.8, Reviews: 395, EntityType: hiking_area
2026-09-21T11:09:22.548-04:00  INFO 36544 --- [http-nio-8080-exec-1] c.m.m.c.GoogleApiProxyController         : Place types for Richland Creek Greenway - McCabe Trailhead: [hiking_area, sports_activity_location, point_of_interest, establishment]
2026-09-21T11:09:22.548-04:00  INFO 36544 --- [http-nio-8080-exec-1] c.m.m.c.GoogleApiProxyController         : Mapped: Richland Creek Greenway - McCabe Trailhead, Rating: 4.8, Reviews: 269, EntityType: hiking_area
2026-09-21T11:09:22.549-04:00  INFO 36544 --- [http-nio-8080-exec-1] c.m.m.c.GoogleApiProxyController         : Place types for Ore Trailhead: [hiking_area, sports_activity_location, point_of_interest, establishment]
2026-09-21T11:09:22.549-04:00  INFO 36544 --- [http-nio-8080-exec-1] c.m.m.c.GoogleApiProxyController         : Mapped: Ore Trailhead, Rating: 5.0, Reviews: 1, EntityType: hiking_area
2026-09-21T11:09:22.549-04:00  INFO 36544 --- [http-nio-8080-exec-1] c.m.m.c.GoogleApiProxyController         : Place types for willhoite mill trailhead: [hiking_area, sports_activity_location, point_of_interest, establishment]
2026-09-21T11:09:22.549-04:00  INFO 36544 --- [http-nio-8080-exec-1] c.m.m.c.GoogleApiProxyController         : Mapped: willhoite mill trailhead, Rating: 4.8, Reviews: 25, EntityType: hiking_area
2026-09-21T11:09:22.549-04:00  INFO 36544 --- [http-nio-8080-exec-1] c.m.m.c.GoogleApiProxyController         : Place types for Gaucho Road Trailhead: [hiking_area, sports_activity_location, point_of_interest, establishment]
2026-09-21T11:09:22.549-04:00  INFO 36544 --- [http-nio-8080-exec-1] c.m.m.c.GoogleApiProxyController         : Mapped: Gaucho Road Trailhead, Rating: 4.5, Reviews: 11, EntityType: hiking_area
2026-09-21T11:09:22.549-04:00  INFO 36544 --- [http-nio-8080-exec-1] c.m.m.c.GoogleApiProxyController         : Place types for Lost Creek Trailhead - Scott's Gulf Wilderness State Park: [hiking_area, sports_activity_location, point_of_interest, establishment]
2026-09-21T11:09:22.549-04:00  INFO 36544 --- [http-nio-8080-exec-1] c.m.m.c.GoogleApiProxyController         : Mapped: Lost Creek Trailhead - Scott's Gulf Wilderness State Park, Rating: 4.8, Reviews: 376, EntityType: hiking_area
2026-09-21T11:09:22.549-04:00  INFO 36544 --- [http-nio-8080-exec-1] c.m.m.c.GoogleApiProxyController         : Place types for Lady's Bluff TVA Small Wild Area: [hiking_area, sports_activity_location, point_of_interest, establishment]
2026-09-21T11:09:22.549-04:00  INFO 36544 --- [http-nio-8080-exec-1] c.m.m.c.GoogleApiProxyController         : Mapped: Lady's Bluff TVA Small Wild Area, Rating: 4.9, Reviews: 93, EntityType: hiking_area
2026-09-21T11:09:22.549-04:00  INFO 36544 --- [http-nio-8080-exec-1] c.m.m.c.GoogleApiProxyController         : Place types for Jackson Falls: [hiking_area, tourist_attraction, sports_activity_location, point_of_interest, establishment]
2026-09-21T11:09:22.549-04:00  INFO 36544 --- [http-nio-8080-exec-1] c.m.m.c.GoogleApiProxyController         : Mapped: Jackson Falls, Rating: 4.6, Reviews: 1080, EntityType: hiking_area
2026-09-21T11:09:22.549-04:00  INFO 36544 --- [http-nio-8080-exec-1] c.m.m.c.GoogleApiProxyController         : Place types for Cedar Creek GreenwayTrailhead: [hiking_area, sports_activity_location, point_of_interest, establishment]
2026-09-21T11:09:22.549-04:00  INFO 36544 --- [http-nio-8080-exec-1] c.m.m.c.GoogleApiProxyController         : Mapped: Cedar Creek GreenwayTrailhead, Rating: 4.7, Reviews: 33, EntityType: hiking_area
2026-09-21T11:09:22.549-04:00  INFO 36544 --- [http-nio-8080-exec-1] c.m.m.c.GoogleApiProxyController         : Place types for Fort Henry Trail System: [hiking_area, sports_activity_location, point_of_interest, establishment]
2026-09-21T11:09:22.549-04:00  INFO 36544 --- [http-nio-8080-exec-1] c.m.m.c.GoogleApiProxyController         : Mapped: Fort Henry Trail System, Rating: 3.8, Reviews: 33, EntityType: hiking_area
2026-09-21T11:09:22.549-04:00  INFO 36544 --- [http-nio-8080-exec-1] c.m.m.c.GoogleApiProxyController         : Place types for Richland Creek Greenway - Lion's Head Trailhead: [hiking_area, sports_activity_location, point_of_interest, establishment]
2026-09-21T11:09:22.549-04:00  INFO 36544 --- [http-nio-8080-exec-1] c.m.m.c.GoogleApiProxyController         : Mapped: Richland Creek Greenway - Lion's Head Trailhead, Rating: 5.0, Reviews: 11, EntityType: hiking_area
2026-09-21T11:09:22.549-04:00  INFO 36544 --- [http-nio-8080-exec-1] c.m.m.c.GoogleApiProxyController         : Place types for Alexander Trail: [hiking_area, sports_activity_location, point_of_interest, establishment]
2026-09-21T11:09:22.549-04:00  INFO 36544 --- [http-nio-8080-exec-1] c.m.m.c.GoogleApiProxyController         : Mapped: Alexander Trail, Rating: 4.4, Reviews: 66, EntityType: hiking_area
2026-09-21T11:09:22.549-04:00  INFO 36544 --- [http-nio-8080-exec-1] c.m.m.c.GoogleApiProxyController         : Place types for Deep Well Trailhead - Warner Park: [hiking_area, tourist_attraction, sports_activity_location, point_of_interest, establishment]
2026-09-21T11:09:22.549-04:00  INFO 36544 --- [http-nio-8080-exec-1] c.m.m.c.GoogleApiProxyController         : Mapped: Deep Well Trailhead - Warner Park, Rating: 4.8, Reviews: 252, EntityType: hiking_area
2026-09-21T11:09:22.582-04:00  INFO 36544 --- [http-nio-8080-exec-1] c.m.m.service.PlacesCacheService         : Saved 20 spots to places_cache
2026-09-21T11:09:22.582-04:00  INFO 36544 --- [http-nio-8080-exec-1] c.m.m.c.GoogleApiProxyController         : Backfilled 20 keyword spots to MySQL cache
2026-09-21T11:09:22.586-04:00  INFO 36544 --- [http-nio-8080-exec-1] c.m.m.service.RouteBeautifierService     : Qualified spot: Johnsonville State Historic Park at 36.0316853,-87.9484494 distFromStart=497.7km source=NB
2026-09-21T11:09:22.588-04:00  INFO 36544 --- [http-nio-8080-exec-1] c.m.m.service.RouteBeautifierService     : Qualified spot: Nathan Bedford Forrest State Park at 36.083303799999996,-87.9854818 distFromStart=497.7km source=NB
2026-09-21T11:09:22.590-04:00  INFO 36544 --- [http-nio-8080-exec-1] c.m.m.c.GoogleApiProxyController         : MySQL cache miss — calling Google Places API near (36.226048,-88.212649)
2026-09-21T11:09:22.700-04:00  INFO 36544 --- [http-nio-8080-exec-1] c.m.m.c.GoogleApiProxyController         : Place types for Gin Creek: [historical_landmark, historical_place, point_of_interest, establishment]
2026-09-21T11:09:22.700-04:00  INFO 36544 --- [http-nio-8080-exec-1] c.m.m.c.GoogleApiProxyController         : Mapped: Gin Creek, Rating: 0.0, Reviews: 0, EntityType: historical_landmark
2026-09-21T11:09:22.703-04:00  INFO 36544 --- [http-nio-8080-exec-1] c.m.m.service.PlacesCacheService         : Saved 1 spots to places_cache
2026-09-21T11:09:22.703-04:00  INFO 36544 --- [http-nio-8080-exec-1] c.m.m.c.GoogleApiProxyController         : Backfilled 1 spots to MySQL cache
2026-09-21T11:09:22.706-04:00  INFO 36544 --- [http-nio-8080-exec-1] c.m.m.c.GoogleApiProxyController         : MySQL cache miss — calling Google Places searchText near (36.226048,-88.212649) keyword=trailhead trail access hiking
2026-09-21T11:09:23.014-04:00  INFO 36544 --- [http-nio-8080-exec-1] c.m.m.c.GoogleApiProxyController         : Place types for Fort Henry Trail System: [hiking_area, sports_activity_location, point_of_interest, establishment]
2026-09-21T11:09:23.014-04:00  INFO 36544 --- [http-nio-8080-exec-1] c.m.m.c.GoogleApiProxyController         : Mapped: Fort Henry Trail System, Rating: 3.8, Reviews: 33, EntityType: hiking_area
2026-09-21T11:09:23.014-04:00  INFO 36544 --- [http-nio-8080-exec-1] c.m.m.c.GoogleApiProxyController         : Place types for Mill Branch Trail - trailhead: [hiking_area, sports_activity_location, point_of_interest, establishment]
2026-09-21T11:09:23.014-04:00  INFO 36544 --- [http-nio-8080-exec-1] c.m.m.c.GoogleApiProxyController         : Mapped: Mill Branch Trail - trailhead, Rating: 4.8, Reviews: 11, EntityType: hiking_area
2026-09-21T11:09:23.014-04:00  INFO 36544 --- [http-nio-8080-exec-1] c.m.m.c.GoogleApiProxyController         : Place types for Canal Loop Trailhead at North Welcome Station: [hiking_area, cycling_park, national_park, park, sports_activity_location, point_of_interest, establishment]
2026-09-21T11:09:23.014-04:00  INFO 36544 --- [http-nio-8080-exec-1] c.m.m.c.GoogleApiProxyController         : Mapped: Canal Loop Trailhead at North Welcome Station, Rating: 4.8, Reviews: 32, EntityType: national_park
2026-09-21T11:09:23.014-04:00  INFO 36544 --- [http-nio-8080-exec-1] c.m.m.c.GoogleApiProxyController         : Place types for The Trails at Fontanel: [hiking_area, tourist_attraction, sports_activity_location, point_of_interest, establishment]
2026-09-21T11:09:23.014-04:00  INFO 36544 --- [http-nio-8080-exec-1] c.m.m.c.GoogleApiProxyController         : Mapped: The Trails at Fontanel, Rating: 4.5, Reviews: 247, EntityType: hiking_area
2026-09-21T11:09:23.014-04:00  INFO 36544 --- [http-nio-8080-exec-1] c.m.m.c.GoogleApiProxyController         : Place types for Veteran's Memorial Trailhead: [hiking_area, sports_activity_location, point_of_interest, establishment]
2026-09-21T11:09:23.014-04:00  INFO 36544 --- [http-nio-8080-exec-1] c.m.m.c.GoogleApiProxyController         : Mapped: Veteran's Memorial Trailhead, Rating: 4.8, Reviews: 135, EntityType: hiking_area
2026-09-21T11:09:23.014-04:00  INFO 36544 --- [http-nio-8080-exec-1] c.m.m.c.GoogleApiProxyController         : Place types for Harpeth River Greenway Bellevue Exchange Club Trailhead: [hiking_area, sports_activity_location, point_of_interest, establishment]
2026-09-21T11:09:23.014-04:00  INFO 36544 --- [http-nio-8080-exec-1] c.m.m.c.GoogleApiProxyController         : Mapped: Harpeth River Greenway Bellevue Exchange Club Trailhead, Rating: 5.0, Reviews: 9, EntityType: hiking_area
2026-09-21T11:09:23.015-04:00  INFO 36544 --- [http-nio-8080-exec-1] c.m.m.c.GoogleApiProxyController         : Place types for Richland Creek Greenway - McCabe Trailhead: [hiking_area, sports_activity_location, point_of_interest, establishment]
2026-09-21T11:09:23.015-04:00  INFO 36544 --- [http-nio-8080-exec-1] c.m.m.c.GoogleApiProxyController         : Mapped: Richland Creek Greenway - McCabe Trailhead, Rating: 4.8, Reviews: 269, EntityType: hiking_area
2026-09-21T11:09:23.015-04:00  INFO 36544 --- [http-nio-8080-exec-1] c.m.m.c.GoogleApiProxyController         : Place types for Chickering Trailhead: [hiking_area, tourist_attraction, sports_activity_location, point_of_interest, establishment]
2026-09-21T11:09:23.015-04:00  INFO 36544 --- [http-nio-8080-exec-1] c.m.m.c.GoogleApiProxyController         : Mapped: Chickering Trailhead, Rating: 4.8, Reviews: 74, EntityType: hiking_area
2026-09-21T11:09:23.015-04:00  INFO 36544 --- [http-nio-8080-exec-1] c.m.m.c.GoogleApiProxyController         : Place types for Livingston County Trail System: [hiking_area, sports_activity_location, point_of_interest, establishment]
2026-09-21T11:09:23.015-04:00  INFO 36544 --- [http-nio-8080-exec-1] c.m.m.c.GoogleApiProxyController         : Mapped: Livingston County Trail System, Rating: 4.9, Reviews: 31, EntityType: hiking_area
2026-09-21T11:09:23.015-04:00  INFO 36544 --- [http-nio-8080-exec-1] c.m.m.c.GoogleApiProxyController         : Place types for Wooded Trail System at Union University: [hiking_area, sports_activity_location, point_of_interest, establishment]
2026-09-21T11:09:23.015-04:00  INFO 36544 --- [http-nio-8080-exec-1] c.m.m.c.GoogleApiProxyController         : Mapped: Wooded Trail System at Union University, Rating: 4.7, Reviews: 34, EntityType: hiking_area
2026-09-21T11:09:23.015-04:00  INFO 36544 --- [http-nio-8080-exec-1] c.m.m.c.GoogleApiProxyController         : Place types for Cedar Creek GreenwayTrailhead: [hiking_area, sports_activity_location, point_of_interest, establishment]
2026-09-21T11:09:23.015-04:00  INFO 36544 --- [http-nio-8080-exec-1] c.m.m.c.GoogleApiProxyController         : Mapped: Cedar Creek GreenwayTrailhead, Rating: 4.7, Reviews: 33, EntityType: hiking_area
2026-09-21T11:09:23.015-04:00  INFO 36544 --- [http-nio-8080-exec-1] c.m.m.c.GoogleApiProxyController         : Place types for Thompson Lane Trailhead: [hiking_area, tourist_attraction, sports_activity_location, point_of_interest, establishment]
2026-09-21T11:09:23.015-04:00  INFO 36544 --- [http-nio-8080-exec-1] c.m.m.c.GoogleApiProxyController         : Mapped: Thompson Lane Trailhead, Rating: 4.8, Reviews: 395, EntityType: hiking_area
2026-09-21T11:09:23.015-04:00  INFO 36544 --- [http-nio-8080-exec-1] c.m.m.c.GoogleApiProxyController         : Place types for Gaucho Road Trailhead: [hiking_area, sports_activity_location, point_of_interest, establishment]
2026-09-21T11:09:23.015-04:00  INFO 36544 --- [http-nio-8080-exec-1] c.m.m.c.GoogleApiProxyController         : Mapped: Gaucho Road Trailhead, Rating: 4.5, Reviews: 11, EntityType: hiking_area
2026-09-21T11:09:23.015-04:00  INFO 36544 --- [http-nio-8080-exec-1] c.m.m.c.GoogleApiProxyController         : Place types for Richland Creek Greenway - Lion's Head Trailhead: [hiking_area, sports_activity_location, point_of_interest, establishment]
2026-09-21T11:09:23.015-04:00  INFO 36544 --- [http-nio-8080-exec-1] c.m.m.c.GoogleApiProxyController         : Mapped: Richland Creek Greenway - Lion's Head Trailhead, Rating: 5.0, Reviews: 11, EntityType: hiking_area
2026-09-21T11:09:23.015-04:00  INFO 36544 --- [http-nio-8080-exec-1] c.m.m.c.GoogleApiProxyController         : Place types for Jackson Falls: [hiking_area, tourist_attraction, sports_activity_location, point_of_interest, establishment]
2026-09-21T11:09:23.015-04:00  INFO 36544 --- [http-nio-8080-exec-1] c.m.m.c.GoogleApiProxyController         : Mapped: Jackson Falls, Rating: 4.6, Reviews: 1080, EntityType: hiking_area
2026-09-21T11:09:23.015-04:00  INFO 36544 --- [http-nio-8080-exec-1] c.m.m.c.GoogleApiProxyController         : Place types for Central Hardwoods Scenic Trail Trailhead (English Hill)): [hiking_area, sports_activity_location, point_of_interest, establishment]
2026-09-21T11:09:23.015-04:00  INFO 36544 --- [http-nio-8080-exec-1] c.m.m.c.GoogleApiProxyController         : Mapped: Central Hardwoods Scenic Trail Trailhead (English Hill)), Rating: 4.0, Reviews: 1, EntityType: hiking_area
2026-09-21T11:09:23.015-04:00  INFO 36544 --- [http-nio-8080-exec-1] c.m.m.c.GoogleApiProxyController         : Place types for Center Furnace Trailhead: [hiking_area, historical_landmark, national_park, park, sports_activity_location, historical_place, point_of_interest, establishment]
2026-09-21T11:09:23.015-04:00  INFO 36544 --- [http-nio-8080-exec-1] c.m.m.c.GoogleApiProxyController         : Mapped: Center Furnace Trailhead, Rating: 4.7, Reviews: 20, EntityType: national_park
2026-09-21T11:09:23.015-04:00  INFO 36544 --- [http-nio-8080-exec-1] c.m.m.c.GoogleApiProxyController         : Place types for Devil’s Standtable Nature Trail: [hiking_area, tourist_attraction, sports_activity_location, point_of_interest, establishment]
2026-09-21T11:09:23.015-04:00  INFO 36544 --- [http-nio-8080-exec-1] c.m.m.c.GoogleApiProxyController         : Mapped: Devil’s Standtable Nature Trail, Rating: 4.7, Reviews: 256, EntityType: hiking_area
2026-09-21T11:09:23.015-04:00  INFO 36544 --- [http-nio-8080-exec-1] c.m.m.c.GoogleApiProxyController         : Place types for Bryant Grove Trailhead: [hiking_area, sports_activity_location, point_of_interest, establishment]
2026-09-21T11:09:23.015-04:00  INFO 36544 --- [http-nio-8080-exec-1] c.m.m.c.GoogleApiProxyController         : Mapped: Bryant Grove Trailhead, Rating: 4.7, Reviews: 201, EntityType: hiking_area
2026-09-21T11:09:23.015-04:00  INFO 36544 --- [http-nio-8080-exec-1] c.m.m.c.GoogleApiProxyController         : Place types for Old Fort Park Trailhead, Murfreesboro Greenway System: [hiking_area, sports_activity_location, point_of_interest, establishment]
2026-09-21T11:09:23.015-04:00  INFO 36544 --- [http-nio-8080-exec-1] c.m.m.c.GoogleApiProxyController         : Mapped: Old Fort Park Trailhead, Murfreesboro Greenway System, Rating: 4.9, Reviews: 35, EntityType: hiking_area
2026-09-21T11:09:23.049-04:00  INFO 36544 --- [http-nio-8080-exec-1] c.m.m.service.PlacesCacheService         : Saved 20 spots to places_cache
2026-09-21T11:09:23.049-04:00  INFO 36544 --- [http-nio-8080-exec-1] c.m.m.c.GoogleApiProxyController         : Backfilled 20 keyword spots to MySQL cache
2026-09-21T11:09:23.052-04:00  INFO 36544 --- [http-nio-8080-exec-1] c.m.m.c.GoogleApiProxyController         : MySQL cache hit: 1 spots near (36.373583,-88.419223)
2026-09-21T11:09:23.054-04:00  INFO 36544 --- [http-nio-8080-exec-1] c.m.m.c.GoogleApiProxyController         : MySQL cache miss — calling Google Places searchText near (36.373583,-88.419223) keyword=trailhead trail access hiking
2026-09-21T11:09:23.381-04:00  INFO 36544 --- [http-nio-8080-exec-1] c.m.m.c.GoogleApiProxyController         : Place types for Fort Henry Trail System: [hiking_area, sports_activity_location, point_of_interest, establishment]
2026-09-21T11:09:23.382-04:00  INFO 36544 --- [http-nio-8080-exec-1] c.m.m.c.GoogleApiProxyController         : Mapped: Fort Henry Trail System, Rating: 3.8, Reviews: 33, EntityType: hiking_area
2026-09-21T11:09:23.382-04:00  INFO 36544 --- [http-nio-8080-exec-1] c.m.m.c.GoogleApiProxyController         : Place types for Mill Branch Trail - trailhead: [hiking_area, sports_activity_location, point_of_interest, establishment]
2026-09-21T11:09:23.382-04:00  INFO 36544 --- [http-nio-8080-exec-1] c.m.m.c.GoogleApiProxyController         : Mapped: Mill Branch Trail - trailhead, Rating: 4.8, Reviews: 11, EntityType: hiking_area
2026-09-21T11:09:23.382-04:00  INFO 36544 --- [http-nio-8080-exec-1] c.m.m.c.GoogleApiProxyController         : Place types for Canal Loop Trailhead at North Welcome Station: [hiking_area, cycling_park, national_park, park, sports_activity_location, point_of_interest, establishment]
2026-09-21T11:09:23.382-04:00  INFO 36544 --- [http-nio-8080-exec-1] c.m.m.c.GoogleApiProxyController         : Mapped: Canal Loop Trailhead at North Welcome Station, Rating: 4.8, Reviews: 32, EntityType: national_park
2026-09-21T11:09:23.382-04:00  INFO 36544 --- [http-nio-8080-exec-1] c.m.m.c.GoogleApiProxyController         : Place types for Livingston County Trail System: [hiking_area, sports_activity_location, point_of_interest, establishment]
2026-09-21T11:09:23.382-04:00  INFO 36544 --- [http-nio-8080-exec-1] c.m.m.c.GoogleApiProxyController         : Mapped: Livingston County Trail System, Rating: 4.9, Reviews: 31, EntityType: hiking_area
2026-09-21T11:09:23.382-04:00  INFO 36544 --- [http-nio-8080-exec-1] c.m.m.c.GoogleApiProxyController         : Place types for The Trails at Fontanel: [hiking_area, tourist_attraction, sports_activity_location, point_of_interest, establishment]
2026-09-21T11:09:23.382-04:00  INFO 36544 --- [http-nio-8080-exec-1] c.m.m.c.GoogleApiProxyController         : Mapped: The Trails at Fontanel, Rating: 4.5, Reviews: 247, EntityType: hiking_area
2026-09-21T11:09:23.382-04:00  INFO 36544 --- [http-nio-8080-exec-1] c.m.m.c.GoogleApiProxyController         : Place types for Veteran's Memorial Trailhead: [hiking_area, sports_activity_location, point_of_interest, establishment]
2026-09-21T11:09:23.382-04:00  INFO 36544 --- [http-nio-8080-exec-1] c.m.m.c.GoogleApiProxyController         : Mapped: Veteran's Memorial Trailhead, Rating: 4.8, Reviews: 135, EntityType: hiking_area
2026-09-21T11:09:23.382-04:00  INFO 36544 --- [http-nio-8080-exec-1] c.m.m.c.GoogleApiProxyController         : Place types for Central Hardwoods Scenic Trail Trailhead (English Hill)): [hiking_area, sports_activity_location, point_of_interest, establishment]
2026-09-21T11:09:23.382-04:00  INFO 36544 --- [http-nio-8080-exec-1] c.m.m.c.GoogleApiProxyController         : Mapped: Central Hardwoods Scenic Trail Trailhead (English Hill)), Rating: 4.0, Reviews: 1, EntityType: hiking_area
2026-09-21T11:09:23.382-04:00  INFO 36544 --- [http-nio-8080-exec-1] c.m.m.c.GoogleApiProxyController         : Place types for Center Furnace Trailhead: [hiking_area, historical_landmark, national_park, park, sports_activity_location, historical_place, point_of_interest, establishment]
2026-09-21T11:09:23.382-04:00  INFO 36544 --- [http-nio-8080-exec-1] c.m.m.c.GoogleApiProxyController         : Mapped: Center Furnace Trailhead, Rating: 4.7, Reviews: 20, EntityType: national_park
2026-09-21T11:09:23.382-04:00  INFO 36544 --- [http-nio-8080-exec-1] c.m.m.c.GoogleApiProxyController         : Place types for Wooded Trail System at Union University: [hiking_area, sports_activity_location, point_of_interest, establishment]
2026-09-21T11:09:23.383-04:00  INFO 36544 --- [http-nio-8080-exec-1] c.m.m.c.GoogleApiProxyController         : Mapped: Wooded Trail System at Union University, Rating: 4.7, Reviews: 34, EntityType: hiking_area
2026-09-21T11:09:23.383-04:00  INFO 36544 --- [http-nio-8080-exec-1] c.m.m.c.GoogleApiProxyController         : Place types for Harpeth River Greenway Bellevue Exchange Club Trailhead: [hiking_area, sports_activity_location, point_of_interest, establishment]
2026-09-21T11:09:23.383-04:00  INFO 36544 --- [http-nio-8080-exec-1] c.m.m.c.GoogleApiProxyController         : Mapped: Harpeth River Greenway Bellevue Exchange Club Trailhead, Rating: 5.0, Reviews: 9, EntityType: hiking_area
2026-09-21T11:09:23.383-04:00  INFO 36544 --- [http-nio-8080-exec-1] c.m.m.c.GoogleApiProxyController         : Place types for Richland Creek Greenway - McCabe Trailhead: [hiking_area, sports_activity_location, point_of_interest, establishment]
2026-09-21T11:09:23.383-04:00  INFO 36544 --- [http-nio-8080-exec-1] c.m.m.c.GoogleApiProxyController         : Mapped: Richland Creek Greenway - McCabe Trailhead, Rating: 4.8, Reviews: 269, EntityType: hiking_area
2026-09-21T11:09:23.383-04:00  INFO 36544 --- [http-nio-8080-exec-1] c.m.m.c.GoogleApiProxyController         : Place types for Devil’s Standtable Nature Trail: [hiking_area, tourist_attraction, sports_activity_location, point_of_interest, establishment]
2026-09-21T11:09:23.383-04:00  INFO 36544 --- [http-nio-8080-exec-1] c.m.m.c.GoogleApiProxyController         : Mapped: Devil’s Standtable Nature Trail, Rating: 4.7, Reviews: 256, EntityType: hiking_area
2026-09-21T11:09:23.383-04:00  INFO 36544 --- [http-nio-8080-exec-1] c.m.m.c.GoogleApiProxyController         : Place types for Chickering Trailhead: [hiking_area, tourist_attraction, sports_activity_location, point_of_interest, establishment]
2026-09-21T11:09:23.383-04:00  INFO 36544 --- [http-nio-8080-exec-1] c.m.m.c.GoogleApiProxyController         : Mapped: Chickering Trailhead, Rating: 4.8, Reviews: 74, EntityType: hiking_area
2026-09-21T11:09:23.383-04:00  INFO 36544 --- [http-nio-8080-exec-1] c.m.m.c.GoogleApiProxyController         : Place types for Bell Smith Springs Natural Bridge Trailhead: [hiking_area, sports_activity_location, point_of_interest, establishment]
2026-09-21T11:09:23.383-04:00  INFO 36544 --- [http-nio-8080-exec-1] c.m.m.c.GoogleApiProxyController         : Mapped: Bell Smith Springs Natural Bridge Trailhead, Rating: 4.8, Reviews: 24, EntityType: hiking_area
2026-09-21T11:09:23.383-04:00  INFO 36544 --- [http-nio-8080-exec-1] c.m.m.c.GoogleApiProxyController         : Place types for Indian Kitchen Trailhead: [hiking_area, sports_activity_location, point_of_interest, establishment]
2026-09-21T11:09:23.383-04:00  INFO 36544 --- [http-nio-8080-exec-1] c.m.m.c.GoogleApiProxyController         : Mapped: Indian Kitchen Trailhead, Rating: 4.8, Reviews: 21, EntityType: hiking_area
2026-09-21T11:09:23.383-04:00  INFO 36544 --- [http-nio-8080-exec-1] c.m.m.c.GoogleApiProxyController         : Place types for Garden of the Gods Recreation Area: [hiking_area, tourist_attraction, sports_activity_location, point_of_interest, establishment]
2026-09-21T11:09:23.383-04:00  INFO 36544 --- [http-nio-8080-exec-1] c.m.m.c.GoogleApiProxyController         : Mapped: Garden of the Gods Recreation Area, Rating: 4.9, Reviews: 5550, EntityType: hiking_area
2026-09-21T11:09:23.383-04:00  INFO 36544 --- [http-nio-8080-exec-1] c.m.m.c.GoogleApiProxyController         : Place types for Cedar Creek GreenwayTrailhead: [hiking_area, sports_activity_location, point_of_interest, establishment]
2026-09-21T11:09:23.383-04:00  INFO 36544 --- [http-nio-8080-exec-1] c.m.m.c.GoogleApiProxyController         : Mapped: Cedar Creek GreenwayTrailhead, Rating: 4.7, Reviews: 33, EntityType: hiking_area
2026-09-21T11:09:23.383-04:00  INFO 36544 --- [http-nio-8080-exec-1] c.m.m.c.GoogleApiProxyController         : Place types for Thompson Lane Trailhead: [hiking_area, tourist_attraction, sports_activity_location, point_of_interest, establishment]
2026-09-21T11:09:23.384-04:00  INFO 36544 --- [http-nio-8080-exec-1] c.m.m.c.GoogleApiProxyController         : Mapped: Thompson Lane Trailhead, Rating: 4.8, Reviews: 395, EntityType: hiking_area
2026-09-21T11:09:23.384-04:00  INFO 36544 --- [http-nio-8080-exec-1] c.m.m.c.GoogleApiProxyController         : Place types for Richland Creek Greenway - Lion's Head Trailhead: [hiking_area, sports_activity_location, point_of_interest, establishment]
2026-09-21T11:09:23.384-04:00  INFO 36544 --- [http-nio-8080-exec-1] c.m.m.c.GoogleApiProxyController         : Mapped: Richland Creek Greenway - Lion's Head Trailhead, Rating: 5.0, Reviews: 11, EntityType: hiking_area
2026-09-21T11:09:23.384-04:00  INFO 36544 --- [http-nio-8080-exec-1] c.m.m.c.GoogleApiProxyController         : Place types for Gaucho Road Trailhead: [hiking_area, sports_activity_location, point_of_interest, establishment]
2026-09-21T11:09:23.384-04:00  INFO 36544 --- [http-nio-8080-exec-1] c.m.m.c.GoogleApiProxyController         : Mapped: Gaucho Road Trailhead, Rating: 4.5, Reviews: 11, EntityType: hiking_area
2026-09-21T11:09:23.421-04:00  INFO 36544 --- [http-nio-8080-exec-1] c.m.m.service.PlacesCacheService         : Saved 20 spots to places_cache
2026-09-21T11:09:23.421-04:00  INFO 36544 --- [http-nio-8080-exec-1] c.m.m.c.GoogleApiProxyController         : Backfilled 20 keyword spots to MySQL cache
2026-09-21T11:09:23.426-04:00  INFO 36544 --- [http-nio-8080-exec-1] c.m.m.service.RouteBeautifierService     : Qualified spot: Paris Henry County Heritage Center at 36.3079202,-88.3256483 distFromStart=561.1km source=NB
2026-09-21T11:09:23.432-04:00  INFO 36544 --- [http-nio-8080-exec-1] c.m.m.c.GoogleApiProxyController         : MySQL cache miss — calling Google Places API near (36.683447,-88.614373)
2026-09-21T11:09:23.586-04:00  INFO 36544 --- [http-nio-8080-exec-1] c.m.m.c.GoogleApiProxyController         : Place types for Wooldridge Monuments: [historical_landmark, historical_place, point_of_interest, establishment]
2026-09-21T11:09:23.587-04:00  INFO 36544 --- [http-nio-8080-exec-1] c.m.m.c.GoogleApiProxyController         : Mapped: Wooldridge Monuments, Rating: 4.6, Reviews: 71, EntityType: historical_landmark
2026-09-21T11:09:23.587-04:00  INFO 36544 --- [http-nio-8080-exec-1] c.m.m.c.GoogleApiProxyController         : Place types for Princess Theaters: [movie_theater, tourist_attraction, point_of_interest, establishment]
2026-09-21T11:09:23.587-04:00  INFO 36544 --- [http-nio-8080-exec-1] c.m.m.c.GoogleApiProxyController         : Mapped: Princess Theaters, Rating: 4.6, Reviews: 282, EntityType: tourist_attraction
2026-09-21T11:09:23.587-04:00  INFO 36544 --- [http-nio-8080-exec-1] c.m.m.c.GoogleApiProxyController         : Place types for Cartwright Grove: [tourist_attraction, point_of_interest, establishment]
2026-09-21T11:09:23.587-04:00  INFO 36544 --- [http-nio-8080-exec-1] c.m.m.c.GoogleApiProxyController         : Mapped: Cartwright Grove, Rating: 4.9, Reviews: 17, EntityType: tourist_attraction
2026-09-21T11:09:23.587-04:00  INFO 36544 --- [http-nio-8080-exec-1] c.m.m.c.GoogleApiProxyController         : Place types for Graves Co Fiscal Court: [courthouse, local_government_office, government_office, service, point_of_interest, establishment]
2026-09-21T11:09:23.587-04:00  INFO 36544 --- [http-nio-8080-exec-1] c.m.m.c.GoogleApiProxyController         : Mapped: Graves Co Fiscal Court, Rating: 0.0, Reviews: 0, EntityType: courthouse
2026-09-21T11:09:23.587-04:00  INFO 36544 --- [http-nio-8080-exec-1] c.m.m.c.GoogleApiProxyController         : Place types for Graves County Court House: [courthouse, government_office, service, point_of_interest, establishment]
2026-09-21T11:09:23.587-04:00  INFO 36544 --- [http-nio-8080-exec-1] c.m.m.c.GoogleApiProxyController         : Mapped: Graves County Court House, Rating: 0.0, Reviews: 0, EntityType: courthouse
2026-09-21T11:09:23.587-04:00  INFO 36544 --- [http-nio-8080-exec-1] c.m.m.c.GoogleApiProxyController         : Place types for National Humane Alliance Animal Fountain: [historical_landmark, historical_place, point_of_interest, establishment]
2026-09-21T11:09:23.587-04:00  INFO 36544 --- [http-nio-8080-exec-1] c.m.m.c.GoogleApiProxyController         : Mapped: National Humane Alliance Animal Fountain, Rating: 0.0, Reviews: 0, EntityType: historical_landmark
2026-09-21T11:09:23.607-04:00  INFO 36544 --- [http-nio-8080-exec-1] c.m.m.service.PlacesCacheService         : Saved 6 spots to places_cache
2026-09-21T11:09:23.607-04:00  INFO 36544 --- [http-nio-8080-exec-1] c.m.m.c.GoogleApiProxyController         : Backfilled 6 spots to MySQL cache
2026-09-21T11:09:23.609-04:00  INFO 36544 --- [http-nio-8080-exec-1] c.m.m.c.GoogleApiProxyController         : MySQL cache miss — calling Google Places searchText near (36.683447,-88.614373) keyword=trailhead trail access hiking
2026-09-21T11:09:23.925-04:00  INFO 36544 --- [http-nio-8080-exec-1] c.m.m.c.GoogleApiProxyController         : Place types for Lakeside Trail Trailhead Parking: [hiking_area, sports_activity_location, point_of_interest, establishment]
2026-09-21T11:09:23.925-04:00  INFO 36544 --- [http-nio-8080-exec-1] c.m.m.c.GoogleApiProxyController         : Mapped: Lakeside Trail Trailhead Parking, Rating: 4.6, Reviews: 5, EntityType: hiking_area
2026-09-21T11:09:23.925-04:00  INFO 36544 --- [http-nio-8080-exec-1] c.m.m.c.GoogleApiProxyController         : Place types for Canal Loop Trailhead at North Welcome Station: [hiking_area, cycling_park, national_park, park, sports_activity_location, point_of_interest, establishment]
2026-09-21T11:09:23.925-04:00  INFO 36544 --- [http-nio-8080-exec-1] c.m.m.c.GoogleApiProxyController         : Mapped: Canal Loop Trailhead at North Welcome Station, Rating: 4.8, Reviews: 32, EntityType: national_park
2026-09-21T11:09:23.925-04:00  INFO 36544 --- [http-nio-8080-exec-1] c.m.m.c.GoogleApiProxyController         : Place types for Livingston County Trail System: [hiking_area, sports_activity_location, point_of_interest, establishment]
2026-09-21T11:09:23.925-04:00  INFO 36544 --- [http-nio-8080-exec-1] c.m.m.c.GoogleApiProxyController         : Mapped: Livingston County Trail System, Rating: 4.9, Reviews: 31, EntityType: hiking_area
2026-09-21T11:09:23.925-04:00  INFO 36544 --- [http-nio-8080-exec-1] c.m.m.c.GoogleApiProxyController         : Place types for Mill Branch Trail - trailhead: [hiking_area, sports_activity_location, point_of_interest, establishment]
2026-09-21T11:09:23.925-04:00  INFO 36544 --- [http-nio-8080-exec-1] c.m.m.c.GoogleApiProxyController         : Mapped: Mill Branch Trail - trailhead, Rating: 4.8, Reviews: 11, EntityType: hiking_area
2026-09-21T11:09:23.925-04:00  INFO 36544 --- [http-nio-8080-exec-1] c.m.m.c.GoogleApiProxyController         : Place types for Long Creek Trailhead: [hiking_area, national_park, park, sports_activity_location, point_of_interest, establishment]
2026-09-21T11:09:23.925-04:00  INFO 36544 --- [http-nio-8080-exec-1] c.m.m.c.GoogleApiProxyController         : Mapped: Long Creek Trailhead, Rating: 4.2, Reviews: 15, EntityType: national_park
2026-09-21T11:09:23.925-04:00  INFO 36544 --- [http-nio-8080-exec-1] c.m.m.c.GoogleApiProxyController         : Place types for Canal Loop Trailhead at Kentucky Lake Scenic Drive: [hiking_area, national_park, park, sports_activity_location, point_of_interest, establishment]
2026-09-21T11:09:23.925-04:00  INFO 36544 --- [http-nio-8080-exec-1] c.m.m.c.GoogleApiProxyController         : Mapped: Canal Loop Trailhead at Kentucky Lake Scenic Drive, Rating: 4.6, Reviews: 93, EntityType: national_park
2026-09-21T11:09:23.925-04:00  INFO 36544 --- [http-nio-8080-exec-1] c.m.m.c.GoogleApiProxyController         : Place types for Lusk Creek Trailhead: [hiking_area, tourist_attraction, sports_activity_location, point_of_interest, establishment]
2026-09-21T11:09:23.925-04:00  INFO 36544 --- [http-nio-8080-exec-1] c.m.m.c.GoogleApiProxyController         : Mapped: Lusk Creek Trailhead, Rating: 4.6, Reviews: 34, EntityType: hiking_area
2026-09-21T11:09:23.925-04:00  INFO 36544 --- [http-nio-8080-exec-1] c.m.m.c.GoogleApiProxyController         : Place types for Devil’s Standtable Nature Trail: [hiking_area, tourist_attraction, sports_activity_location, point_of_interest, establishment]
2026-09-21T11:09:23.926-04:00  INFO 36544 --- [http-nio-8080-exec-1] c.m.m.c.GoogleApiProxyController         : Mapped: Devil’s Standtable Nature Trail, Rating: 4.7, Reviews: 256, EntityType: hiking_area
2026-09-21T11:09:23.926-04:00  INFO 36544 --- [http-nio-8080-exec-1] c.m.m.c.GoogleApiProxyController         : Place types for Indian Kitchen Trailhead: [hiking_area, sports_activity_location, point_of_interest, establishment]
2026-09-21T11:09:23.926-04:00  INFO 36544 --- [http-nio-8080-exec-1] c.m.m.c.GoogleApiProxyController         : Mapped: Indian Kitchen Trailhead, Rating: 4.8, Reviews: 21, EntityType: hiking_area
2026-09-21T11:09:23.926-04:00  INFO 36544 --- [http-nio-8080-exec-1] c.m.m.c.GoogleApiProxyController         : Place types for Bell Smith Springs Natural Bridge Trailhead: [hiking_area, sports_activity_location, point_of_interest, establishment]
2026-09-21T11:09:23.926-04:00  INFO 36544 --- [http-nio-8080-exec-1] c.m.m.c.GoogleApiProxyController         : Mapped: Bell Smith Springs Natural Bridge Trailhead, Rating: 4.8, Reviews: 24, EntityType: hiking_area
2026-09-21T11:09:23.926-04:00  INFO 36544 --- [http-nio-8080-exec-1] c.m.m.c.GoogleApiProxyController         : Place types for North/South Trailhead (North End): [hiking_area, sports_activity_location, point_of_interest, establishment]
2026-09-21T11:09:23.926-04:00  INFO 36544 --- [http-nio-8080-exec-1] c.m.m.c.GoogleApiProxyController         : Mapped: North/South Trailhead (North End), Rating: 5.0, Reviews: 6, EntityType: hiking_area
2026-09-21T11:09:23.926-04:00  INFO 36544 --- [http-nio-8080-exec-1] c.m.m.c.GoogleApiProxyController         : Place types for Tunnel Hill Trail Head: [hiking_area, sports_activity_location, point_of_interest, establishment]
2026-09-21T11:09:23.926-04:00  INFO 36544 --- [http-nio-8080-exec-1] c.m.m.c.GoogleApiProxyController         : Mapped: Tunnel Hill Trail Head, Rating: 4.8, Reviews: 42, EntityType: hiking_area
2026-09-21T11:09:23.926-04:00  INFO 36544 --- [http-nio-8080-exec-1] c.m.m.c.GoogleApiProxyController         : Place types for Center Furnace Trailhead: [hiking_area, historical_landmark, historical_place, national_park, park, sports_activity_location, point_of_interest, establishment]
2026-09-21T11:09:23.926-04:00  INFO 36544 --- [http-nio-8080-exec-1] c.m.m.c.GoogleApiProxyController         : Mapped: Center Furnace Trailhead, Rating: 4.7, Reviews: 20, EntityType: national_park
2026-09-21T11:09:23.926-04:00  INFO 36544 --- [http-nio-8080-exec-1] c.m.m.c.GoogleApiProxyController         : Place types for Central Hardwoods Scenic Trail Trailhead (English Hill)): [hiking_area, sports_activity_location, point_of_interest, establishment]
2026-09-21T11:09:23.926-04:00  INFO 36544 --- [http-nio-8080-exec-1] c.m.m.c.GoogleApiProxyController         : Mapped: Central Hardwoods Scenic Trail Trailhead (English Hill)), Rating: 4.0, Reviews: 1, EntityType: hiking_area
2026-09-21T11:09:23.926-04:00  INFO 36544 --- [http-nio-8080-exec-1] c.m.m.c.GoogleApiProxyController         : Place types for Benham Hill Trailhead: [hiking_area, sports_activity_location, point_of_interest, establishment]
2026-09-21T11:09:23.926-04:00  INFO 36544 --- [http-nio-8080-exec-1] c.m.m.c.GoogleApiProxyController         : Mapped: Benham Hill Trailhead, Rating: 4.7, Reviews: 6, EntityType: hiking_area
2026-09-21T11:09:23.926-04:00  INFO 36544 --- [http-nio-8080-exec-1] c.m.m.c.GoogleApiProxyController         : Place types for Garden of the Gods Recreation Area: [hiking_area, tourist_attraction, sports_activity_location, point_of_interest, establishment]
2026-09-21T11:09:23.926-04:00  INFO 36544 --- [http-nio-8080-exec-1] c.m.m.c.GoogleApiProxyController         : Mapped: Garden of the Gods Recreation Area, Rating: 4.9, Reviews: 5550, EntityType: hiking_area
2026-09-21T11:09:23.926-04:00  INFO 36544 --- [http-nio-8080-exec-1] c.m.m.c.GoogleApiProxyController         : Place types for Tunnel Hill State Trail parking & trailhead: [hiking_area, sports_activity_location, point_of_interest, establishment]
2026-09-21T11:09:23.926-04:00  INFO 36544 --- [http-nio-8080-exec-1] c.m.m.c.GoogleApiProxyController         : Mapped: Tunnel Hill State Trail parking & trailhead, Rating: 4.7, Reviews: 26, EntityType: hiking_area
2026-09-21T11:09:23.926-04:00  INFO 36544 --- [http-nio-8080-exec-1] c.m.m.c.GoogleApiProxyController         : Place types for Cedar Lake Trail Access: [hiking_area, tourist_attraction, sports_activity_location, point_of_interest, establishment]
2026-09-21T11:09:23.926-04:00  INFO 36544 --- [http-nio-8080-exec-1] c.m.m.c.GoogleApiProxyController         : Mapped: Cedar Lake Trail Access, Rating: 3.0, Reviews: 2, EntityType: hiking_area
2026-09-21T11:09:23.926-04:00  INFO 36544 --- [http-nio-8080-exec-1] c.m.m.c.GoogleApiProxyController         : Place types for Pickle Creek Trailhead: [hiking_area, sports_activity_location, point_of_interest, establishment]
2026-09-21T11:09:23.926-04:00  INFO 36544 --- [http-nio-8080-exec-1] c.m.m.c.GoogleApiProxyController         : Mapped: Pickle Creek Trailhead, Rating: 4.9, Reviews: 38, EntityType: hiking_area
2026-09-21T11:09:23.926-04:00  INFO 36544 --- [http-nio-8080-exec-1] c.m.m.c.GoogleApiProxyController         : Place types for Veteran's Memorial Trailhead: [hiking_area, sports_activity_location, point_of_interest, establishment]
2026-09-21T11:09:23.926-04:00  INFO 36544 --- [http-nio-8080-exec-1] c.m.m.c.GoogleApiProxyController         : Mapped: Veteran's Memorial Trailhead, Rating: 4.8, Reviews: 135, EntityType: hiking_area
2026-09-21T11:09:23.965-04:00  INFO 36544 --- [http-nio-8080-exec-1] c.m.m.service.PlacesCacheService         : Saved 20 spots to places_cache
2026-09-21T11:09:23.965-04:00  INFO 36544 --- [http-nio-8080-exec-1] c.m.m.c.GoogleApiProxyController         : Backfilled 20 keyword spots to MySQL cache
2026-09-21T11:09:23.970-04:00  INFO 36544 --- [http-nio-8080-exec-1] c.m.m.service.RouteBeautifierService     : Qualified spot: Wooldridge Monuments at 36.749477999999996,-88.6365031 distFromStart=596.4km source=NB
2026-09-21T11:09:23.972-04:00  INFO 36544 --- [http-nio-8080-exec-1] c.m.m.service.RouteBeautifierService     : Qualified spot: Princess Theaters at 36.725745499999995,-88.62772969999999 distFromStart=596.4km source=NB
2026-09-21T11:09:23.974-04:00  INFO 36544 --- [http-nio-8080-exec-1] c.m.m.c.GoogleApiProxyController         : MySQL cache hit: 2 spots near (36.898985,-88.906465)
2026-09-21T11:09:23.976-04:00  INFO 36544 --- [http-nio-8080-exec-1] c.m.m.c.GoogleApiProxyController         : MySQL cache miss — calling Google Places searchText near (36.898985,-88.906465) keyword=trailhead trail access hiking
2026-09-21T11:09:24.280-04:00  INFO 36544 --- [http-nio-8080-exec-1] c.m.m.c.GoogleApiProxyController         : Place types for Mill Branch Trail - trailhead: [hiking_area, sports_activity_location, point_of_interest, establishment]
2026-09-21T11:09:24.281-04:00  INFO 36544 --- [http-nio-8080-exec-1] c.m.m.c.GoogleApiProxyController         : Mapped: Mill Branch Trail - trailhead, Rating: 4.8, Reviews: 11, EntityType: hiking_area
2026-09-21T11:09:24.281-04:00  INFO 36544 --- [http-nio-8080-exec-1] c.m.m.c.GoogleApiProxyController         : Place types for Livingston County Trail System: [hiking_area, sports_activity_location, point_of_interest, establishment]
2026-09-21T11:09:24.281-04:00  INFO 36544 --- [http-nio-8080-exec-1] c.m.m.c.GoogleApiProxyController         : Mapped: Livingston County Trail System, Rating: 4.9, Reviews: 31, EntityType: hiking_area
2026-09-21T11:09:24.281-04:00  INFO 36544 --- [http-nio-8080-exec-1] c.m.m.c.GoogleApiProxyController         : Place types for Canal Loop Trailhead at North Welcome Station: [hiking_area, cycling_park, national_park, park, sports_activity_location, point_of_interest, establishment]
2026-09-21T11:09:24.281-04:00  INFO 36544 --- [http-nio-8080-exec-1] c.m.m.c.GoogleApiProxyController         : Mapped: Canal Loop Trailhead at North Welcome Station, Rating: 4.8, Reviews: 32, EntityType: national_park
2026-09-21T11:09:24.281-04:00  INFO 36544 --- [http-nio-8080-exec-1] c.m.m.c.GoogleApiProxyController         : Place types for Tunnel Hill Trail Head: [hiking_area, sports_activity_location, point_of_interest, establishment]
2026-09-21T11:09:24.281-04:00  INFO 36544 --- [http-nio-8080-exec-1] c.m.m.c.GoogleApiProxyController         : Mapped: Tunnel Hill Trail Head, Rating: 4.8, Reviews: 42, EntityType: hiking_area
2026-09-21T11:09:24.281-04:00  INFO 36544 --- [http-nio-8080-exec-1] c.m.m.c.GoogleApiProxyController         : Place types for Lakeside Trail Trailhead Parking: [hiking_area, sports_activity_location, point_of_interest, establishment]
2026-09-21T11:09:24.281-04:00  INFO 36544 --- [http-nio-8080-exec-1] c.m.m.c.GoogleApiProxyController         : Mapped: Lakeside Trail Trailhead Parking, Rating: 4.6, Reviews: 5, EntityType: hiking_area
2026-09-21T11:09:24.281-04:00  INFO 36544 --- [http-nio-8080-exec-1] c.m.m.c.GoogleApiProxyController         : Place types for Devil’s Standtable Nature Trail: [hiking_area, tourist_attraction, sports_activity_location, point_of_interest, establishment]
2026-09-21T11:09:24.281-04:00  INFO 36544 --- [http-nio-8080-exec-1] c.m.m.c.GoogleApiProxyController         : Mapped: Devil’s Standtable Nature Trail, Rating: 4.7, Reviews: 256, EntityType: hiking_area
2026-09-21T11:09:24.281-04:00  INFO 36544 --- [http-nio-8080-exec-1] c.m.m.c.GoogleApiProxyController         : Place types for Lusk Creek Trailhead: [hiking_area, tourist_attraction, sports_activity_location, point_of_interest, establishment]
2026-09-21T11:09:24.281-04:00  INFO 36544 --- [http-nio-8080-exec-1] c.m.m.c.GoogleApiProxyController         : Mapped: Lusk Creek Trailhead, Rating: 4.6, Reviews: 34, EntityType: hiking_area
2026-09-21T11:09:24.281-04:00  INFO 36544 --- [http-nio-8080-exec-1] c.m.m.c.GoogleApiProxyController         : Place types for Indian Kitchen Trailhead: [hiking_area, sports_activity_location, point_of_interest, establishment]
2026-09-21T11:09:24.281-04:00  INFO 36544 --- [http-nio-8080-exec-1] c.m.m.c.GoogleApiProxyController         : Mapped: Indian Kitchen Trailhead, Rating: 4.8, Reviews: 21, EntityType: hiking_area
2026-09-21T11:09:24.281-04:00  INFO 36544 --- [http-nio-8080-exec-1] c.m.m.c.GoogleApiProxyController         : Place types for Tunnel Hill Trail x River to River Trail: [hiking_area, sports_activity_location, point_of_interest, establishment]
2026-09-21T11:09:24.281-04:00  INFO 36544 --- [http-nio-8080-exec-1] c.m.m.c.GoogleApiProxyController         : Mapped: Tunnel Hill Trail x River to River Trail, Rating: 5.0, Reviews: 4, EntityType: hiking_area
2026-09-21T11:09:24.281-04:00  INFO 36544 --- [http-nio-8080-exec-1] c.m.m.c.GoogleApiProxyController         : Place types for Canal Loop Trailhead at Kentucky Lake Scenic Drive: [hiking_area, national_park, park, sports_activity_location, point_of_interest, establishment]
2026-09-21T11:09:24.281-04:00  INFO 36544 --- [http-nio-8080-exec-1] c.m.m.c.GoogleApiProxyController         : Mapped: Canal Loop Trailhead at Kentucky Lake Scenic Drive, Rating: 4.6, Reviews: 93, EntityType: national_park
2026-09-21T11:09:24.281-04:00  INFO 36544 --- [http-nio-8080-exec-1] c.m.m.c.GoogleApiProxyController         : Place types for Rocky Bluff Trail: [hiking_area, sports_activity_location, point_of_interest, establishment]
2026-09-21T11:09:24.281-04:00  INFO 36544 --- [http-nio-8080-exec-1] c.m.m.c.GoogleApiProxyController         : Mapped: Rocky Bluff Trail, Rating: 4.7, Reviews: 162, EntityType: hiking_area
2026-09-21T11:09:24.281-04:00  INFO 36544 --- [http-nio-8080-exec-1] c.m.m.c.GoogleApiProxyController         : Place types for Long Creek Trailhead: [hiking_area, national_park, park, sports_activity_location, point_of_interest, establishment]
2026-09-21T11:09:24.281-04:00  INFO 36544 --- [http-nio-8080-exec-1] c.m.m.c.GoogleApiProxyController         : Mapped: Long Creek Trailhead, Rating: 4.2, Reviews: 15, EntityType: national_park
2026-09-21T11:09:24.281-04:00  INFO 36544 --- [http-nio-8080-exec-1] c.m.m.c.GoogleApiProxyController         : Place types for Bell Smith Springs Natural Bridge Trailhead: [hiking_area, sports_activity_location, point_of_interest, establishment]
2026-09-21T11:09:24.281-04:00  INFO 36544 --- [http-nio-8080-exec-1] c.m.m.c.GoogleApiProxyController         : Mapped: Bell Smith Springs Natural Bridge Trailhead, Rating: 4.8, Reviews: 24, EntityType: hiking_area
2026-09-21T11:09:24.281-04:00  INFO 36544 --- [http-nio-8080-exec-1] c.m.m.c.GoogleApiProxyController         : Place types for Cedar Lake Trail Access: [hiking_area, tourist_attraction, sports_activity_location, point_of_interest, establishment]
2026-09-21T11:09:24.281-04:00  INFO 36544 --- [http-nio-8080-exec-1] c.m.m.c.GoogleApiProxyController         : Mapped: Cedar Lake Trail Access, Rating: 3.0, Reviews: 2, EntityType: hiking_area
2026-09-21T11:09:24.281-04:00  INFO 36544 --- [http-nio-8080-exec-1] c.m.m.c.GoogleApiProxyController         : Place types for Tunnel Hill State Trail parking & trailhead: [hiking_area, sports_activity_location, point_of_interest, establishment]
2026-09-21T11:09:24.281-04:00  INFO 36544 --- [http-nio-8080-exec-1] c.m.m.c.GoogleApiProxyController         : Mapped: Tunnel Hill State Trail parking & trailhead, Rating: 4.7, Reviews: 26, EntityType: hiking_area
2026-09-21T11:09:24.281-04:00  INFO 36544 --- [http-nio-8080-exec-1] c.m.m.c.GoogleApiProxyController         : Place types for Benham Hill Trailhead: [hiking_area, sports_activity_location, point_of_interest, establishment]
2026-09-21T11:09:24.281-04:00  INFO 36544 --- [http-nio-8080-exec-1] c.m.m.c.GoogleApiProxyController         : Mapped: Benham Hill Trailhead, Rating: 4.7, Reviews: 6, EntityType: hiking_area
2026-09-21T11:09:24.281-04:00  INFO 36544 --- [http-nio-8080-exec-1] c.m.m.c.GoogleApiProxyController         : Place types for Quetil Trail Trailhead: [hiking_area, sports_activity_location, point_of_interest, establishment]
2026-09-21T11:09:24.281-04:00  INFO 36544 --- [http-nio-8080-exec-1] c.m.m.c.GoogleApiProxyController         : Mapped: Quetil Trail Trailhead, Rating: 5.0, Reviews: 3, EntityType: hiking_area
2026-09-21T11:09:24.282-04:00  INFO 36544 --- [http-nio-8080-exec-1] c.m.m.c.GoogleApiProxyController         : Place types for Pickle Creek Trailhead: [hiking_area, sports_activity_location, point_of_interest, establishment]
2026-09-21T11:09:24.282-04:00  INFO 36544 --- [http-nio-8080-exec-1] c.m.m.c.GoogleApiProxyController         : Mapped: Pickle Creek Trailhead, Rating: 4.9, Reviews: 38, EntityType: hiking_area
2026-09-21T11:09:24.282-04:00  INFO 36544 --- [http-nio-8080-exec-1] c.m.m.c.GoogleApiProxyController         : Place types for Cove Hollow Trailhead: [hiking_area, tourist_attraction, sports_activity_location, point_of_interest, establishment]
2026-09-21T11:09:24.282-04:00  INFO 36544 --- [http-nio-8080-exec-1] c.m.m.c.GoogleApiProxyController         : Mapped: Cove Hollow Trailhead, Rating: 4.7, Reviews: 122, EntityType: hiking_area
2026-09-21T11:09:24.282-04:00  INFO 36544 --- [http-nio-8080-exec-1] c.m.m.c.GoogleApiProxyController         : Place types for Stone Face Trailhead: [hiking_area, sports_activity_location, point_of_interest, establishment]
2026-09-21T11:09:24.282-04:00  INFO 36544 --- [http-nio-8080-exec-1] c.m.m.c.GoogleApiProxyController         : Mapped: Stone Face Trailhead, Rating: 4.6, Reviews: 25, EntityType: hiking_area
2026-09-21T11:09:24.309-04:00  INFO 36544 --- [http-nio-8080-exec-1] c.m.m.service.PlacesCacheService         : Saved 20 spots to places_cache
2026-09-21T11:09:24.309-04:00  INFO 36544 --- [http-nio-8080-exec-1] c.m.m.c.GoogleApiProxyController         : Backfilled 20 keyword spots to MySQL cache
2026-09-21T11:09:24.314-04:00  INFO 36544 --- [http-nio-8080-exec-1] c.m.m.c.GoogleApiProxyController         : MySQL cache hit: 4 spots near (36.996203,-89.161719)
2026-09-21T11:09:24.316-04:00  INFO 36544 --- [http-nio-8080-exec-1] c.m.m.c.GoogleApiProxyController         : MySQL cache miss — calling Google Places searchText near (36.996203,-89.161719) keyword=trailhead trail access hiking
2026-09-21T11:09:24.684-04:00  INFO 36544 --- [http-nio-8080-exec-1] c.m.m.c.GoogleApiProxyController         : Place types for Mill Branch Trail - trailhead: [hiking_area, sports_activity_location, point_of_interest, establishment]
2026-09-21T11:09:24.684-04:00  INFO 36544 --- [http-nio-8080-exec-1] c.m.m.c.GoogleApiProxyController         : Mapped: Mill Branch Trail - trailhead, Rating: 4.8, Reviews: 11, EntityType: hiking_area
2026-09-21T11:09:24.684-04:00  INFO 36544 --- [http-nio-8080-exec-1] c.m.m.c.GoogleApiProxyController         : Place types for Devil’s Standtable Nature Trail: [hiking_area, tourist_attraction, sports_activity_location, point_of_interest, establishment]
2026-09-21T11:09:24.685-04:00  INFO 36544 --- [http-nio-8080-exec-1] c.m.m.c.GoogleApiProxyController         : Mapped: Devil’s Standtable Nature Trail, Rating: 4.7, Reviews: 256, EntityType: hiking_area
2026-09-21T11:09:24.685-04:00  INFO 36544 --- [http-nio-8080-exec-1] c.m.m.c.GoogleApiProxyController         : Place types for Rocky Bluff Trail: [hiking_area, sports_activity_location, point_of_interest, establishment]
2026-09-21T11:09:24.685-04:00  INFO 36544 --- [http-nio-8080-exec-1] c.m.m.c.GoogleApiProxyController         : Mapped: Rocky Bluff Trail, Rating: 4.7, Reviews: 162, EntityType: hiking_area
2026-09-21T11:09:24.685-04:00  INFO 36544 --- [http-nio-8080-exec-1] c.m.m.c.GoogleApiProxyController         : Place types for Tunnel Hill Trail x River to River Trail: [hiking_area, sports_activity_location, point_of_interest, establishment]
2026-09-21T11:09:24.685-04:00  INFO 36544 --- [http-nio-8080-exec-1] c.m.m.c.GoogleApiProxyController         : Mapped: Tunnel Hill Trail x River to River Trail, Rating: 5.0, Reviews: 4, EntityType: hiking_area
2026-09-21T11:09:24.685-04:00  INFO 36544 --- [http-nio-8080-exec-1] c.m.m.c.GoogleApiProxyController         : Place types for Canal Loop Trailhead at North Welcome Station: [hiking_area, cycling_park, national_park, park, sports_activity_location, point_of_interest, establishment]
2026-09-21T11:09:24.685-04:00  INFO 36544 --- [http-nio-8080-exec-1] c.m.m.c.GoogleApiProxyController         : Mapped: Canal Loop Trailhead at North Welcome Station, Rating: 4.8, Reviews: 32, EntityType: national_park
2026-09-21T11:09:24.685-04:00  INFO 36544 --- [http-nio-8080-exec-1] c.m.m.c.GoogleApiProxyController         : Place types for Shut-Ins Trail: [hiking_area, sports_activity_location, point_of_interest, establishment]
2026-09-21T11:09:24.685-04:00  INFO 36544 --- [http-nio-8080-exec-1] c.m.m.c.GoogleApiProxyController         : Mapped: Shut-Ins Trail, Rating: 4.8, Reviews: 138, EntityType: hiking_area
2026-09-21T11:09:24.685-04:00  INFO 36544 --- [http-nio-8080-exec-1] c.m.m.c.GoogleApiProxyController         : Place types for Bell Smith Springs Natural Bridge Trailhead: [hiking_area, sports_activity_location, point_of_interest, establishment]
2026-09-21T11:09:24.685-04:00  INFO 36544 --- [http-nio-8080-exec-1] c.m.m.c.GoogleApiProxyController         : Mapped: Bell Smith Springs Natural Bridge Trailhead, Rating: 4.8, Reviews: 24, EntityType: hiking_area
2026-09-21T11:09:24.685-04:00  INFO 36544 --- [http-nio-8080-exec-1] c.m.m.c.GoogleApiProxyController         : Place types for Indian Kitchen Trailhead: [hiking_area, sports_activity_location, point_of_interest, establishment]
2026-09-21T11:09:24.685-04:00  INFO 36544 --- [http-nio-8080-exec-1] c.m.m.c.GoogleApiProxyController         : Mapped: Indian Kitchen Trailhead, Rating: 4.8, Reviews: 21, EntityType: hiking_area
2026-09-21T11:09:24.685-04:00  INFO 36544 --- [http-nio-8080-exec-1] c.m.m.c.GoogleApiProxyController         : Place types for Cedar Lake Trail Access: [hiking_area, tourist_attraction, sports_activity_location, point_of_interest, establishment]
2026-09-21T11:09:24.685-04:00  INFO 36544 --- [http-nio-8080-exec-1] c.m.m.c.GoogleApiProxyController         : Mapped: Cedar Lake Trail Access, Rating: 3.0, Reviews: 2, EntityType: hiking_area
2026-09-21T11:09:24.685-04:00  INFO 36544 --- [http-nio-8080-exec-1] c.m.m.c.GoogleApiProxyController         : Place types for Tunnel Hill Trail Head: [hiking_area, sports_activity_location, point_of_interest, establishment]
2026-09-21T11:09:24.685-04:00  INFO 36544 --- [http-nio-8080-exec-1] c.m.m.c.GoogleApiProxyController         : Mapped: Tunnel Hill Trail Head, Rating: 4.8, Reviews: 42, EntityType: hiking_area
2026-09-21T11:09:24.685-04:00  INFO 36544 --- [http-nio-8080-exec-1] c.m.m.c.GoogleApiProxyController         : Place types for Post Oak Nature Trail: [hiking_area, sports_activity_location, point_of_interest, establishment]
2026-09-21T11:09:24.685-04:00  INFO 36544 --- [http-nio-8080-exec-1] c.m.m.c.GoogleApiProxyController         : Mapped: Post Oak Nature Trail, Rating: 4.5, Reviews: 17, EntityType: hiking_area
2026-09-21T11:09:24.685-04:00  INFO 36544 --- [http-nio-8080-exec-1] c.m.m.c.GoogleApiProxyController         : Place types for Pickle Creek Trailhead: [hiking_area, sports_activity_location, point_of_interest, establishment]
2026-09-21T11:09:24.685-04:00  INFO 36544 --- [http-nio-8080-exec-1] c.m.m.c.GoogleApiProxyController         : Mapped: Pickle Creek Trailhead, Rating: 4.9, Reviews: 38, EntityType: hiking_area
2026-09-21T11:09:24.685-04:00  INFO 36544 --- [http-nio-8080-exec-1] c.m.m.c.GoogleApiProxyController         : Place types for Quetil Trail Trailhead: [hiking_area, sports_activity_location, point_of_interest, establishment]
2026-09-21T11:09:24.685-04:00  INFO 36544 --- [http-nio-8080-exec-1] c.m.m.c.GoogleApiProxyController         : Mapped: Quetil Trail Trailhead, Rating: 5.0, Reviews: 3, EntityType: hiking_area
2026-09-21T11:09:24.685-04:00  INFO 36544 --- [http-nio-8080-exec-1] c.m.m.c.GoogleApiProxyController         : Place types for Chalk Bluff Trail Access: [hiking_area, sports_activity_location, point_of_interest, establishment]
2026-09-21T11:09:24.685-04:00  INFO 36544 --- [http-nio-8080-exec-1] c.m.m.c.GoogleApiProxyController         : Mapped: Chalk Bluff Trail Access, Rating: 4.2, Reviews: 12, EntityType: hiking_area
2026-09-21T11:09:24.685-04:00  INFO 36544 --- [http-nio-8080-exec-1] c.m.m.c.GoogleApiProxyController         : Place types for Cove Hollow Trailhead: [hiking_area, tourist_attraction, sports_activity_location, point_of_interest, establishment]
2026-09-21T11:09:24.686-04:00  INFO 36544 --- [http-nio-8080-exec-1] c.m.m.c.GoogleApiProxyController         : Mapped: Cove Hollow Trailhead, Rating: 4.7, Reviews: 122, EntityType: hiking_area
2026-09-21T11:09:24.686-04:00  INFO 36544 --- [http-nio-8080-exec-1] c.m.m.c.GoogleApiProxyController         : Place types for Tunnel Hill State Trail parking & trailhead: [hiking_area, sports_activity_location, point_of_interest, establishment]
2026-09-21T11:09:24.686-04:00  INFO 36544 --- [http-nio-8080-exec-1] c.m.m.c.GoogleApiProxyController         : Mapped: Tunnel Hill State Trail parking & trailhead, Rating: 4.7, Reviews: 26, EntityType: hiking_area
2026-09-21T11:09:24.686-04:00  INFO 36544 --- [http-nio-8080-exec-1] c.m.m.c.GoogleApiProxyController         : Place types for Lusk Creek Trailhead: [hiking_area, tourist_attraction, sports_activity_location, point_of_interest, establishment]
2026-09-21T11:09:24.686-04:00  INFO 36544 --- [http-nio-8080-exec-1] c.m.m.c.GoogleApiProxyController         : Mapped: Lusk Creek Trailhead, Rating: 4.6, Reviews: 34, EntityType: hiking_area
2026-09-21T11:09:24.686-04:00  INFO 36544 --- [http-nio-8080-exec-1] c.m.m.c.GoogleApiProxyController         : Place types for Paved Bicycle Trailhead: [hiking_area, sports_activity_location, point_of_interest, establishment]
2026-09-21T11:09:24.686-04:00  INFO 36544 --- [http-nio-8080-exec-1] c.m.m.c.GoogleApiProxyController         : Mapped: Paved Bicycle Trailhead, Rating: 4.8, Reviews: 20, EntityType: hiking_area
2026-09-21T11:09:24.686-04:00  INFO 36544 --- [http-nio-8080-exec-1] c.m.m.c.GoogleApiProxyController         : Place types for Peewah Trailhead: [hiking_area, sports_activity_location, point_of_interest, establishment]
2026-09-21T11:09:24.686-04:00  INFO 36544 --- [http-nio-8080-exec-1] c.m.m.c.GoogleApiProxyController         : Mapped: Peewah Trailhead, Rating: 4.6, Reviews: 8, EntityType: hiking_area
2026-09-21T11:09:24.686-04:00  INFO 36544 --- [http-nio-8080-exec-1] c.m.m.c.GoogleApiProxyController         : Place types for Giant City Nature Trail: [hiking_area, tourist_attraction, sports_activity_location, point_of_interest, establishment]
2026-09-21T11:09:24.686-04:00  INFO 36544 --- [http-nio-8080-exec-1] c.m.m.c.GoogleApiProxyController         : Mapped: Giant City Nature Trail, Rating: 4.9, Reviews: 406, EntityType: hiking_area
2026-09-21T11:09:24.721-04:00  INFO 36544 --- [http-nio-8080-exec-1] c.m.m.service.PlacesCacheService         : Saved 20 spots to places_cache
2026-09-21T11:09:24.721-04:00  INFO 36544 --- [http-nio-8080-exec-1] c.m.m.c.GoogleApiProxyController         : Backfilled 20 keyword spots to MySQL cache
2026-09-21T11:09:24.727-04:00  INFO 36544 --- [http-nio-8080-exec-1] c.m.m.service.RouteBeautifierService     : Qualified spot: Fort Defiance State Park at 36.9852286,-89.1448575 distFromStart=641.0km source=NB
2026-09-21T11:09:24.731-04:00  INFO 36544 --- [http-nio-8080-exec-1] c.m.m.service.RouteBeautifierService     : Qualified spot: Magnolia Manor at 37.0094241,-89.1824656 distFromStart=641.0km source=NB
2026-09-21T11:09:24.734-04:00  INFO 36544 --- [http-nio-8080-exec-1] c.m.m.c.GoogleApiProxyController         : MySQL cache hit: 1 spots near (37.132396,-89.299107)
2026-09-21T11:09:24.736-04:00  INFO 36544 --- [http-nio-8080-exec-1] c.m.m.c.GoogleApiProxyController         : MySQL cache miss — calling Google Places searchText near (37.132396,-89.299107) keyword=trailhead trail access hiking
2026-09-21T11:09:25.036-04:00  INFO 36544 --- [http-nio-8080-exec-1] c.m.m.c.GoogleApiProxyController         : Place types for Mill Branch Trail - trailhead: [hiking_area, sports_activity_location, point_of_interest, establishment]
2026-09-21T11:09:25.036-04:00  INFO 36544 --- [http-nio-8080-exec-1] c.m.m.c.GoogleApiProxyController         : Mapped: Mill Branch Trail - trailhead, Rating: 4.8, Reviews: 11, EntityType: hiking_area
2026-09-21T11:09:25.036-04:00  INFO 36544 --- [http-nio-8080-exec-1] c.m.m.c.GoogleApiProxyController         : Place types for Devil’s Standtable Nature Trail: [hiking_area, tourist_attraction, sports_activity_location, point_of_interest, establishment]
2026-09-21T11:09:25.036-04:00  INFO 36544 --- [http-nio-8080-exec-1] c.m.m.c.GoogleApiProxyController         : Mapped: Devil’s Standtable Nature Trail, Rating: 4.7, Reviews: 256, EntityType: hiking_area
2026-09-21T11:09:25.037-04:00  INFO 36544 --- [http-nio-8080-exec-1] c.m.m.c.GoogleApiProxyController         : Place types for Tunnel Hill Trail x River to River Trail: [hiking_area, sports_activity_location, point_of_interest, establishment]
2026-09-21T11:09:25.037-04:00  INFO 36544 --- [http-nio-8080-exec-1] c.m.m.c.GoogleApiProxyController         : Mapped: Tunnel Hill Trail x River to River Trail, Rating: 5.0, Reviews: 4, EntityType: hiking_area
2026-09-21T11:09:25.037-04:00  INFO 36544 --- [http-nio-8080-exec-1] c.m.m.c.GoogleApiProxyController         : Place types for Cedar Lake Trail Access: [hiking_area, tourist_attraction, sports_activity_location, point_of_interest, establishment]
2026-09-21T11:09:25.037-04:00  INFO 36544 --- [http-nio-8080-exec-1] c.m.m.c.GoogleApiProxyController         : Mapped: Cedar Lake Trail Access, Rating: 3.0, Reviews: 2, EntityType: hiking_area
2026-09-21T11:09:25.037-04:00  INFO 36544 --- [http-nio-8080-exec-1] c.m.m.c.GoogleApiProxyController         : Place types for Pickle Creek Trailhead: [hiking_area, sports_activity_location, point_of_interest, establishment]
2026-09-21T11:09:25.037-04:00  INFO 36544 --- [http-nio-8080-exec-1] c.m.m.c.GoogleApiProxyController         : Mapped: Pickle Creek Trailhead, Rating: 4.9, Reviews: 38, EntityType: hiking_area
2026-09-21T11:09:25.037-04:00  INFO 36544 --- [http-nio-8080-exec-1] c.m.m.c.GoogleApiProxyController         : Place types for Peewah Trailhead: [hiking_area, sports_activity_location, point_of_interest, establishment]
2026-09-21T11:09:25.037-04:00  INFO 36544 --- [http-nio-8080-exec-1] c.m.m.c.GoogleApiProxyController         : Mapped: Peewah Trailhead, Rating: 4.6, Reviews: 8, EntityType: hiking_area
2026-09-21T11:09:25.037-04:00  INFO 36544 --- [http-nio-8080-exec-1] c.m.m.c.GoogleApiProxyController         : Place types for Post Oak Nature Trail: [hiking_area, sports_activity_location, point_of_interest, establishment]
2026-09-21T11:09:25.037-04:00  INFO 36544 --- [http-nio-8080-exec-1] c.m.m.c.GoogleApiProxyController         : Mapped: Post Oak Nature Trail, Rating: 4.5, Reviews: 17, EntityType: hiking_area
2026-09-21T11:09:25.037-04:00  INFO 36544 --- [http-nio-8080-exec-1] c.m.m.c.GoogleApiProxyController         : Place types for Shut-Ins Trail: [hiking_area, sports_activity_location, point_of_interest, establishment]
2026-09-21T11:09:25.037-04:00  INFO 36544 --- [http-nio-8080-exec-1] c.m.m.c.GoogleApiProxyController         : Mapped: Shut-Ins Trail, Rating: 4.8, Reviews: 138, EntityType: hiking_area
2026-09-21T11:09:25.037-04:00  INFO 36544 --- [http-nio-8080-exec-1] c.m.m.c.GoogleApiProxyController         : Place types for Tunnel Hill Trail Head: [hiking_area, sports_activity_location, point_of_interest, establishment]
2026-09-21T11:09:25.037-04:00  INFO 36544 --- [http-nio-8080-exec-1] c.m.m.c.GoogleApiProxyController         : Mapped: Tunnel Hill Trail Head, Rating: 4.8, Reviews: 42, EntityType: hiking_area
2026-09-21T11:09:25.037-04:00  INFO 36544 --- [http-nio-8080-exec-1] c.m.m.c.GoogleApiProxyController         : Place types for Bell Smith Springs Natural Bridge Trailhead: [hiking_area, sports_activity_location, point_of_interest, establishment]
2026-09-21T11:09:25.037-04:00  INFO 36544 --- [http-nio-8080-exec-1] c.m.m.c.GoogleApiProxyController         : Mapped: Bell Smith Springs Natural Bridge Trailhead, Rating: 4.8, Reviews: 24, EntityType: hiking_area
2026-09-21T11:09:25.037-04:00  INFO 36544 --- [http-nio-8080-exec-1] c.m.m.c.GoogleApiProxyController         : Place types for Cove Hollow Trailhead: [hiking_area, tourist_attraction, sports_activity_location, point_of_interest, establishment]
2026-09-21T11:09:25.037-04:00  INFO 36544 --- [http-nio-8080-exec-1] c.m.m.c.GoogleApiProxyController         : Mapped: Cove Hollow Trailhead, Rating: 4.7, Reviews: 122, EntityType: hiking_area
2026-09-21T11:09:25.037-04:00  INFO 36544 --- [http-nio-8080-exec-1] c.m.m.c.GoogleApiProxyController         : Place types for Indian Kitchen Trailhead: [hiking_area, sports_activity_location, point_of_interest, establishment]
2026-09-21T11:09:25.037-04:00  INFO 36544 --- [http-nio-8080-exec-1] c.m.m.c.GoogleApiProxyController         : Mapped: Indian Kitchen Trailhead, Rating: 4.8, Reviews: 21, EntityType: hiking_area
2026-09-21T11:09:25.037-04:00  INFO 36544 --- [http-nio-8080-exec-1] c.m.m.c.GoogleApiProxyController         : Place types for Godwin Trailhead - East: [hiking_area, tourist_attraction, sports_activity_location, point_of_interest, establishment]
2026-09-21T11:09:25.037-04:00  INFO 36544 --- [http-nio-8080-exec-1] c.m.m.c.GoogleApiProxyController         : Mapped: Godwin Trailhead - East, Rating: 4.5, Reviews: 21, EntityType: hiking_area
2026-09-21T11:09:25.037-04:00  INFO 36544 --- [http-nio-8080-exec-1] c.m.m.c.GoogleApiProxyController         : Place types for Paved Bicycle Trailhead: [hiking_area, sports_activity_location, point_of_interest, establishment]
2026-09-21T11:09:25.037-04:00  INFO 36544 --- [http-nio-8080-exec-1] c.m.m.c.GoogleApiProxyController         : Mapped: Paved Bicycle Trailhead, Rating: 4.8, Reviews: 20, EntityType: hiking_area
2026-09-21T11:09:25.037-04:00  INFO 36544 --- [http-nio-8080-exec-1] c.m.m.c.GoogleApiProxyController         : Place types for Hawk's Cave Trailhead: [hiking_area, sports_activity_location, point_of_interest, establishment]
2026-09-21T11:09:25.037-04:00  INFO 36544 --- [http-nio-8080-exec-1] c.m.m.c.GoogleApiProxyController         : Mapped: Hawk's Cave Trailhead, Rating: 4.9, Reviews: 11, EntityType: hiking_area
2026-09-21T11:09:25.037-04:00  INFO 36544 --- [http-nio-8080-exec-1] c.m.m.c.GoogleApiProxyController         : Place types for Rocky Bluff Trail: [hiking_area, sports_activity_location, point_of_interest, establishment]
2026-09-21T11:09:25.038-04:00  INFO 36544 --- [http-nio-8080-exec-1] c.m.m.c.GoogleApiProxyController         : Mapped: Rocky Bluff Trail, Rating: 4.7, Reviews: 162, EntityType: hiking_area
2026-09-21T11:09:25.038-04:00  INFO 36544 --- [http-nio-8080-exec-1] c.m.m.c.GoogleApiProxyController         : Place types for Panther Den Trailhead: [hiking_area, sports_activity_location, point_of_interest, establishment]
2026-09-21T11:09:25.038-04:00  INFO 36544 --- [http-nio-8080-exec-1] c.m.m.c.GoogleApiProxyController         : Mapped: Panther Den Trailhead, Rating: 4.7, Reviews: 115, EntityType: hiking_area
2026-09-21T11:09:25.038-04:00  INFO 36544 --- [http-nio-8080-exec-1] c.m.m.c.GoogleApiProxyController         : Place types for Giant City Nature Trail: [hiking_area, tourist_attraction, sports_activity_location, point_of_interest, establishment]
2026-09-21T11:09:25.038-04:00  INFO 36544 --- [http-nio-8080-exec-1] c.m.m.c.GoogleApiProxyController         : Mapped: Giant City Nature Trail, Rating: 4.9, Reviews: 406, EntityType: hiking_area
2026-09-21T11:09:25.038-04:00  INFO 36544 --- [http-nio-8080-exec-1] c.m.m.c.GoogleApiProxyController         : Place types for Rebman Trailhead: [hiking_area, sports_activity_location, point_of_interest, establishment]
2026-09-21T11:09:25.038-04:00  INFO 36544 --- [http-nio-8080-exec-1] c.m.m.c.GoogleApiProxyController         : Mapped: Rebman Trailhead, Rating: 5.0, Reviews: 2, EntityType: hiking_area
2026-09-21T11:09:25.038-04:00  INFO 36544 --- [http-nio-8080-exec-1] c.m.m.c.GoogleApiProxyController         : Place types for Lusk Creek Trailhead: [hiking_area, tourist_attraction, sports_activity_location, point_of_interest, establishment]
2026-09-21T11:09:25.038-04:00  INFO 36544 --- [http-nio-8080-exec-1] c.m.m.c.GoogleApiProxyController         : Mapped: Lusk Creek Trailhead, Rating: 4.6, Reviews: 34, EntityType: hiking_area
2026-09-21T11:09:25.068-04:00  INFO 36544 --- [http-nio-8080-exec-1] c.m.m.service.PlacesCacheService         : Saved 20 spots to places_cache
2026-09-21T11:09:25.069-04:00  INFO 36544 --- [http-nio-8080-exec-1] c.m.m.c.GoogleApiProxyController         : Backfilled 20 keyword spots to MySQL cache
2026-09-21T11:09:25.072-04:00  INFO 36544 --- [http-nio-8080-exec-1] c.m.m.c.GoogleApiProxyController         : MySQL cache hit: 2 spots near (37.44077,-89.394612)
2026-09-21T11:09:25.075-04:00  INFO 36544 --- [http-nio-8080-exec-1] c.m.m.c.GoogleApiProxyController         : MySQL cache hit (keyword): 4 spots near (37.44077,-89.394612)
2026-09-21T11:09:25.082-04:00  INFO 36544 --- [http-nio-8080-exec-1] c.m.m.service.RouteBeautifierService     : Qualified spot: Trail of Tears State Park at 37.438754599999996,-89.48105029999999 distFromStart=703.8km source=NB
2026-09-21T11:09:25.085-04:00  INFO 36544 --- [http-nio-8080-exec-1] c.m.m.service.RouteBeautifierService     : Qualified spot: Trail of Tears State Forest at 37.5013218,-89.3473349 distFromStart=703.8km source=NB
2026-09-21T11:09:25.088-04:00  INFO 36544 --- [http-nio-8080-exec-1] c.m.m.c.GoogleApiProxyController         : MySQL cache hit: 1 spots near (37.678387,-89.478405)
2026-09-21T11:09:25.090-04:00  INFO 36544 --- [http-nio-8080-exec-1] c.m.m.c.GoogleApiProxyController         : MySQL cache hit (keyword): 6 spots near (37.678387,-89.478405)
2026-09-21T11:09:25.094-04:00  INFO 36544 --- [http-nio-8080-exec-1] c.m.m.service.RouteBeautifierService     : Qualified spot: Kinkaid Lake Spillway at 37.7741969,-89.45122429999999 distFromStart=737.8km source=NB
2026-09-21T11:09:25.099-04:00  INFO 36544 --- [http-nio-8080-exec-1] c.m.m.c.GoogleApiProxyController         : MySQL cache hit: 1 spots near (37.959224,-89.879778)
2026-09-21T11:09:25.100-04:00  INFO 36544 --- [http-nio-8080-exec-1] c.m.m.c.GoogleApiProxyController         : MySQL cache hit (keyword): 1 spots near (37.959224,-89.879778)
2026-09-21T11:09:25.103-04:00  INFO 36544 --- [http-nio-8080-exec-1] c.m.m.c.GoogleApiProxyController         : MySQL cache hit: 1 spots near (38.165475,-89.997172)
2026-09-21T11:09:25.104-04:00  INFO 36544 --- [http-nio-8080-exec-1] c.m.m.c.GoogleApiProxyController         : MySQL cache miss — calling Google Places searchText near (38.165475,-89.997172) keyword=trailhead trail access hiking
2026-09-21T11:09:25.405-04:00  INFO 36544 --- [http-nio-8080-exec-1] c.m.m.c.GoogleApiProxyController         : Place types for Pickle Creek Trailhead: [hiking_area, sports_activity_location, point_of_interest, establishment]
2026-09-21T11:09:25.405-04:00  INFO 36544 --- [http-nio-8080-exec-1] c.m.m.c.GoogleApiProxyController         : Mapped: Pickle Creek Trailhead, Rating: 4.9, Reviews: 38, EntityType: hiking_area
2026-09-21T11:09:25.405-04:00  INFO 36544 --- [http-nio-8080-exec-1] c.m.m.c.GoogleApiProxyController         : Place types for Katy Trail - Weldon Spring Trailhead: [hiking_area, sports_activity_location, point_of_interest, establishment]
2026-09-21T11:09:25.405-04:00  INFO 36544 --- [http-nio-8080-exec-1] c.m.m.c.GoogleApiProxyController         : Mapped: Katy Trail - Weldon Spring Trailhead, Rating: 4.6, Reviews: 142, EntityType: hiking_area
2026-09-21T11:09:25.405-04:00  INFO 36544 --- [http-nio-8080-exec-1] c.m.m.c.GoogleApiProxyController         : Place types for Paved Bicycle Trailhead: [hiking_area, sports_activity_location, point_of_interest, establishment]
2026-09-21T11:09:25.406-04:00  INFO 36544 --- [http-nio-8080-exec-1] c.m.m.c.GoogleApiProxyController         : Mapped: Paved Bicycle Trailhead, Rating: 4.8, Reviews: 20, EntityType: hiking_area
2026-09-21T11:09:25.406-04:00  INFO 36544 --- [http-nio-8080-exec-1] c.m.m.c.GoogleApiProxyController         : Place types for Weldon Spring Lewis & Clark Hiking Trail: [hiking_area, sports_activity_location, point_of_interest, establishment]
2026-09-21T11:09:25.406-04:00  INFO 36544 --- [http-nio-8080-exec-1] c.m.m.c.GoogleApiProxyController         : Mapped: Weldon Spring Lewis & Clark Hiking Trail, Rating: 4.8, Reviews: 121, EntityType: hiking_area
2026-09-21T11:09:25.406-04:00  INFO 36544 --- [http-nio-8080-exec-1] c.m.m.c.GoogleApiProxyController         : Place types for Katy Trail - Augusta Trailhead: [hiking_area, tourist_attraction, sports_activity_location, point_of_interest, establishment]
2026-09-21T11:09:25.406-04:00  INFO 36544 --- [http-nio-8080-exec-1] c.m.m.c.GoogleApiProxyController         : Mapped: Katy Trail - Augusta Trailhead, Rating: 4.7, Reviews: 229, EntityType: hiking_area
2026-09-21T11:09:25.406-04:00  INFO 36544 --- [http-nio-8080-exec-1] c.m.m.c.GoogleApiProxyController         : Place types for Whispering Pines Trail Trailhead: [hiking_area, sports_activity_location, point_of_interest, establishment]
2026-09-21T11:09:25.406-04:00  INFO 36544 --- [http-nio-8080-exec-1] c.m.m.c.GoogleApiProxyController         : Mapped: Whispering Pines Trail Trailhead, Rating: 4.7, Reviews: 50, EntityType: hiking_area
2026-09-21T11:09:25.406-04:00  INFO 36544 --- [http-nio-8080-exec-1] c.m.m.c.GoogleApiProxyController         : Place types for Katy Trail - Green Bottom Trailhead: [hiking_area, sports_activity_location, point_of_interest, establishment]
2026-09-21T11:09:25.406-04:00  INFO 36544 --- [http-nio-8080-exec-1] c.m.m.c.GoogleApiProxyController         : Mapped: Katy Trail - Green Bottom Trailhead, Rating: 4.5, Reviews: 128, EntityType: hiking_area
2026-09-21T11:09:25.406-04:00  INFO 36544 --- [http-nio-8080-exec-1] c.m.m.c.GoogleApiProxyController         : Place types for Shut-Ins Trail: [hiking_area, sports_activity_location, point_of_interest, establishment]
2026-09-21T11:09:25.406-04:00  INFO 36544 --- [http-nio-8080-exec-1] c.m.m.c.GoogleApiProxyController         : Mapped: Shut-Ins Trail, Rating: 4.8, Reviews: 138, EntityType: hiking_area
2026-09-21T11:09:25.406-04:00  INFO 36544 --- [http-nio-8080-exec-1] c.m.m.c.GoogleApiProxyController         : Place types for Mississippi Greenway Trailhead: Jefferson Barracks: [hiking_area, sports_activity_location, point_of_interest, establishment]
2026-09-21T11:09:25.406-04:00  INFO 36544 --- [http-nio-8080-exec-1] c.m.m.c.GoogleApiProxyController         : Mapped: Mississippi Greenway Trailhead: Jefferson Barracks, Rating: 4.5, Reviews: 19, EntityType: hiking_area
2026-09-21T11:09:25.406-04:00  INFO 36544 --- [http-nio-8080-exec-1] c.m.m.c.GoogleApiProxyController         : Place types for DeClue Trail Trailhead: [hiking_area, sports_activity_location, point_of_interest, establishment]
2026-09-21T11:09:25.406-04:00  INFO 36544 --- [http-nio-8080-exec-1] c.m.m.c.GoogleApiProxyController         : Mapped: DeClue Trail Trailhead, Rating: 4.8, Reviews: 32, EntityType: hiking_area
2026-09-21T11:09:25.406-04:00  INFO 36544 --- [http-nio-8080-exec-1] c.m.m.c.GoogleApiProxyController         : Place types for Katy Trail - Marthasville Trailhead: [hiking_area, tourist_attraction, sports_activity_location, point_of_interest, establishment]
2026-09-21T11:09:25.406-04:00  INFO 36544 --- [http-nio-8080-exec-1] c.m.m.c.GoogleApiProxyController         : Mapped: Katy Trail - Marthasville Trailhead, Rating: 4.7, Reviews: 178, EntityType: hiking_area
2026-09-21T11:09:25.406-04:00  INFO 36544 --- [http-nio-8080-exec-1] c.m.m.c.GoogleApiProxyController         : Place types for Spring Branch Trail: [hiking_area, sports_activity_location, point_of_interest, establishment]
2026-09-21T11:09:25.406-04:00  INFO 36544 --- [http-nio-8080-exec-1] c.m.m.c.GoogleApiProxyController         : Mapped: Spring Branch Trail, Rating: 4.7, Reviews: 30, EntityType: hiking_area
2026-09-21T11:09:25.406-04:00  INFO 36544 --- [http-nio-8080-exec-1] c.m.m.c.GoogleApiProxyController         : Place types for Busch Greenway, Duckett Creek Trailhead: [hiking_area, sports_activity_location, point_of_interest, establishment]
2026-09-21T11:09:25.406-04:00  INFO 36544 --- [http-nio-8080-exec-1] c.m.m.c.GoogleApiProxyController         : Mapped: Busch Greenway, Duckett Creek Trailhead, Rating: 4.8, Reviews: 26, EntityType: hiking_area
2026-09-21T11:09:25.406-04:00  INFO 36544 --- [http-nio-8080-exec-1] c.m.m.c.GoogleApiProxyController         : Place types for Lost Valley Hiking Trail: [hiking_area, sports_activity_location, point_of_interest, establishment]
2026-09-21T11:09:25.407-04:00  INFO 36544 --- [http-nio-8080-exec-1] c.m.m.c.GoogleApiProxyController         : Mapped: Lost Valley Hiking Trail, Rating: 4.7, Reviews: 164, EntityType: hiking_area
2026-09-21T11:09:25.407-04:00  INFO 36544 --- [http-nio-8080-exec-1] c.m.m.c.GoogleApiProxyController         : Place types for Lime Kiln Trailhead: [hiking_area, sports_activity_location, point_of_interest, establishment]
2026-09-21T11:09:25.407-04:00  INFO 36544 --- [http-nio-8080-exec-1] c.m.m.c.GoogleApiProxyController         : Mapped: Lime Kiln Trailhead, Rating: 4.8, Reviews: 117, EntityType: hiking_area
2026-09-21T11:09:25.407-04:00  INFO 36544 --- [http-nio-8080-exec-1] c.m.m.c.GoogleApiProxyController         : Place types for Meramec Greenway Trailhead: Rock Hollow Trail: [hiking_area, sports_activity_location, point_of_interest, establishment]
2026-09-21T11:09:25.407-04:00  INFO 36544 --- [http-nio-8080-exec-1] c.m.m.c.GoogleApiProxyController         : Mapped: Meramec Greenway Trailhead: Rock Hollow Trail, Rating: 4.9, Reviews: 165, EntityType: hiking_area
2026-09-21T11:09:25.407-04:00  INFO 36544 --- [http-nio-8080-exec-1] c.m.m.c.GoogleApiProxyController         : Place types for Katy Trail: [hiking_area, sports_activity_location, point_of_interest, establishment]
2026-09-21T11:09:25.407-04:00  INFO 36544 --- [http-nio-8080-exec-1] c.m.m.c.GoogleApiProxyController         : Mapped: Katy Trail, Rating: 4.8, Reviews: 36, EntityType: hiking_area
2026-09-21T11:09:25.407-04:00  INFO 36544 --- [http-nio-8080-exec-1] c.m.m.c.GoogleApiProxyController         : Place types for Katy Trail - Dutzow Trailhead: [hiking_area, sports_activity_location, point_of_interest, establishment]
2026-09-21T11:09:25.407-04:00  INFO 36544 --- [http-nio-8080-exec-1] c.m.m.c.GoogleApiProxyController         : Mapped: Katy Trail - Dutzow Trailhead, Rating: 4.7, Reviews: 150, EntityType: hiking_area
2026-09-21T11:09:25.407-04:00  INFO 36544 --- [http-nio-8080-exec-1] c.m.m.c.GoogleApiProxyController         : Place types for Bootlegger's Run Trailhead: [hiking_area, sports_activity_location, point_of_interest, establishment]
2026-09-21T11:09:25.407-04:00  INFO 36544 --- [http-nio-8080-exec-1] c.m.m.c.GoogleApiProxyController         : Mapped: Bootlegger's Run Trailhead, Rating: 4.8, Reviews: 147, EntityType: hiking_area
2026-09-21T11:09:25.407-04:00  INFO 36544 --- [http-nio-8080-exec-1] c.m.m.c.GoogleApiProxyController         : Place types for River Scene Trail: [hiking_area, tourist_attraction, sports_activity_location, point_of_interest, establishment]
2026-09-21T11:09:25.407-04:00  INFO 36544 --- [http-nio-8080-exec-1] c.m.m.c.GoogleApiProxyController         : Mapped: River Scene Trail, Rating: 4.8, Reviews: 366, EntityType: hiking_area
2026-09-21T11:09:25.436-04:00  INFO 36544 --- [http-nio-8080-exec-1] c.m.m.service.PlacesCacheService         : Saved 20 spots to places_cache
2026-09-21T11:09:25.437-04:00  INFO 36544 --- [http-nio-8080-exec-1] c.m.m.c.GoogleApiProxyController         : Backfilled 20 keyword spots to MySQL cache
2026-09-21T11:09:25.441-04:00  INFO 36544 --- [http-nio-8080-exec-1] c.m.m.c.GoogleApiProxyController         : MySQL cache miss — calling Google Places API near (38.396011,-89.991516)
2026-09-21T11:09:25.599-04:00  INFO 36544 --- [http-nio-8080-exec-1] c.m.m.c.GoogleApiProxyController         : Place types for Freeburg Recreation Park: [park, tourist_attraction, point_of_interest, establishment]
2026-09-21T11:09:25.599-04:00  INFO 36544 --- [http-nio-8080-exec-1] c.m.m.c.GoogleApiProxyController         : Mapped: Freeburg Recreation Park, Rating: 4.6, Reviews: 362, EntityType: tourist_attraction
2026-09-21T11:09:25.600-04:00  INFO 36544 --- [http-nio-8080-exec-1] c.m.m.c.GoogleApiProxyController         : Place types for Belleville Court Building: [courthouse, government_office, service, point_of_interest, establishment]
2026-09-21T11:09:25.600-04:00  INFO 36544 --- [http-nio-8080-exec-1] c.m.m.c.GoogleApiProxyController         : Mapped: Belleville Court Building, Rating: 5.0, Reviews: 1, EntityType: courthouse
2026-09-21T11:09:25.600-04:00  INFO 36544 --- [http-nio-8080-exec-1] c.m.m.c.GoogleApiProxyController         : Place types for Konarcik Park: [park, tourist_attraction, point_of_interest, establishment]
2026-09-21T11:09:25.600-04:00  INFO 36544 --- [http-nio-8080-exec-1] c.m.m.c.GoogleApiProxyController         : Mapped: Konarcik Park, Rating: 4.7, Reviews: 252, EntityType: tourist_attraction
2026-09-21T11:09:25.600-04:00  INFO 36544 --- [http-nio-8080-exec-1] c.m.m.c.GoogleApiProxyController         : Place types for Julius J Knobeloch Woods Nature Preserve: [nature_preserve, tourist_attraction, park, point_of_interest, establishment]
2026-09-21T11:09:25.600-04:00  INFO 36544 --- [http-nio-8080-exec-1] c.m.m.c.GoogleApiProxyController         : Mapped: Julius J Knobeloch Woods Nature Preserve, Rating: 4.5, Reviews: 95, EntityType: tourist_attraction
2026-09-21T11:09:25.600-04:00  INFO 36544 --- [http-nio-8080-exec-1] c.m.m.c.GoogleApiProxyController         : Place types for East End Park: [park, tourist_attraction, point_of_interest, establishment]
2026-09-21T11:09:25.600-04:00  INFO 36544 --- [http-nio-8080-exec-1] c.m.m.c.GoogleApiProxyController         : Mapped: East End Park, Rating: 4.2, Reviews: 160, EntityType: tourist_attraction
2026-09-21T11:09:25.600-04:00  INFO 36544 --- [http-nio-8080-exec-1] c.m.m.c.GoogleApiProxyController         : Place types for St. Clair County Historical Society: [museum, tourist_attraction, history_museum, non_profit_organization, association_or_organization, point_of_interest, establishment]
2026-09-21T11:09:25.600-04:00  INFO 36544 --- [http-nio-8080-exec-1] c.m.m.c.GoogleApiProxyController         : Mapped: St. Clair County Historical Society, Rating: 4.5, Reviews: 31, EntityType: history_museum
2026-09-21T11:09:25.600-04:00  INFO 36544 --- [http-nio-8080-exec-1] c.m.m.c.GoogleApiProxyController         : Place types for William and Florence Schmidt Art Center: [art_gallery, art_museum, museum, point_of_interest, establishment]
2026-09-21T11:09:25.600-04:00  INFO 36544 --- [http-nio-8080-exec-1] c.m.m.c.GoogleApiProxyController         : Mapped: William and Florence Schmidt Art Center, Rating: 4.6, Reviews: 23, EntityType: art_museum
2026-09-21T11:09:25.600-04:00  INFO 36544 --- [http-nio-8080-exec-1] c.m.m.c.GoogleApiProxyController         : Place types for Labor & Industrial Museum: [museum, tourist_attraction, point_of_interest, establishment]
2026-09-21T11:09:25.600-04:00  INFO 36544 --- [http-nio-8080-exec-1] c.m.m.c.GoogleApiProxyController         : Mapped: Labor & Industrial Museum, Rating: 5.0, Reviews: 20, EntityType: museum
2026-09-21T11:09:25.600-04:00  INFO 36544 --- [http-nio-8080-exec-1] c.m.m.c.GoogleApiProxyController         : Place types for Veterans Memorial: [historical_landmark, historical_place, point_of_interest, establishment]
2026-09-21T11:09:25.600-04:00  INFO 36544 --- [http-nio-8080-exec-1] c.m.m.c.GoogleApiProxyController         : Mapped: Veterans Memorial, Rating: 4.9, Reviews: 7, EntityType: historical_landmark
2026-09-21T11:09:25.600-04:00  INFO 36544 --- [http-nio-8080-exec-1] c.m.m.c.GoogleApiProxyController         : Place types for Hough Park Parking Lot: [parking_lot, tourist_attraction, parking, transportation_service, service, point_of_interest, establishment]
2026-09-21T11:09:25.600-04:00  INFO 36544 --- [http-nio-8080-exec-1] c.m.m.c.GoogleApiProxyController         : Mapped: Hough Park Parking Lot, Rating: 4.2, Reviews: 68, EntityType: tourist_attraction
2026-09-21T11:09:25.600-04:00  INFO 36544 --- [http-nio-8080-exec-1] c.m.m.c.GoogleApiProxyController         : Place types for Cambridge Park: [park, tourist_attraction, point_of_interest, establishment]
2026-09-21T11:09:25.601-04:00  INFO 36544 --- [http-nio-8080-exec-1] c.m.m.c.GoogleApiProxyController         : Mapped: Cambridge Park, Rating: 4.0, Reviews: 41, EntityType: tourist_attraction
2026-09-21T11:09:25.601-04:00  INFO 36544 --- [http-nio-8080-exec-1] c.m.m.c.GoogleApiProxyController         : Place types for Hernandos Bridge: [historical_landmark, historical_place, point_of_interest, establishment]
2026-09-21T11:09:25.601-04:00  INFO 36544 --- [http-nio-8080-exec-1] c.m.m.c.GoogleApiProxyController         : Mapped: Hernandos Bridge, Rating: 4.6, Reviews: 5, EntityType: historical_landmark
2026-09-21T11:09:25.601-04:00  INFO 36544 --- [http-nio-8080-exec-1] c.m.m.c.GoogleApiProxyController         : Place types for 9/11 Memorial Walkway: [historical_landmark, historical_place, point_of_interest, establishment]
2026-09-21T11:09:25.601-04:00  INFO 36544 --- [http-nio-8080-exec-1] c.m.m.c.GoogleApiProxyController         : Mapped: 9/11 Memorial Walkway, Rating: 4.8, Reviews: 5, EntityType: historical_landmark
2026-09-21T11:09:25.601-04:00  INFO 36544 --- [http-nio-8080-exec-1] c.m.m.c.GoogleApiProxyController         : Place types for Eckarts Tulip Farm: [tourist_attraction, point_of_interest, establishment]
2026-09-21T11:09:25.601-04:00  INFO 36544 --- [http-nio-8080-exec-1] c.m.m.c.GoogleApiProxyController         : Mapped: Eckarts Tulip Farm, Rating: 4.0, Reviews: 3, EntityType: tourist_attraction
2026-09-21T11:09:25.601-04:00  INFO 36544 --- [http-nio-8080-exec-1] c.m.m.c.GoogleApiProxyController         : Place types for Millstadt History Museum: [history_museum, museum, point_of_interest, establishment]
2026-09-21T11:09:25.601-04:00  INFO 36544 --- [http-nio-8080-exec-1] c.m.m.c.GoogleApiProxyController         : Mapped: Millstadt History Museum, Rating: 5.0, Reviews: 2, EntityType: history_museum
2026-09-21T11:09:25.601-04:00  INFO 36544 --- [http-nio-8080-exec-1] c.m.m.c.GoogleApiProxyController         : Place types for juan world lake: [tourist_attraction, point_of_interest, establishment]
2026-09-21T11:09:25.601-04:00  INFO 36544 --- [http-nio-8080-exec-1] c.m.m.c.GoogleApiProxyController         : Mapped: juan world lake, Rating: 0.0, Reviews: 0, EntityType: tourist_attraction
2026-09-21T11:09:25.601-04:00  INFO 36544 --- [http-nio-8080-exec-1] c.m.m.c.GoogleApiProxyController         : Place types for Emma Kunz House Museum: [museum, point_of_interest, establishment]
2026-09-21T11:09:25.601-04:00  INFO 36544 --- [http-nio-8080-exec-1] c.m.m.c.GoogleApiProxyController         : Mapped: Emma Kunz House Museum, Rating: 0.0, Reviews: 0, EntityType: museum
2026-09-21T11:09:25.601-04:00  INFO 36544 --- [http-nio-8080-exec-1] c.m.m.c.GoogleApiProxyController         : Place types for Phil Elmore's Mobile Music Machine: [courthouse, government_office, service, point_of_interest, establishment]
2026-09-21T11:09:25.601-04:00  INFO 36544 --- [http-nio-8080-exec-1] c.m.m.c.GoogleApiProxyController         : Mapped: Phil Elmore's Mobile Music Machine, Rating: 0.0, Reviews: 0, EntityType: courthouse
2026-09-21T11:09:25.634-04:00  INFO 36544 --- [http-nio-8080-exec-1] c.m.m.service.PlacesCacheService         : Saved 18 spots to places_cache
2026-09-21T11:09:25.634-04:00  INFO 36544 --- [http-nio-8080-exec-1] c.m.m.c.GoogleApiProxyController         : Backfilled 18 spots to MySQL cache
2026-09-21T11:09:25.636-04:00  INFO 36544 --- [http-nio-8080-exec-1] c.m.m.c.GoogleApiProxyController         : MySQL cache miss — calling Google Places searchText near (38.396011,-89.991516) keyword=trailhead trail access hiking
2026-09-21T11:09:26.016-04:00  INFO 36544 --- [http-nio-8080-exec-1] c.m.m.c.GoogleApiProxyController         : Place types for Katy Trail - Weldon Spring Trailhead: [hiking_area, sports_activity_location, point_of_interest, establishment]
2026-09-21T11:09:26.017-04:00  INFO 36544 --- [http-nio-8080-exec-1] c.m.m.c.GoogleApiProxyController         : Mapped: Katy Trail - Weldon Spring Trailhead, Rating: 4.6, Reviews: 142, EntityType: hiking_area
2026-09-21T11:09:26.017-04:00  INFO 36544 --- [http-nio-8080-exec-1] c.m.m.c.GoogleApiProxyController         : Place types for Mississippi Greenway Trailhead: Jefferson Barracks: [hiking_area, sports_activity_location, point_of_interest, establishment]
2026-09-21T11:09:26.017-04:00  INFO 36544 --- [http-nio-8080-exec-1] c.m.m.c.GoogleApiProxyController         : Mapped: Mississippi Greenway Trailhead: Jefferson Barracks, Rating: 4.5, Reviews: 19, EntityType: hiking_area
2026-09-21T11:09:26.017-04:00  INFO 36544 --- [http-nio-8080-exec-1] c.m.m.c.GoogleApiProxyController         : Place types for Katy Trail - Augusta Trailhead: [hiking_area, tourist_attraction, sports_activity_location, point_of_interest, establishment]
2026-09-21T11:09:26.017-04:00  INFO 36544 --- [http-nio-8080-exec-1] c.m.m.c.GoogleApiProxyController         : Mapped: Katy Trail - Augusta Trailhead, Rating: 4.7, Reviews: 229, EntityType: hiking_area
2026-09-21T11:09:26.017-04:00  INFO 36544 --- [http-nio-8080-exec-1] c.m.m.c.GoogleApiProxyController         : Place types for Katy Trail - Green Bottom Trailhead: [hiking_area, sports_activity_location, point_of_interest, establishment]
2026-09-21T11:09:26.017-04:00  INFO 36544 --- [http-nio-8080-exec-1] c.m.m.c.GoogleApiProxyController         : Mapped: Katy Trail - Green Bottom Trailhead, Rating: 4.5, Reviews: 128, EntityType: hiking_area
2026-09-21T11:09:26.017-04:00  INFO 36544 --- [http-nio-8080-exec-1] c.m.m.c.GoogleApiProxyController         : Place types for Pickle Creek Trailhead: [hiking_area, sports_activity_location, point_of_interest, establishment]
2026-09-21T11:09:26.017-04:00  INFO 36544 --- [http-nio-8080-exec-1] c.m.m.c.GoogleApiProxyController         : Mapped: Pickle Creek Trailhead, Rating: 4.9, Reviews: 38, EntityType: hiking_area
2026-09-21T11:09:26.017-04:00  INFO 36544 --- [http-nio-8080-exec-1] c.m.m.c.GoogleApiProxyController         : Place types for Weldon Spring Lewis & Clark Hiking Trail: [hiking_area, sports_activity_location, point_of_interest, establishment]
2026-09-21T11:09:26.017-04:00  INFO 36544 --- [http-nio-8080-exec-1] c.m.m.c.GoogleApiProxyController         : Mapped: Weldon Spring Lewis & Clark Hiking Trail, Rating: 4.8, Reviews: 121, EntityType: hiking_area
2026-09-21T11:09:26.017-04:00  INFO 36544 --- [http-nio-8080-exec-1] c.m.m.c.GoogleApiProxyController         : Place types for Grant's Trail Union Road Trailhead: [hiking_area, sports_activity_location, point_of_interest, establishment]
2026-09-21T11:09:26.017-04:00  INFO 36544 --- [http-nio-8080-exec-1] c.m.m.c.GoogleApiProxyController         : Mapped: Grant's Trail Union Road Trailhead, Rating: 4.5, Reviews: 32, EntityType: hiking_area
2026-09-21T11:09:26.018-04:00  INFO 36544 --- [http-nio-8080-exec-1] c.m.m.c.GoogleApiProxyController         : Place types for Spring Branch Trail: [hiking_area, sports_activity_location, point_of_interest, establishment]
2026-09-21T11:09:26.018-04:00  INFO 36544 --- [http-nio-8080-exec-1] c.m.m.c.GoogleApiProxyController         : Mapped: Spring Branch Trail, Rating: 4.7, Reviews: 30, EntityType: hiking_area
2026-09-21T11:09:26.018-04:00  INFO 36544 --- [http-nio-8080-exec-1] c.m.m.c.GoogleApiProxyController         : Place types for DeClue Trail Trailhead: [hiking_area, sports_activity_location, point_of_interest, establishment]
2026-09-21T11:09:26.018-04:00  INFO 36544 --- [http-nio-8080-exec-1] c.m.m.c.GoogleApiProxyController         : Mapped: DeClue Trail Trailhead, Rating: 4.8, Reviews: 32, EntityType: hiking_area
2026-09-21T11:09:26.018-04:00  INFO 36544 --- [http-nio-8080-exec-1] c.m.m.c.GoogleApiProxyController         : Place types for Lower Meramec Park,Trails, & Lake: [hiking_area, tourist_attraction, sports_activity_location, point_of_interest, establishment]
2026-09-21T11:09:26.018-04:00  INFO 36544 --- [http-nio-8080-exec-1] c.m.m.c.GoogleApiProxyController         : Mapped: Lower Meramec Park,Trails, & Lake, Rating: 4.5, Reviews: 120, EntityType: hiking_area
2026-09-21T11:09:26.018-04:00  INFO 36544 --- [http-nio-8080-exec-1] c.m.m.c.GoogleApiProxyController         : Place types for Grants Trail Trailhead @ Tiffany Village Court: [hiking_area, sports_activity_location, point_of_interest, establishment]
2026-09-21T11:09:26.018-04:00  INFO 36544 --- [http-nio-8080-exec-1] c.m.m.c.GoogleApiProxyController         : Mapped: Grants Trail Trailhead @ Tiffany Village Court, Rating: 4.9, Reviews: 39, EntityType: hiking_area
2026-09-21T11:09:26.018-04:00  INFO 36544 --- [http-nio-8080-exec-1] c.m.m.c.GoogleApiProxyController         : Place types for Busch Greenway, Duckett Creek Trailhead: [hiking_area, sports_activity_location, point_of_interest, establishment]
2026-09-21T11:09:26.018-04:00  INFO 36544 --- [http-nio-8080-exec-1] c.m.m.c.GoogleApiProxyController         : Mapped: Busch Greenway, Duckett Creek Trailhead, Rating: 4.8, Reviews: 26, EntityType: hiking_area
2026-09-21T11:09:26.018-04:00  INFO 36544 --- [http-nio-8080-exec-1] c.m.m.c.GoogleApiProxyController         : Place types for Bootlegger's Run Trailhead: [hiking_area, sports_activity_location, point_of_interest, establishment]
2026-09-21T11:09:26.018-04:00  INFO 36544 --- [http-nio-8080-exec-1] c.m.m.c.GoogleApiProxyController         : Mapped: Bootlegger's Run Trailhead, Rating: 4.8, Reviews: 147, EntityType: hiking_area
2026-09-21T11:09:26.018-04:00  INFO 36544 --- [http-nio-8080-exec-1] c.m.m.c.GoogleApiProxyController         : Place types for Katy Trail - Marthasville Trailhead: [hiking_area, tourist_attraction, sports_activity_location, point_of_interest, establishment]
2026-09-21T11:09:26.018-04:00  INFO 36544 --- [http-nio-8080-exec-1] c.m.m.c.GoogleApiProxyController         : Mapped: Katy Trail - Marthasville Trailhead, Rating: 4.7, Reviews: 178, EntityType: hiking_area
2026-09-21T11:09:26.018-04:00  INFO 36544 --- [http-nio-8080-exec-1] c.m.m.c.GoogleApiProxyController         : Place types for Paved Bicycle Trailhead: [hiking_area, sports_activity_location, point_of_interest, establishment]
2026-09-21T11:09:26.018-04:00  INFO 36544 --- [http-nio-8080-exec-1] c.m.m.c.GoogleApiProxyController         : Mapped: Paved Bicycle Trailhead, Rating: 4.8, Reviews: 20, EntityType: hiking_area
2026-09-21T11:09:26.018-04:00  INFO 36544 --- [http-nio-8080-exec-1] c.m.m.c.GoogleApiProxyController         : Place types for Katy Trail - Black Walnut Trailhead: [hiking_area, sports_activity_location, point_of_interest, establishment]
2026-09-21T11:09:26.018-04:00  INFO 36544 --- [http-nio-8080-exec-1] c.m.m.c.GoogleApiProxyController         : Mapped: Katy Trail - Black Walnut Trailhead, Rating: 4.4, Reviews: 65, EntityType: hiking_area
2026-09-21T11:09:26.018-04:00  INFO 36544 --- [http-nio-8080-exec-1] c.m.m.c.GoogleApiProxyController         : Place types for Lime Kiln Trailhead: [hiking_area, sports_activity_location, point_of_interest, establishment]
2026-09-21T11:09:26.018-04:00  INFO 36544 --- [http-nio-8080-exec-1] c.m.m.c.GoogleApiProxyController         : Mapped: Lime Kiln Trailhead, Rating: 4.8, Reviews: 117, EntityType: hiking_area
2026-09-21T11:09:26.018-04:00  INFO 36544 --- [http-nio-8080-exec-1] c.m.m.c.GoogleApiProxyController         : Place types for Lost Valley Hiking Trail: [hiking_area, sports_activity_location, point_of_interest, establishment]
2026-09-21T11:09:26.018-04:00  INFO 36544 --- [http-nio-8080-exec-1] c.m.m.c.GoogleApiProxyController         : Mapped: Lost Valley Hiking Trail, Rating: 4.7, Reviews: 164, EntityType: hiking_area
2026-09-21T11:09:26.018-04:00  INFO 36544 --- [http-nio-8080-exec-1] c.m.m.c.GoogleApiProxyController         : Place types for Katy Trail: [hiking_area, sports_activity_location, point_of_interest, establishment]
2026-09-21T11:09:26.018-04:00  INFO 36544 --- [http-nio-8080-exec-1] c.m.m.c.GoogleApiProxyController         : Mapped: Katy Trail, Rating: 4.8, Reviews: 36, EntityType: hiking_area
2026-09-21T11:09:26.018-04:00  INFO 36544 --- [http-nio-8080-exec-1] c.m.m.c.GoogleApiProxyController         : Place types for Meramec Greenway Trailhead: Rock Hollow Trail: [hiking_area, sports_activity_location, point_of_interest, establishment]
2026-09-21T11:09:26.018-04:00  INFO 36544 --- [http-nio-8080-exec-1] c.m.m.c.GoogleApiProxyController         : Mapped: Meramec Greenway Trailhead: Rock Hollow Trail, Rating: 4.9, Reviews: 165, EntityType: hiking_area
2026-09-21T11:09:26.052-04:00  INFO 36544 --- [http-nio-8080-exec-1] c.m.m.service.PlacesCacheService         : Saved 20 spots to places_cache
2026-09-21T11:09:26.052-04:00  INFO 36544 --- [http-nio-8080-exec-1] c.m.m.c.GoogleApiProxyController         : Backfilled 20 keyword spots to MySQL cache
2026-09-21T11:09:26.056-04:00  INFO 36544 --- [http-nio-8080-exec-1] c.m.m.service.RouteBeautifierService     : Qualified spot: Freeburg Recreation Park at 38.422016,-89.9020457 distFromStart=816.9km source=NB
2026-09-21T11:09:26.060-04:00  INFO 36544 --- [http-nio-8080-exec-1] c.m.m.service.RouteBeautifierService     : Qualified spot: Konarcik Park at 38.3422998,-90.1212174 distFromStart=816.9km source=NB
2026-09-21T11:09:26.065-04:00  INFO 36544 --- [http-nio-8080-exec-1] c.m.m.service.RouteBeautifierService     : Qualified spot: Julius J Knobeloch Woods Nature Preserve at 38.4779985,-89.8869373 distFromStart=816.9km source=NB
2026-09-21T11:09:26.067-04:00  INFO 36544 --- [http-nio-8080-exec-1] c.m.m.service.RouteBeautifierService     : Qualified spot: East End Park at 38.5087823,-89.97144829999999 distFromStart=816.9km source=NB
2026-09-21T11:09:26.070-04:00  INFO 36544 --- [http-nio-8080-exec-1] c.m.m.service.RouteBeautifierService     : Qualified spot: St. Clair County Historical Society at 38.5127926,-89.9760558 distFromStart=816.9km source=NB
2026-09-21T11:09:26.072-04:00  INFO 36544 --- [http-nio-8080-exec-1] c.m.m.service.RouteBeautifierService     : Qualified spot: William and Florence Schmidt Art Center at 38.51724000000001,-89.9221326 distFromStart=816.9km source=NB
2026-09-21T11:09:26.074-04:00  INFO 36544 --- [http-nio-8080-exec-1] c.m.m.service.RouteBeautifierService     : Qualified spot: Hough Park Parking Lot at 38.518794,-89.988513 distFromStart=816.9km source=NB
2026-09-21T11:09:26.076-04:00  INFO 36544 --- [http-nio-8080-exec-1] c.m.m.service.RouteBeautifierService     : Qualified spot: Cambridge Park at 38.528624,-90.0104307 distFromStart=816.9km source=NB
2026-09-21T11:09:26.081-04:00  INFO 36544 --- [http-nio-8080-exec-1] c.m.m.c.GoogleApiProxyController         : MySQL cache hit: 1 spots near (38.638985,-90.02285)
2026-09-21T11:09:26.083-04:00  INFO 36544 --- [http-nio-8080-exec-1] c.m.m.c.GoogleApiProxyController         : MySQL cache hit (keyword): 2 spots near (38.638985,-90.02285)
2026-09-21T11:09:26.085-04:00  INFO 36544 --- [http-nio-8080-exec-1] c.m.m.service.RouteBeautifierService     : Qualified spot: Horseshoe Lake State Park at 38.6978414,-90.0668147 distFromStart=838.9km source=NB
2026-09-21T11:09:26.087-04:00  INFO 36544 --- [http-nio-8080-exec-1] c.m.m.c.GoogleApiProxyController         : MySQL cache hit: 5 spots near (38.735125,-90.136898)
2026-09-21T11:09:26.089-04:00  INFO 36544 --- [http-nio-8080-exec-1] c.m.m.c.GoogleApiProxyController         : MySQL cache hit (keyword): 2 spots near (38.735125,-90.136898)
2026-09-21T11:09:26.091-04:00  INFO 36544 --- [http-nio-8080-exec-1] c.m.m.service.RouteBeautifierService     : Qualified spot: Economy Museum at the Federal Reserve Bank of St. Louis at 38.628561,-90.18777899999999 distFromStart=867.1km source=NB
2026-09-21T11:09:26.093-04:00  INFO 36544 --- [http-nio-8080-exec-1] c.m.m.service.RouteBeautifierService     : Qualified spot: Soldiers Memorial Military Museum at 38.629034399999995,-90.2000599 distFromStart=867.1km source=NB
2026-09-21T11:09:26.095-04:00  INFO 36544 --- [http-nio-8080-exec-1] c.m.m.service.RouteBeautifierService     : Qualified spot: City Museum at 38.6336745,-90.2006976 distFromStart=867.1km source=NB
2026-09-21T11:09:26.098-04:00  INFO 36544 --- [http-nio-8080-exec-1] c.m.m.service.RouteBeautifierService     : Qualified spot: Scott Joplin House State Historic Site at 38.6370472,-90.21492160000001 distFromStart=867.1km source=NB
2026-09-21T11:09:26.101-04:00  INFO 36544 --- [http-nio-8080-exec-1] c.m.m.c.GoogleApiProxyController         : MySQL cache hit: 2 spots near (38.888052,-90.17211)
2026-09-21T11:09:26.102-04:00  INFO 36544 --- [http-nio-8080-exec-1] c.m.m.c.GoogleApiProxyController         : MySQL cache hit (keyword): 1 spots near (38.888052,-90.17211)
2026-09-21T11:09:26.104-04:00  INFO 36544 --- [http-nio-8080-exec-1] c.m.m.service.RouteBeautifierService     : Qualified spot: National Great Rivers Museum at 38.8709421,-90.1513731 distFromStart=895.6km source=NB
2026-09-21T11:09:26.105-04:00  INFO 36544 --- [http-nio-8080-exec-1] c.m.m.service.RouteBeautifierService     : Qualified spot: American Oddities Museum at 38.891397,-90.1862257 distFromStart=895.6km source=NB
2026-09-21T11:09:26.108-04:00  INFO 36544 --- [http-nio-8080-exec-1] c.m.m.c.GoogleApiProxyController         : MySQL cache hit: 2 spots near (38.971964,-90.482916)
2026-09-21T11:09:26.109-04:00  INFO 36544 --- [http-nio-8080-exec-1] c.m.m.c.GoogleApiProxyController         : MySQL cache hit (keyword): 3 spots near (38.971964,-90.482916)
2026-09-21T11:09:26.110-04:00  INFO 36544 --- [http-nio-8080-exec-1] c.m.m.service.RouteBeautifierService     : Qualified spot: Pere Marquette Lodge & Conference Center. at 38.971789199999996,-90.54115000000002 distFromStart=917.4km source=NB
2026-09-21T11:09:26.110-04:00  INFO 36544 --- [http-nio-8080-exec-1] c.m.m.service.RouteBeautifierService     : Qualified spot: Pere Marquette State Park at 38.972707799999995,-90.5424312 distFromStart=917.4km source=NB
2026-09-21T11:09:26.111-04:00  INFO 36544 --- [http-nio-8080-exec-1] c.m.m.c.GoogleApiProxyController         : MySQL cache hit: 1 spots near (39.152252,-90.583152)
2026-09-21T11:09:26.113-04:00  INFO 36544 --- [http-nio-8080-exec-1] c.m.m.c.GoogleApiProxyController         : MySQL cache miss — calling Google Places searchText near (39.152252,-90.583152) keyword=trailhead trail access hiking
2026-09-21T11:09:26.443-04:00  INFO 36544 --- [http-nio-8080-exec-1] c.m.m.c.GoogleApiProxyController         : Place types for Katy Trail - Weldon Spring Trailhead: [hiking_area, sports_activity_location, point_of_interest, establishment]
2026-09-21T11:09:26.443-04:00  INFO 36544 --- [http-nio-8080-exec-1] c.m.m.c.GoogleApiProxyController         : Mapped: Katy Trail - Weldon Spring Trailhead, Rating: 4.6, Reviews: 142, EntityType: hiking_area
2026-09-21T11:09:26.443-04:00  INFO 36544 --- [http-nio-8080-exec-1] c.m.m.c.GoogleApiProxyController         : Place types for Weldon Spring Lewis & Clark Hiking Trail: [hiking_area, sports_activity_location, point_of_interest, establishment]
2026-09-21T11:09:26.443-04:00  INFO 36544 --- [http-nio-8080-exec-1] c.m.m.c.GoogleApiProxyController         : Mapped: Weldon Spring Lewis & Clark Hiking Trail, Rating: 4.8, Reviews: 121, EntityType: hiking_area
2026-09-21T11:09:26.443-04:00  INFO 36544 --- [http-nio-8080-exec-1] c.m.m.c.GoogleApiProxyController         : Place types for Katy Trail - Black Walnut Trailhead: [hiking_area, sports_activity_location, point_of_interest, establishment]
2026-09-21T11:09:26.443-04:00  INFO 36544 --- [http-nio-8080-exec-1] c.m.m.c.GoogleApiProxyController         : Mapped: Katy Trail - Black Walnut Trailhead, Rating: 4.4, Reviews: 65, EntityType: hiking_area
2026-09-21T11:09:26.444-04:00  INFO 36544 --- [http-nio-8080-exec-1] c.m.m.c.GoogleApiProxyController         : Place types for Busch Greenway Howell Trailhead: [hiking_area, sports_activity_location, point_of_interest, establishment]
2026-09-21T11:09:26.444-04:00  INFO 36544 --- [http-nio-8080-exec-1] c.m.m.c.GoogleApiProxyController         : Mapped: Busch Greenway Howell Trailhead, Rating: 4.8, Reviews: 214, EntityType: hiking_area
2026-09-21T11:09:26.444-04:00  INFO 36544 --- [http-nio-8080-exec-1] c.m.m.c.GoogleApiProxyController         : Place types for Bootlegger's Run Trailhead: [hiking_area, sports_activity_location, point_of_interest, establishment]
2026-09-21T11:09:26.444-04:00  INFO 36544 --- [http-nio-8080-exec-1] c.m.m.c.GoogleApiProxyController         : Mapped: Bootlegger's Run Trailhead, Rating: 4.8, Reviews: 147, EntityType: hiking_area
2026-09-21T11:09:26.444-04:00  INFO 36544 --- [http-nio-8080-exec-1] c.m.m.c.GoogleApiProxyController         : Place types for Katy Trail - Green Bottom Trailhead: [hiking_area, sports_activity_location, point_of_interest, establishment]
2026-09-21T11:09:26.444-04:00  INFO 36544 --- [http-nio-8080-exec-1] c.m.m.c.GoogleApiProxyController         : Mapped: Katy Trail - Green Bottom Trailhead, Rating: 4.5, Reviews: 128, EntityType: hiking_area
2026-09-21T11:09:26.444-04:00  INFO 36544 --- [http-nio-8080-exec-1] c.m.m.c.GoogleApiProxyController         : Place types for Katy Trail - Augusta Trailhead: [hiking_area, tourist_attraction, sports_activity_location, point_of_interest, establishment]
2026-09-21T11:09:26.444-04:00  INFO 36544 --- [http-nio-8080-exec-1] c.m.m.c.GoogleApiProxyController         : Mapped: Katy Trail - Augusta Trailhead, Rating: 4.7, Reviews: 229, EntityType: hiking_area
2026-09-21T11:09:26.444-04:00  INFO 36544 --- [http-nio-8080-exec-1] c.m.m.c.GoogleApiProxyController         : Place types for Katy Trail - Marthasville Trailhead: [hiking_area, tourist_attraction, sports_activity_location, point_of_interest, establishment]
2026-09-21T11:09:26.444-04:00  INFO 36544 --- [http-nio-8080-exec-1] c.m.m.c.GoogleApiProxyController         : Mapped: Katy Trail - Marthasville Trailhead, Rating: 4.7, Reviews: 178, EntityType: hiking_area
2026-09-21T11:09:26.444-04:00  INFO 36544 --- [http-nio-8080-exec-1] c.m.m.c.GoogleApiProxyController         : Place types for Busch Greenway, Duckett Creek Trailhead: [hiking_area, sports_activity_location, point_of_interest, establishment]
2026-09-21T11:09:26.444-04:00  INFO 36544 --- [http-nio-8080-exec-1] c.m.m.c.GoogleApiProxyController         : Mapped: Busch Greenway, Duckett Creek Trailhead, Rating: 4.8, Reviews: 26, EntityType: hiking_area
2026-09-21T11:09:26.444-04:00  INFO 36544 --- [http-nio-8080-exec-1] c.m.m.c.GoogleApiProxyController         : Place types for Katy Trail: [hiking_area, sports_activity_location, point_of_interest, establishment]
2026-09-21T11:09:26.444-04:00  INFO 36544 --- [http-nio-8080-exec-1] c.m.m.c.GoogleApiProxyController         : Mapped: Katy Trail, Rating: 4.8, Reviews: 36, EntityType: hiking_area
2026-09-21T11:09:26.444-04:00  INFO 36544 --- [http-nio-8080-exec-1] c.m.m.c.GoogleApiProxyController         : Place types for Lost Valley Hiking Trail: [hiking_area, sports_activity_location, point_of_interest, establishment]
2026-09-21T11:09:26.444-04:00  INFO 36544 --- [http-nio-8080-exec-1] c.m.m.c.GoogleApiProxyController         : Mapped: Lost Valley Hiking Trail, Rating: 4.7, Reviews: 164, EntityType: hiking_area
2026-09-21T11:09:26.444-04:00  INFO 36544 --- [http-nio-8080-exec-1] c.m.m.c.GoogleApiProxyController         : Place types for Hickory South Trailhead: [hiking_area, sports_activity_location, point_of_interest, establishment]
2026-09-21T11:09:26.444-04:00  INFO 36544 --- [http-nio-8080-exec-1] c.m.m.c.GoogleApiProxyController         : Mapped: Hickory South Trailhead, Rating: 4.0, Reviews: 2, EntityType: hiking_area
2026-09-21T11:09:26.444-04:00  INFO 36544 --- [http-nio-8080-exec-1] c.m.m.c.GoogleApiProxyController         : Place types for Katy Trail - Dutzow Trailhead: [hiking_area, sports_activity_location, point_of_interest, establishment]
2026-09-21T11:09:26.444-04:00  INFO 36544 --- [http-nio-8080-exec-1] c.m.m.c.GoogleApiProxyController         : Mapped: Katy Trail - Dutzow Trailhead, Rating: 4.7, Reviews: 150, EntityType: hiking_area
2026-09-21T11:09:26.444-04:00  INFO 36544 --- [http-nio-8080-exec-1] c.m.m.c.GoogleApiProxyController         : Place types for Missouri Greenway Trailhead: Monarch Chesterfield Levee Trail: [hiking_area, tourist_attraction, sports_activity_location, point_of_interest, establishment]
2026-09-21T11:09:26.444-04:00  INFO 36544 --- [http-nio-8080-exec-1] c.m.m.c.GoogleApiProxyController         : Mapped: Missouri Greenway Trailhead: Monarch Chesterfield Levee Trail, Rating: 4.5, Reviews: 78, EntityType: hiking_area
2026-09-21T11:09:26.444-04:00  INFO 36544 --- [http-nio-8080-exec-1] c.m.m.c.GoogleApiProxyController         : Place types for DeClue Trail Trailhead: [hiking_area, sports_activity_location, point_of_interest, establishment]
2026-09-21T11:09:26.444-04:00  INFO 36544 --- [http-nio-8080-exec-1] c.m.m.c.GoogleApiProxyController         : Mapped: DeClue Trail Trailhead, Rating: 4.8, Reviews: 32, EntityType: hiking_area
2026-09-21T11:09:26.444-04:00  INFO 36544 --- [http-nio-8080-exec-1] c.m.m.c.GoogleApiProxyController         : Place types for Lime Kiln Trailhead: [hiking_area, sports_activity_location, point_of_interest, establishment]
2026-09-21T11:09:26.444-04:00  INFO 36544 --- [http-nio-8080-exec-1] c.m.m.c.GoogleApiProxyController         : Mapped: Lime Kiln Trailhead, Rating: 4.8, Reviews: 117, EntityType: hiking_area
2026-09-21T11:09:26.444-04:00  INFO 36544 --- [http-nio-8080-exec-1] c.m.m.c.GoogleApiProxyController         : Place types for Meramec Greenway Trailhead: Rock Hollow Trail: [hiking_area, sports_activity_location, point_of_interest, establishment]
2026-09-21T11:09:26.444-04:00  INFO 36544 --- [http-nio-8080-exec-1] c.m.m.c.GoogleApiProxyController         : Mapped: Meramec Greenway Trailhead: Rock Hollow Trail, Rating: 4.9, Reviews: 165, EntityType: hiking_area
2026-09-21T11:09:26.444-04:00  INFO 36544 --- [http-nio-8080-exec-1] c.m.m.c.GoogleApiProxyController         : Place types for Sunset Greenway Trail: [hiking_area, sports_activity_location, point_of_interest, establishment]
2026-09-21T11:09:26.444-04:00  INFO 36544 --- [http-nio-8080-exec-1] c.m.m.c.GoogleApiProxyController         : Mapped: Sunset Greenway Trail, Rating: 4.8, Reviews: 21, EntityType: hiking_area
2026-09-21T11:09:26.444-04:00  INFO 36544 --- [http-nio-8080-exec-1] c.m.m.c.GoogleApiProxyController         : Place types for McAdams Peak Trailhead: [hiking_area, sports_activity_location, point_of_interest, establishment]
2026-09-21T11:09:26.444-04:00  INFO 36544 --- [http-nio-8080-exec-1] c.m.m.c.GoogleApiProxyController         : Mapped: McAdams Peak Trailhead, Rating: 4.8, Reviews: 4, EntityType: hiking_area
2026-09-21T11:09:26.444-04:00  INFO 36544 --- [http-nio-8080-exec-1] c.m.m.c.GoogleApiProxyController         : Place types for River Scene Trail: [hiking_area, tourist_attraction, sports_activity_location, point_of_interest, establishment]
2026-09-21T11:09:26.444-04:00  INFO 36544 --- [http-nio-8080-exec-1] c.m.m.c.GoogleApiProxyController         : Mapped: River Scene Trail, Rating: 4.8, Reviews: 366, EntityType: hiking_area
2026-09-21T11:09:26.477-04:00  INFO 36544 --- [http-nio-8080-exec-1] c.m.m.service.PlacesCacheService         : Saved 20 spots to places_cache
2026-09-21T11:09:26.477-04:00  INFO 36544 --- [http-nio-8080-exec-1] c.m.m.c.GoogleApiProxyController         : Backfilled 20 keyword spots to MySQL cache
2026-09-21T11:09:26.482-04:00  INFO 36544 --- [http-nio-8080-exec-1] c.m.m.c.GoogleApiProxyController         : MySQL cache hit: 1 spots near (39.349641,-90.623042)
2026-09-21T11:09:26.484-04:00  INFO 36544 --- [http-nio-8080-exec-1] c.m.m.c.GoogleApiProxyController         : MySQL cache miss — calling Google Places searchText near (39.349641,-90.623042) keyword=trailhead trail access hiking
2026-09-21T11:09:26.836-04:00  INFO 36544 --- [http-nio-8080-exec-1] c.m.m.c.GoogleApiProxyController         : Place types for Katy Trail - Weldon Spring Trailhead: [hiking_area, sports_activity_location, point_of_interest, establishment]
2026-09-21T11:09:26.836-04:00  INFO 36544 --- [http-nio-8080-exec-1] c.m.m.c.GoogleApiProxyController         : Mapped: Katy Trail - Weldon Spring Trailhead, Rating: 4.6, Reviews: 142, EntityType: hiking_area
2026-09-21T11:09:26.836-04:00  INFO 36544 --- [http-nio-8080-exec-1] c.m.m.c.GoogleApiProxyController         : Place types for Weldon Spring Lewis & Clark Hiking Trail: [hiking_area, sports_activity_location, point_of_interest, establishment]
2026-09-21T11:09:26.837-04:00  INFO 36544 --- [http-nio-8080-exec-1] c.m.m.c.GoogleApiProxyController         : Mapped: Weldon Spring Lewis & Clark Hiking Trail, Rating: 4.8, Reviews: 121, EntityType: hiking_area
2026-09-21T11:09:26.837-04:00  INFO 36544 --- [http-nio-8080-exec-1] c.m.m.c.GoogleApiProxyController         : Place types for Busch Greenway Howell Trailhead: [hiking_area, sports_activity_location, point_of_interest, establishment]
2026-09-21T11:09:26.837-04:00  INFO 36544 --- [http-nio-8080-exec-1] c.m.m.c.GoogleApiProxyController         : Mapped: Busch Greenway Howell Trailhead, Rating: 4.8, Reviews: 214, EntityType: hiking_area
2026-09-21T11:09:26.837-04:00  INFO 36544 --- [http-nio-8080-exec-1] c.m.m.c.GoogleApiProxyController         : Place types for Katy Trail - Augusta Trailhead: [hiking_area, tourist_attraction, sports_activity_location, point_of_interest, establishment]
2026-09-21T11:09:26.837-04:00  INFO 36544 --- [http-nio-8080-exec-1] c.m.m.c.GoogleApiProxyController         : Mapped: Katy Trail - Augusta Trailhead, Rating: 4.7, Reviews: 229, EntityType: hiking_area
2026-09-21T11:09:26.837-04:00  INFO 36544 --- [http-nio-8080-exec-1] c.m.m.c.GoogleApiProxyController         : Place types for Katy Trail - Green Bottom Trailhead: [hiking_area, sports_activity_location, point_of_interest, establishment]
2026-09-21T11:09:26.837-04:00  INFO 36544 --- [http-nio-8080-exec-1] c.m.m.c.GoogleApiProxyController         : Mapped: Katy Trail - Green Bottom Trailhead, Rating: 4.5, Reviews: 128, EntityType: hiking_area
2026-09-21T11:09:26.837-04:00  INFO 36544 --- [http-nio-8080-exec-1] c.m.m.c.GoogleApiProxyController         : Place types for Bootlegger's Run Trailhead: [hiking_area, sports_activity_location, point_of_interest, establishment]
2026-09-21T11:09:26.837-04:00  INFO 36544 --- [http-nio-8080-exec-1] c.m.m.c.GoogleApiProxyController         : Mapped: Bootlegger's Run Trailhead, Rating: 4.8, Reviews: 147, EntityType: hiking_area
2026-09-21T11:09:26.837-04:00  INFO 36544 --- [http-nio-8080-exec-1] c.m.m.c.GoogleApiProxyController         : Place types for Katy Trail - Marthasville Trailhead: [hiking_area, tourist_attraction, sports_activity_location, point_of_interest, establishment]
2026-09-21T11:09:26.837-04:00  INFO 36544 --- [http-nio-8080-exec-1] c.m.m.c.GoogleApiProxyController         : Mapped: Katy Trail - Marthasville Trailhead, Rating: 4.7, Reviews: 178, EntityType: hiking_area
2026-09-21T11:09:26.837-04:00  INFO 36544 --- [http-nio-8080-exec-1] c.m.m.c.GoogleApiProxyController         : Place types for Katy Trail - Black Walnut Trailhead: [hiking_area, sports_activity_location, point_of_interest, establishment]
2026-09-21T11:09:26.837-04:00  INFO 36544 --- [http-nio-8080-exec-1] c.m.m.c.GoogleApiProxyController         : Mapped: Katy Trail - Black Walnut Trailhead, Rating: 4.4, Reviews: 65, EntityType: hiking_area
2026-09-21T11:09:26.837-04:00  INFO 36544 --- [http-nio-8080-exec-1] c.m.m.c.GoogleApiProxyController         : Place types for Busch Greenway, Duckett Creek Trailhead: [hiking_area, sports_activity_location, point_of_interest, establishment]
2026-09-21T11:09:26.837-04:00  INFO 36544 --- [http-nio-8080-exec-1] c.m.m.c.GoogleApiProxyController         : Mapped: Busch Greenway, Duckett Creek Trailhead, Rating: 4.8, Reviews: 26, EntityType: hiking_area
2026-09-21T11:09:26.838-04:00  INFO 36544 --- [http-nio-8080-exec-1] c.m.m.c.GoogleApiProxyController         : Place types for Lost Valley Hiking Trail: [hiking_area, sports_activity_location, point_of_interest, establishment]
2026-09-21T11:09:26.838-04:00  INFO 36544 --- [http-nio-8080-exec-1] c.m.m.c.GoogleApiProxyController         : Mapped: Lost Valley Hiking Trail, Rating: 4.7, Reviews: 164, EntityType: hiking_area
2026-09-21T11:09:26.838-04:00  INFO 36544 --- [http-nio-8080-exec-1] c.m.m.c.GoogleApiProxyController         : Place types for Katy Trail: [hiking_area, sports_activity_location, point_of_interest, establishment]
2026-09-21T11:09:26.838-04:00  INFO 36544 --- [http-nio-8080-exec-1] c.m.m.c.GoogleApiProxyController         : Mapped: Katy Trail, Rating: 4.8, Reviews: 36, EntityType: hiking_area
2026-09-21T11:09:26.838-04:00  INFO 36544 --- [http-nio-8080-exec-1] c.m.m.c.GoogleApiProxyController         : Place types for Katy Trail - Dutzow Trailhead: [hiking_area, sports_activity_location, point_of_interest, establishment]
2026-09-21T11:09:26.838-04:00  INFO 36544 --- [http-nio-8080-exec-1] c.m.m.c.GoogleApiProxyController         : Mapped: Katy Trail - Dutzow Trailhead, Rating: 4.7, Reviews: 150, EntityType: hiking_area
2026-09-21T11:09:26.838-04:00  INFO 36544 --- [http-nio-8080-exec-1] c.m.m.c.GoogleApiProxyController         : Place types for DeClue Trail Trailhead: [hiking_area, sports_activity_location, point_of_interest, establishment]
2026-09-21T11:09:26.838-04:00  INFO 36544 --- [http-nio-8080-exec-1] c.m.m.c.GoogleApiProxyController         : Mapped: DeClue Trail Trailhead, Rating: 4.8, Reviews: 32, EntityType: hiking_area
2026-09-21T11:09:26.838-04:00  INFO 36544 --- [http-nio-8080-exec-1] c.m.m.c.GoogleApiProxyController         : Place types for Missouri Greenway Trailhead: Monarch Chesterfield Levee Trail: [hiking_area, tourist_attraction, sports_activity_location, point_of_interest, establishment]
2026-09-21T11:09:26.838-04:00  INFO 36544 --- [http-nio-8080-exec-1] c.m.m.c.GoogleApiProxyController         : Mapped: Missouri Greenway Trailhead: Monarch Chesterfield Levee Trail, Rating: 4.5, Reviews: 78, EntityType: hiking_area
2026-09-21T11:09:26.838-04:00  INFO 36544 --- [http-nio-8080-exec-1] c.m.m.c.GoogleApiProxyController         : Place types for Lime Kiln Trailhead: [hiking_area, sports_activity_location, point_of_interest, establishment]
2026-09-21T11:09:26.838-04:00  INFO 36544 --- [http-nio-8080-exec-1] c.m.m.c.GoogleApiProxyController         : Mapped: Lime Kiln Trailhead, Rating: 4.8, Reviews: 117, EntityType: hiking_area
2026-09-21T11:09:26.838-04:00  INFO 36544 --- [http-nio-8080-exec-1] c.m.m.c.GoogleApiProxyController         : Place types for Meramec Greenway Trailhead: Rock Hollow Trail: [hiking_area, sports_activity_location, point_of_interest, establishment]
2026-09-21T11:09:26.838-04:00  INFO 36544 --- [http-nio-8080-exec-1] c.m.m.c.GoogleApiProxyController         : Mapped: Meramec Greenway Trailhead: Rock Hollow Trail, Rating: 4.9, Reviews: 165, EntityType: hiking_area
2026-09-21T11:09:26.838-04:00  INFO 36544 --- [http-nio-8080-exec-1] c.m.m.c.GoogleApiProxyController         : Place types for Hickory South Trailhead: [hiking_area, sports_activity_location, point_of_interest, establishment]
2026-09-21T11:09:26.838-04:00  INFO 36544 --- [http-nio-8080-exec-1] c.m.m.c.GoogleApiProxyController         : Mapped: Hickory South Trailhead, Rating: 4.0, Reviews: 2, EntityType: hiking_area
2026-09-21T11:09:26.838-04:00  INFO 36544 --- [http-nio-8080-exec-1] c.m.m.c.GoogleApiProxyController         : Place types for Route 66 Hike & Bike Trail at Lake Lou Yaeger: [hiking_area, sports_activity_location, point_of_interest, establishment]
2026-09-21T11:09:26.838-04:00  INFO 36544 --- [http-nio-8080-exec-1] c.m.m.c.GoogleApiProxyController         : Mapped: Route 66 Hike & Bike Trail at Lake Lou Yaeger, Rating: 4.6, Reviews: 36, EntityType: hiking_area
2026-09-21T11:09:26.838-04:00  INFO 36544 --- [http-nio-8080-exec-1] c.m.m.c.GoogleApiProxyController         : Place types for River Scene Trail: [hiking_area, tourist_attraction, sports_activity_location, point_of_interest, establishment]
2026-09-21T11:09:26.838-04:00  INFO 36544 --- [http-nio-8080-exec-1] c.m.m.c.GoogleApiProxyController         : Mapped: River Scene Trail, Rating: 4.8, Reviews: 366, EntityType: hiking_area
2026-09-21T11:09:26.838-04:00  INFO 36544 --- [http-nio-8080-exec-1] c.m.m.c.GoogleApiProxyController         : Place types for Western Greenway Trailhead: Turkey Ridge Trail: [hiking_area, sports_activity_location, point_of_interest, establishment]
2026-09-21T11:09:26.838-04:00  INFO 36544 --- [http-nio-8080-exec-1] c.m.m.c.GoogleApiProxyController         : Mapped: Western Greenway Trailhead: Turkey Ridge Trail, Rating: 4.6, Reviews: 15, EntityType: hiking_area
2026-09-21T11:09:26.864-04:00  INFO 36544 --- [http-nio-8080-exec-1] c.m.m.service.PlacesCacheService         : Saved 20 spots to places_cache
2026-09-21T11:09:26.864-04:00  INFO 36544 --- [http-nio-8080-exec-1] c.m.m.c.GoogleApiProxyController         : Backfilled 20 keyword spots to MySQL cache
2026-09-21T11:09:26.870-04:00  INFO 36544 --- [http-nio-8080-exec-1] c.m.m.c.GoogleApiProxyController         : MySQL cache hit: 2 spots near (39.614858,-90.734822)
2026-09-21T11:09:26.872-04:00  INFO 36544 --- [http-nio-8080-exec-1] c.m.m.c.GoogleApiProxyController         : MySQL cache miss — calling Google Places searchText near (39.614858,-90.734822) keyword=trailhead trail access hiking
2026-09-21T11:09:27.178-04:00  INFO 36544 --- [http-nio-8080-exec-1] c.m.m.c.GoogleApiProxyController         : Place types for Katy Trail - Weldon Spring Trailhead: [hiking_area, sports_activity_location, point_of_interest, establishment]
2026-09-21T11:09:27.178-04:00  INFO 36544 --- [http-nio-8080-exec-1] c.m.m.c.GoogleApiProxyController         : Mapped: Katy Trail - Weldon Spring Trailhead, Rating: 4.6, Reviews: 142, EntityType: hiking_area
2026-09-21T11:09:27.179-04:00  INFO 36544 --- [http-nio-8080-exec-1] c.m.m.c.GoogleApiProxyController         : Place types for Katy Trail - Augusta Trailhead: [hiking_area, tourist_attraction, sports_activity_location, point_of_interest, establishment]
2026-09-21T11:09:27.179-04:00  INFO 36544 --- [http-nio-8080-exec-1] c.m.m.c.GoogleApiProxyController         : Mapped: Katy Trail - Augusta Trailhead, Rating: 4.7, Reviews: 229, EntityType: hiking_area
2026-09-21T11:09:27.179-04:00  INFO 36544 --- [http-nio-8080-exec-1] c.m.m.c.GoogleApiProxyController         : Place types for Katy Trail - Marthasville Trailhead: [hiking_area, tourist_attraction, sports_activity_location, point_of_interest, establishment]
2026-09-21T11:09:27.179-04:00  INFO 36544 --- [http-nio-8080-exec-1] c.m.m.c.GoogleApiProxyController         : Mapped: Katy Trail - Marthasville Trailhead, Rating: 4.7, Reviews: 178, EntityType: hiking_area
2026-09-21T11:09:27.179-04:00  INFO 36544 --- [http-nio-8080-exec-1] c.m.m.c.GoogleApiProxyController         : Place types for Katy Trail - Green Bottom Trailhead: [hiking_area, sports_activity_location, point_of_interest, establishment]
2026-09-21T11:09:27.179-04:00  INFO 36544 --- [http-nio-8080-exec-1] c.m.m.c.GoogleApiProxyController         : Mapped: Katy Trail - Green Bottom Trailhead, Rating: 4.5, Reviews: 128, EntityType: hiking_area
2026-09-21T11:09:27.179-04:00  INFO 36544 --- [http-nio-8080-exec-1] c.m.m.c.GoogleApiProxyController         : Place types for Weldon Spring Lewis & Clark Hiking Trail: [hiking_area, sports_activity_location, point_of_interest, establishment]
2026-09-21T11:09:27.179-04:00  INFO 36544 --- [http-nio-8080-exec-1] c.m.m.c.GoogleApiProxyController         : Mapped: Weldon Spring Lewis & Clark Hiking Trail, Rating: 4.8, Reviews: 121, EntityType: hiking_area
2026-09-21T11:09:27.179-04:00  INFO 36544 --- [http-nio-8080-exec-1] c.m.m.c.GoogleApiProxyController         : Place types for Katy Trail - Dutzow Trailhead: [hiking_area, sports_activity_location, point_of_interest, establishment]
2026-09-21T11:09:27.179-04:00  INFO 36544 --- [http-nio-8080-exec-1] c.m.m.c.GoogleApiProxyController         : Mapped: Katy Trail - Dutzow Trailhead, Rating: 4.7, Reviews: 150, EntityType: hiking_area
2026-09-21T11:09:27.179-04:00  INFO 36544 --- [http-nio-8080-exec-1] c.m.m.c.GoogleApiProxyController         : Place types for Katy Trail - Black Walnut Trailhead: [hiking_area, sports_activity_location, point_of_interest, establishment]
2026-09-21T11:09:27.179-04:00  INFO 36544 --- [http-nio-8080-exec-1] c.m.m.c.GoogleApiProxyController         : Mapped: Katy Trail - Black Walnut Trailhead, Rating: 4.4, Reviews: 65, EntityType: hiking_area
2026-09-21T11:09:27.179-04:00  INFO 36544 --- [http-nio-8080-exec-1] c.m.m.c.GoogleApiProxyController         : Place types for Busch Greenway, Duckett Creek Trailhead: [hiking_area, sports_activity_location, point_of_interest, establishment]
2026-09-21T11:09:27.179-04:00  INFO 36544 --- [http-nio-8080-exec-1] c.m.m.c.GoogleApiProxyController         : Mapped: Busch Greenway, Duckett Creek Trailhead, Rating: 4.8, Reviews: 26, EntityType: hiking_area
2026-09-21T11:09:27.179-04:00  INFO 36544 --- [http-nio-8080-exec-1] c.m.m.c.GoogleApiProxyController         : Place types for Lost Valley Hiking Trail: [hiking_area, sports_activity_location, point_of_interest, establishment]
2026-09-21T11:09:27.179-04:00  INFO 36544 --- [http-nio-8080-exec-1] c.m.m.c.GoogleApiProxyController         : Mapped: Lost Valley Hiking Trail, Rating: 4.7, Reviews: 164, EntityType: hiking_area
2026-09-21T11:09:27.180-04:00  INFO 36544 --- [http-nio-8080-exec-1] c.m.m.c.GoogleApiProxyController         : Place types for Katy Trail: [hiking_area, sports_activity_location, point_of_interest, establishment]
2026-09-21T11:09:27.180-04:00  INFO 36544 --- [http-nio-8080-exec-1] c.m.m.c.GoogleApiProxyController         : Mapped: Katy Trail, Rating: 4.8, Reviews: 36, EntityType: hiking_area
2026-09-21T11:09:27.180-04:00  INFO 36544 --- [http-nio-8080-exec-1] c.m.m.c.GoogleApiProxyController         : Place types for DeClue Trail Trailhead: [hiking_area, sports_activity_location, point_of_interest, establishment]
2026-09-21T11:09:27.180-04:00  INFO 36544 --- [http-nio-8080-exec-1] c.m.m.c.GoogleApiProxyController         : Mapped: DeClue Trail Trailhead, Rating: 4.8, Reviews: 32, EntityType: hiking_area
2026-09-21T11:09:27.180-04:00  INFO 36544 --- [http-nio-8080-exec-1] c.m.m.c.GoogleApiProxyController         : Place types for Missouri Greenway Trailhead: Monarch Chesterfield Levee Trail: [hiking_area, tourist_attraction, sports_activity_location, point_of_interest, establishment]
2026-09-21T11:09:27.180-04:00  INFO 36544 --- [http-nio-8080-exec-1] c.m.m.c.GoogleApiProxyController         : Mapped: Missouri Greenway Trailhead: Monarch Chesterfield Levee Trail, Rating: 4.5, Reviews: 78, EntityType: hiking_area
2026-09-21T11:09:27.180-04:00  INFO 36544 --- [http-nio-8080-exec-1] c.m.m.c.GoogleApiProxyController         : Place types for Alta Rd. Trailhead Rock Island Trail: [hiking_area, sports_activity_location, point_of_interest, establishment]
2026-09-21T11:09:27.180-04:00  INFO 36544 --- [http-nio-8080-exec-1] c.m.m.c.GoogleApiProxyController         : Mapped: Alta Rd. Trailhead Rock Island Trail, Rating: 4.7, Reviews: 138, EntityType: hiking_area
2026-09-21T11:09:27.180-04:00  INFO 36544 --- [http-nio-8080-exec-1] c.m.m.c.GoogleApiProxyController         : Place types for Busch Greenway Howell Trailhead: [hiking_area, sports_activity_location, point_of_interest, establishment]
2026-09-21T11:09:27.180-04:00  INFO 36544 --- [http-nio-8080-exec-1] c.m.m.c.GoogleApiProxyController         : Mapped: Busch Greenway Howell Trailhead, Rating: 4.8, Reviews: 214, EntityType: hiking_area
2026-09-21T11:09:27.180-04:00  INFO 36544 --- [http-nio-8080-exec-1] c.m.m.c.GoogleApiProxyController         : Place types for Bootlegger's Run Trailhead: [hiking_area, sports_activity_location, point_of_interest, establishment]
2026-09-21T11:09:27.180-04:00  INFO 36544 --- [http-nio-8080-exec-1] c.m.m.c.GoogleApiProxyController         : Mapped: Bootlegger's Run Trailhead, Rating: 4.8, Reviews: 147, EntityType: hiking_area
2026-09-21T11:09:27.180-04:00  INFO 36544 --- [http-nio-8080-exec-1] c.m.m.c.GoogleApiProxyController         : Place types for Lime Kiln Trailhead: [hiking_area, sports_activity_location, point_of_interest, establishment]
2026-09-21T11:09:27.180-04:00  INFO 36544 --- [http-nio-8080-exec-1] c.m.m.c.GoogleApiProxyController         : Mapped: Lime Kiln Trailhead, Rating: 4.8, Reviews: 117, EntityType: hiking_area
2026-09-21T11:09:27.180-04:00  INFO 36544 --- [http-nio-8080-exec-1] c.m.m.c.GoogleApiProxyController         : Place types for Meramec Greenway Trailhead: Rock Hollow Trail: [hiking_area, sports_activity_location, point_of_interest, establishment]
2026-09-21T11:09:27.180-04:00  INFO 36544 --- [http-nio-8080-exec-1] c.m.m.c.GoogleApiProxyController         : Mapped: Meramec Greenway Trailhead: Rock Hollow Trail, Rating: 4.9, Reviews: 165, EntityType: hiking_area
2026-09-21T11:09:27.180-04:00  INFO 36544 --- [http-nio-8080-exec-1] c.m.m.c.GoogleApiProxyController         : Place types for Route 66 Hike & Bike Trail at Lake Lou Yaeger: [hiking_area, sports_activity_location, point_of_interest, establishment]
2026-09-21T11:09:27.180-04:00  INFO 36544 --- [http-nio-8080-exec-1] c.m.m.c.GoogleApiProxyController         : Mapped: Route 66 Hike & Bike Trail at Lake Lou Yaeger, Rating: 4.6, Reviews: 36, EntityType: hiking_area
2026-09-21T11:09:27.180-04:00  INFO 36544 --- [http-nio-8080-exec-1] c.m.m.c.GoogleApiProxyController         : Place types for Sodalis Park Trailhead: [hiking_area, sports_activity_location, point_of_interest, establishment]
2026-09-21T11:09:27.180-04:00  INFO 36544 --- [http-nio-8080-exec-1] c.m.m.c.GoogleApiProxyController         : Mapped: Sodalis Park Trailhead, Rating: 4.8, Reviews: 58, EntityType: hiking_area
2026-09-21T11:09:27.180-04:00  INFO 36544 --- [http-nio-8080-exec-1] c.m.m.c.GoogleApiProxyController         : Place types for Historic Stone Shelter and parking/Trailhead: [hiking_area, sports_activity_location, point_of_interest, establishment]
2026-09-21T11:09:27.180-04:00  INFO 36544 --- [http-nio-8080-exec-1] c.m.m.c.GoogleApiProxyController         : Mapped: Historic Stone Shelter and parking/Trailhead, Rating: 4.7, Reviews: 69, EntityType: hiking_area
2026-09-21T11:09:27.200-04:00  INFO 36544 --- [http-nio-8080-exec-1] c.m.m.service.PlacesCacheService         : Saved 20 spots to places_cache
2026-09-21T11:09:27.200-04:00  INFO 36544 --- [http-nio-8080-exec-1] c.m.m.c.GoogleApiProxyController         : Backfilled 20 keyword spots to MySQL cache
2026-09-21T11:09:27.203-04:00  INFO 36544 --- [http-nio-8080-exec-1] c.m.m.c.GoogleApiProxyController         : MySQL cache miss — calling Google Places API near (39.509558,-90.977212)
2026-09-21T11:09:27.539-04:00  INFO 36544 --- [http-nio-8080-exec-1] c.m.m.c.GoogleApiProxyController         : Place types for Welcome to Illinois Sign: [tourist_attraction, point_of_interest, establishment]
2026-09-21T11:09:27.539-04:00  INFO 36544 --- [http-nio-8080-exec-1] c.m.m.c.GoogleApiProxyController         : Mapped: Welcome to Illinois Sign, Rating: 5.0, Reviews: 6, EntityType: tourist_attraction
2026-09-21T11:09:27.539-04:00  INFO 36544 --- [http-nio-8080-exec-1] c.m.m.c.GoogleApiProxyController         : Place types for Welcome to Missouri Sign: [tourist_attraction, point_of_interest, establishment]
2026-09-21T11:09:27.539-04:00  INFO 36544 --- [http-nio-8080-exec-1] c.m.m.c.GoogleApiProxyController         : Mapped: Welcome to Missouri Sign, Rating: 5.0, Reviews: 4, EntityType: tourist_attraction
2026-09-21T11:09:27.540-04:00  INFO 36544 --- [http-nio-8080-exec-1] c.m.m.c.GoogleApiProxyController         : Place types for Louisiana Area Historical Museum: [history_museum, museum, point_of_interest, establishment]
2026-09-21T11:09:27.540-04:00  INFO 36544 --- [http-nio-8080-exec-1] c.m.m.c.GoogleApiProxyController         : Mapped: Louisiana Area Historical Museum, Rating: 5.0, Reviews: 1, EntityType: history_museum
2026-09-21T11:09:27.540-04:00  INFO 36544 --- [http-nio-8080-exec-1] c.m.m.c.GoogleApiProxyController         : Place types for Harman House Museum: [museum, point_of_interest, establishment]
2026-09-21T11:09:27.540-04:00  INFO 36544 --- [http-nio-8080-exec-1] c.m.m.c.GoogleApiProxyController         : Mapped: Harman House Museum, Rating: 5.0, Reviews: 2, EntityType: museum
2026-09-21T11:09:27.540-04:00  INFO 36544 --- [http-nio-8080-exec-1] c.m.m.c.GoogleApiProxyController         : Place types for Oldest building in Pike County (Trading Post): [historical_landmark, historical_place, point_of_interest, establishment]
2026-09-21T11:09:27.540-04:00  INFO 36544 --- [http-nio-8080-exec-1] c.m.m.c.GoogleApiProxyController         : Mapped: Oldest building in Pike County (Trading Post), Rating: 0.0, Reviews: 0, EntityType: historical_landmark
2026-09-21T11:09:27.540-04:00  INFO 36544 --- [http-nio-8080-exec-1] c.m.m.c.GoogleApiProxyController         : Place types for Petty Cemetery: [historical_landmark, historical_place, point_of_interest, establishment]
2026-09-21T11:09:27.540-04:00  INFO 36544 --- [http-nio-8080-exec-1] c.m.m.c.GoogleApiProxyController         : Mapped: Petty Cemetery, Rating: 0.0, Reviews: 0, EntityType: historical_landmark
2026-09-21T11:09:27.554-04:00  INFO 36544 --- [http-nio-8080-exec-1] c.m.m.service.PlacesCacheService         : Saved 6 spots to places_cache
2026-09-21T11:09:27.554-04:00  INFO 36544 --- [http-nio-8080-exec-1] c.m.m.c.GoogleApiProxyController         : Backfilled 6 spots to MySQL cache
2026-09-21T11:09:27.557-04:00  INFO 36544 --- [http-nio-8080-exec-1] c.m.m.c.GoogleApiProxyController         : MySQL cache miss — calling Google Places searchText near (39.509558,-90.977212) keyword=trailhead trail access hiking
2026-09-21T11:09:27.855-04:00  INFO 36544 --- [http-nio-8080-exec-1] c.m.m.c.GoogleApiProxyController         : Place types for Katy Trail - Weldon Spring Trailhead: [hiking_area, sports_activity_location, point_of_interest, establishment]
2026-09-21T11:09:27.855-04:00  INFO 36544 --- [http-nio-8080-exec-1] c.m.m.c.GoogleApiProxyController         : Mapped: Katy Trail - Weldon Spring Trailhead, Rating: 4.6, Reviews: 142, EntityType: hiking_area
2026-09-21T11:09:27.855-04:00  INFO 36544 --- [http-nio-8080-exec-1] c.m.m.c.GoogleApiProxyController         : Place types for Katy Trail - Augusta Trailhead: [hiking_area, tourist_attraction, sports_activity_location, point_of_interest, establishment]
2026-09-21T11:09:27.855-04:00  INFO 36544 --- [http-nio-8080-exec-1] c.m.m.c.GoogleApiProxyController         : Mapped: Katy Trail - Augusta Trailhead, Rating: 4.7, Reviews: 229, EntityType: hiking_area
2026-09-21T11:09:27.855-04:00  INFO 36544 --- [http-nio-8080-exec-1] c.m.m.c.GoogleApiProxyController         : Place types for Katy Trail - Marthasville Trailhead: [hiking_area, tourist_attraction, sports_activity_location, point_of_interest, establishment]
2026-09-21T11:09:27.855-04:00  INFO 36544 --- [http-nio-8080-exec-1] c.m.m.c.GoogleApiProxyController         : Mapped: Katy Trail - Marthasville Trailhead, Rating: 4.7, Reviews: 178, EntityType: hiking_area
2026-09-21T11:09:27.855-04:00  INFO 36544 --- [http-nio-8080-exec-1] c.m.m.c.GoogleApiProxyController         : Place types for Katy Trail - Green Bottom Trailhead: [hiking_area, sports_activity_location, point_of_interest, establishment]
2026-09-21T11:09:27.855-04:00  INFO 36544 --- [http-nio-8080-exec-1] c.m.m.c.GoogleApiProxyController         : Mapped: Katy Trail - Green Bottom Trailhead, Rating: 4.5, Reviews: 128, EntityType: hiking_area
2026-09-21T11:09:27.855-04:00  INFO 36544 --- [http-nio-8080-exec-1] c.m.m.c.GoogleApiProxyController         : Place types for Weldon Spring Lewis & Clark Hiking Trail: [hiking_area, sports_activity_location, point_of_interest, establishment]
2026-09-21T11:09:27.855-04:00  INFO 36544 --- [http-nio-8080-exec-1] c.m.m.c.GoogleApiProxyController         : Mapped: Weldon Spring Lewis & Clark Hiking Trail, Rating: 4.8, Reviews: 121, EntityType: hiking_area
2026-09-21T11:09:27.855-04:00  INFO 36544 --- [http-nio-8080-exec-1] c.m.m.c.GoogleApiProxyController         : Place types for Sodalis Park Trailhead: [hiking_area, sports_activity_location, point_of_interest, establishment]
2026-09-21T11:09:27.855-04:00  INFO 36544 --- [http-nio-8080-exec-1] c.m.m.c.GoogleApiProxyController         : Mapped: Sodalis Park Trailhead, Rating: 4.8, Reviews: 58, EntityType: hiking_area
2026-09-21T11:09:27.855-04:00  INFO 36544 --- [http-nio-8080-exec-1] c.m.m.c.GoogleApiProxyController         : Place types for Katy Trail - Dutzow Trailhead: [hiking_area, sports_activity_location, point_of_interest, establishment]
2026-09-21T11:09:27.855-04:00  INFO 36544 --- [http-nio-8080-exec-1] c.m.m.c.GoogleApiProxyController         : Mapped: Katy Trail - Dutzow Trailhead, Rating: 4.7, Reviews: 150, EntityType: hiking_area
2026-09-21T11:09:27.855-04:00  INFO 36544 --- [http-nio-8080-exec-1] c.m.m.c.GoogleApiProxyController         : Place types for Busch Greenway, Duckett Creek Trailhead: [hiking_area, sports_activity_location, point_of_interest, establishment]
2026-09-21T11:09:27.855-04:00  INFO 36544 --- [http-nio-8080-exec-1] c.m.m.c.GoogleApiProxyController         : Mapped: Busch Greenway, Duckett Creek Trailhead, Rating: 4.8, Reviews: 26, EntityType: hiking_area
2026-09-21T11:09:27.855-04:00  INFO 36544 --- [http-nio-8080-exec-1] c.m.m.c.GoogleApiProxyController         : Place types for Lost Valley Hiking Trail: [hiking_area, sports_activity_location, point_of_interest, establishment]
2026-09-21T11:09:27.855-04:00  INFO 36544 --- [http-nio-8080-exec-1] c.m.m.c.GoogleApiProxyController         : Mapped: Lost Valley Hiking Trail, Rating: 4.7, Reviews: 164, EntityType: hiking_area
2026-09-21T11:09:27.856-04:00  INFO 36544 --- [http-nio-8080-exec-1] c.m.m.c.GoogleApiProxyController         : Place types for Katy Trail - Black Walnut Trailhead: [hiking_area, sports_activity_location, point_of_interest, establishment]
2026-09-21T11:09:27.856-04:00  INFO 36544 --- [http-nio-8080-exec-1] c.m.m.c.GoogleApiProxyController         : Mapped: Katy Trail - Black Walnut Trailhead, Rating: 4.4, Reviews: 65, EntityType: hiking_area
2026-09-21T11:09:27.856-04:00  INFO 36544 --- [http-nio-8080-exec-1] c.m.m.c.GoogleApiProxyController         : Place types for Katy Trail: [hiking_area, sports_activity_location, point_of_interest, establishment]
2026-09-21T11:09:27.856-04:00  INFO 36544 --- [http-nio-8080-exec-1] c.m.m.c.GoogleApiProxyController         : Mapped: Katy Trail, Rating: 4.8, Reviews: 36, EntityType: hiking_area
2026-09-21T11:09:27.856-04:00  INFO 36544 --- [http-nio-8080-exec-1] c.m.m.c.GoogleApiProxyController         : Place types for DeClue Trail Trailhead: [hiking_area, sports_activity_location, point_of_interest, establishment]
2026-09-21T11:09:27.856-04:00  INFO 36544 --- [http-nio-8080-exec-1] c.m.m.c.GoogleApiProxyController         : Mapped: DeClue Trail Trailhead, Rating: 4.8, Reviews: 32, EntityType: hiking_area
2026-09-21T11:09:27.856-04:00  INFO 36544 --- [http-nio-8080-exec-1] c.m.m.c.GoogleApiProxyController         : Place types for Missouri Greenway Trailhead: Monarch Chesterfield Levee Trail: [hiking_area, tourist_attraction, sports_activity_location, point_of_interest, establishment]
2026-09-21T11:09:27.856-04:00  INFO 36544 --- [http-nio-8080-exec-1] c.m.m.c.GoogleApiProxyController         : Mapped: Missouri Greenway Trailhead: Monarch Chesterfield Levee Trail, Rating: 4.5, Reviews: 78, EntityType: hiking_area
2026-09-21T11:09:27.856-04:00  INFO 36544 --- [http-nio-8080-exec-1] c.m.m.c.GoogleApiProxyController         : Place types for Busch Greenway Howell Trailhead: [hiking_area, sports_activity_location, point_of_interest, establishment]
2026-09-21T11:09:27.856-04:00  INFO 36544 --- [http-nio-8080-exec-1] c.m.m.c.GoogleApiProxyController         : Mapped: Busch Greenway Howell Trailhead, Rating: 4.8, Reviews: 214, EntityType: hiking_area
2026-09-21T11:09:27.856-04:00  INFO 36544 --- [http-nio-8080-exec-1] c.m.m.c.GoogleApiProxyController         : Place types for Lime Kiln Trailhead: [hiking_area, sports_activity_location, point_of_interest, establishment]
2026-09-21T11:09:27.856-04:00  INFO 36544 --- [http-nio-8080-exec-1] c.m.m.c.GoogleApiProxyController         : Mapped: Lime Kiln Trailhead, Rating: 4.8, Reviews: 117, EntityType: hiking_area
2026-09-21T11:09:27.856-04:00  INFO 36544 --- [http-nio-8080-exec-1] c.m.m.c.GoogleApiProxyController         : Place types for MKT Trail - Forum Katy Parkway Connector Access: [hiking_area, sports_activity_location, point_of_interest, establishment]
2026-09-21T11:09:27.856-04:00  INFO 36544 --- [http-nio-8080-exec-1] c.m.m.c.GoogleApiProxyController         : Mapped: MKT Trail - Forum Katy Parkway Connector Access, Rating: 4.8, Reviews: 17, EntityType: hiking_area
2026-09-21T11:09:27.856-04:00  INFO 36544 --- [http-nio-8080-exec-1] c.m.m.c.GoogleApiProxyController         : Place types for Meramec Greenway Trailhead: Rock Hollow Trail: [hiking_area, sports_activity_location, point_of_interest, establishment]
2026-09-21T11:09:27.856-04:00  INFO 36544 --- [http-nio-8080-exec-1] c.m.m.c.GoogleApiProxyController         : Mapped: Meramec Greenway Trailhead: Rock Hollow Trail, Rating: 4.9, Reviews: 165, EntityType: hiking_area
2026-09-21T11:09:27.856-04:00  INFO 36544 --- [http-nio-8080-exec-1] c.m.m.c.GoogleApiProxyController         : Place types for Bootlegger's Run Trailhead: [hiking_area, sports_activity_location, point_of_interest, establishment]
2026-09-21T11:09:27.856-04:00  INFO 36544 --- [http-nio-8080-exec-1] c.m.m.c.GoogleApiProxyController         : Mapped: Bootlegger's Run Trailhead, Rating: 4.8, Reviews: 147, EntityType: hiking_area
2026-09-21T11:09:27.856-04:00  INFO 36544 --- [http-nio-8080-exec-1] c.m.m.c.GoogleApiProxyController         : Place types for Patchen Street Trailhead: [hiking_area, sports_activity_location, point_of_interest, establishment]
2026-09-21T11:09:27.856-04:00  INFO 36544 --- [http-nio-8080-exec-1] c.m.m.c.GoogleApiProxyController         : Mapped: Patchen Street Trailhead, Rating: 4.8, Reviews: 4, EntityType: hiking_area
2026-09-21T11:09:27.856-04:00  INFO 36544 --- [http-nio-8080-exec-1] c.m.m.c.GoogleApiProxyController         : Place types for River Scene Trail: [hiking_area, tourist_attraction, sports_activity_location, point_of_interest, establishment]
2026-09-21T11:09:27.856-04:00  INFO 36544 --- [http-nio-8080-exec-1] c.m.m.c.GoogleApiProxyController         : Mapped: River Scene Trail, Rating: 4.8, Reviews: 366, EntityType: hiking_area
2026-09-21T11:09:27.883-04:00  INFO 36544 --- [http-nio-8080-exec-1] c.m.m.service.PlacesCacheService         : Saved 20 spots to places_cache
2026-09-21T11:09:27.883-04:00  INFO 36544 --- [http-nio-8080-exec-1] c.m.m.c.GoogleApiProxyController         : Backfilled 20 keyword spots to MySQL cache
2026-09-21T11:09:27.886-04:00  INFO 36544 --- [http-nio-8080-exec-1] c.m.m.c.GoogleApiProxyController         : MySQL cache hit: 1 spots near (39.351459,-91.532129)
2026-09-21T11:09:27.888-04:00  INFO 36544 --- [http-nio-8080-exec-1] c.m.m.c.GoogleApiProxyController         : MySQL cache miss — calling Google Places searchText near (39.351459,-91.532129) keyword=trailhead trail access hiking
2026-09-21T11:09:28.231-04:00  INFO 36544 --- [http-nio-8080-exec-1] c.m.m.c.GoogleApiProxyController         : Place types for Katy Trail - Weldon Spring Trailhead: [hiking_area, sports_activity_location, point_of_interest, establishment]
2026-09-21T11:09:28.231-04:00  INFO 36544 --- [http-nio-8080-exec-1] c.m.m.c.GoogleApiProxyController         : Mapped: Katy Trail - Weldon Spring Trailhead, Rating: 4.6, Reviews: 142, EntityType: hiking_area
2026-09-21T11:09:28.231-04:00  INFO 36544 --- [http-nio-8080-exec-1] c.m.m.c.GoogleApiProxyController         : Place types for Katy Trail - Marthasville Trailhead: [hiking_area, tourist_attraction, sports_activity_location, point_of_interest, establishment]
2026-09-21T11:09:28.231-04:00  INFO 36544 --- [http-nio-8080-exec-1] c.m.m.c.GoogleApiProxyController         : Mapped: Katy Trail - Marthasville Trailhead, Rating: 4.7, Reviews: 178, EntityType: hiking_area
2026-09-21T11:09:28.231-04:00  INFO 36544 --- [http-nio-8080-exec-1] c.m.m.c.GoogleApiProxyController         : Place types for Weldon Spring Lewis & Clark Hiking Trail: [hiking_area, sports_activity_location, point_of_interest, establishment]
2026-09-21T11:09:28.231-04:00  INFO 36544 --- [http-nio-8080-exec-1] c.m.m.c.GoogleApiProxyController         : Mapped: Weldon Spring Lewis & Clark Hiking Trail, Rating: 4.8, Reviews: 121, EntityType: hiking_area
2026-09-21T11:09:28.231-04:00  INFO 36544 --- [http-nio-8080-exec-1] c.m.m.c.GoogleApiProxyController         : Place types for Lost Valley Hiking Trail: [hiking_area, sports_activity_location, point_of_interest, establishment]
2026-09-21T11:09:28.231-04:00  INFO 36544 --- [http-nio-8080-exec-1] c.m.m.c.GoogleApiProxyController         : Mapped: Lost Valley Hiking Trail, Rating: 4.7, Reviews: 164, EntityType: hiking_area
2026-09-21T11:09:28.231-04:00  INFO 36544 --- [http-nio-8080-exec-1] c.m.m.c.GoogleApiProxyController         : Place types for Katy Trail - Dutzow Trailhead: [hiking_area, sports_activity_location, point_of_interest, establishment]
2026-09-21T11:09:28.231-04:00  INFO 36544 --- [http-nio-8080-exec-1] c.m.m.c.GoogleApiProxyController         : Mapped: Katy Trail - Dutzow Trailhead, Rating: 4.7, Reviews: 150, EntityType: hiking_area
2026-09-21T11:09:28.231-04:00  INFO 36544 --- [http-nio-8080-exec-1] c.m.m.c.GoogleApiProxyController         : Place types for Katy Trail - Augusta Trailhead: [hiking_area, tourist_attraction, sports_activity_location, point_of_interest, establishment]
2026-09-21T11:09:28.231-04:00  INFO 36544 --- [http-nio-8080-exec-1] c.m.m.c.GoogleApiProxyController         : Mapped: Katy Trail - Augusta Trailhead, Rating: 4.7, Reviews: 229, EntityType: hiking_area
2026-09-21T11:09:28.232-04:00  INFO 36544 --- [http-nio-8080-exec-1] c.m.m.c.GoogleApiProxyController         : Place types for Shooting Star Trailhead: [hiking_area, tourist_attraction, sports_activity_location, point_of_interest, establishment]
2026-09-21T11:09:28.232-04:00  INFO 36544 --- [http-nio-8080-exec-1] c.m.m.c.GoogleApiProxyController         : Mapped: Shooting Star Trailhead, Rating: 4.8, Reviews: 77, EntityType: hiking_area
2026-09-21T11:09:28.232-04:00  INFO 36544 --- [http-nio-8080-exec-1] c.m.m.c.GoogleApiProxyController         : Place types for Busch Greenway Howell Trailhead: [hiking_area, sports_activity_location, point_of_interest, establishment]
2026-09-21T11:09:28.232-04:00  INFO 36544 --- [http-nio-8080-exec-1] c.m.m.c.GoogleApiProxyController         : Mapped: Busch Greenway Howell Trailhead, Rating: 4.8, Reviews: 214, EntityType: hiking_area
2026-09-21T11:09:28.232-04:00  INFO 36544 --- [http-nio-8080-exec-1] c.m.m.c.GoogleApiProxyController         : Place types for Missouri Greenway Trailhead: Monarch Chesterfield Levee Trail: [hiking_area, tourist_attraction, sports_activity_location, point_of_interest, establishment]
2026-09-21T11:09:28.232-04:00  INFO 36544 --- [http-nio-8080-exec-1] c.m.m.c.GoogleApiProxyController         : Mapped: Missouri Greenway Trailhead: Monarch Chesterfield Levee Trail, Rating: 4.5, Reviews: 78, EntityType: hiking_area
2026-09-21T11:09:28.232-04:00  INFO 36544 --- [http-nio-8080-exec-1] c.m.m.c.GoogleApiProxyController         : Place types for Big Sugar Trailhead: [hiking_area, sports_activity_location, point_of_interest, establishment]
2026-09-21T11:09:28.232-04:00  INFO 36544 --- [http-nio-8080-exec-1] c.m.m.c.GoogleApiProxyController         : Mapped: Big Sugar Trailhead, Rating: 4.7, Reviews: 23, EntityType: hiking_area
2026-09-21T11:09:28.232-04:00  INFO 36544 --- [http-nio-8080-exec-1] c.m.m.c.GoogleApiProxyController         : Place types for Katy Trail - Black Walnut Trailhead: [hiking_area, sports_activity_location, point_of_interest, establishment]
2026-09-21T11:09:28.232-04:00  INFO 36544 --- [http-nio-8080-exec-1] c.m.m.c.GoogleApiProxyController         : Mapped: Katy Trail - Black Walnut Trailhead, Rating: 4.4, Reviews: 65, EntityType: hiking_area
2026-09-21T11:09:28.232-04:00  INFO 36544 --- [http-nio-8080-exec-1] c.m.m.c.GoogleApiProxyController         : Place types for Eagle Bluffs Overlook Trailhead: [hiking_area, sports_activity_location, point_of_interest, establishment]
2026-09-21T11:09:28.232-04:00  INFO 36544 --- [http-nio-8080-exec-1] c.m.m.c.GoogleApiProxyController         : Mapped: Eagle Bluffs Overlook Trailhead, Rating: 4.0, Reviews: 28, EntityType: hiking_area
2026-09-21T11:09:28.232-04:00  INFO 36544 --- [http-nio-8080-exec-1] c.m.m.c.GoogleApiProxyController         : Place types for Meramec Greenway Trailhead: Rock Hollow Trail: [hiking_area, sports_activity_location, point_of_interest, establishment]
2026-09-21T11:09:28.232-04:00  INFO 36544 --- [http-nio-8080-exec-1] c.m.m.c.GoogleApiProxyController         : Mapped: Meramec Greenway Trailhead: Rock Hollow Trail, Rating: 4.9, Reviews: 165, EntityType: hiking_area
2026-09-21T11:09:28.232-04:00  INFO 36544 --- [http-nio-8080-exec-1] c.m.m.c.GoogleApiProxyController         : Place types for Katy Trail - Green Bottom Trailhead: [hiking_area, sports_activity_location, point_of_interest, establishment]
2026-09-21T11:09:28.232-04:00  INFO 36544 --- [http-nio-8080-exec-1] c.m.m.c.GoogleApiProxyController         : Mapped: Katy Trail - Green Bottom Trailhead, Rating: 4.5, Reviews: 128, EntityType: hiking_area
2026-09-21T11:09:28.232-04:00  INFO 36544 --- [http-nio-8080-exec-1] c.m.m.c.GoogleApiProxyController         : Place types for MKT Trail - Forum Katy Parkway Connector Access: [hiking_area, sports_activity_location, point_of_interest, establishment]
2026-09-21T11:09:28.232-04:00  INFO 36544 --- [http-nio-8080-exec-1] c.m.m.c.GoogleApiProxyController         : Mapped: MKT Trail - Forum Katy Parkway Connector Access, Rating: 4.8, Reviews: 17, EntityType: hiking_area
2026-09-21T11:09:28.232-04:00  INFO 36544 --- [http-nio-8080-exec-1] c.m.m.c.GoogleApiProxyController         : Place types for Bluffview Trail: [hiking_area, tourist_attraction, sports_activity_location, point_of_interest, establishment]
2026-09-21T11:09:28.232-04:00  INFO 36544 --- [http-nio-8080-exec-1] c.m.m.c.GoogleApiProxyController         : Mapped: Bluffview Trail, Rating: 4.7, Reviews: 83, EntityType: hiking_area
2026-09-21T11:09:28.232-04:00  INFO 36544 --- [http-nio-8080-exec-1] c.m.m.c.GoogleApiProxyController         : Place types for River Scene Trail: [hiking_area, tourist_attraction, sports_activity_location, point_of_interest, establishment]
2026-09-21T11:09:28.232-04:00  INFO 36544 --- [http-nio-8080-exec-1] c.m.m.c.GoogleApiProxyController         : Mapped: River Scene Trail, Rating: 4.8, Reviews: 366, EntityType: hiking_area
2026-09-21T11:09:28.232-04:00  INFO 36544 --- [http-nio-8080-exec-1] c.m.m.c.GoogleApiProxyController         : Place types for Gans Creek Wild Area - Wagon Wheel Trailhead: [hiking_area, sports_activity_location, point_of_interest, establishment]
2026-09-21T11:09:28.232-04:00  INFO 36544 --- [http-nio-8080-exec-1] c.m.m.c.GoogleApiProxyController         : Mapped: Gans Creek Wild Area - Wagon Wheel Trailhead, Rating: 4.7, Reviews: 38, EntityType: hiking_area
2026-09-21T11:09:28.232-04:00  INFO 36544 --- [http-nio-8080-exec-1] c.m.m.c.GoogleApiProxyController         : Place types for Smith Creek Loop Trailhead: [hiking_area, sports_activity_location, point_of_interest, establishment]
2026-09-21T11:09:28.233-04:00  INFO 36544 --- [http-nio-8080-exec-1] c.m.m.c.GoogleApiProxyController         : Mapped: Smith Creek Loop Trailhead, Rating: 4.5, Reviews: 13, EntityType: hiking_area
2026-09-21T11:09:28.233-04:00  INFO 36544 --- [http-nio-8080-exec-1] c.m.m.c.GoogleApiProxyController         : Place types for Katy Trail: [hiking_area, sports_activity_location, point_of_interest, establishment]
2026-09-21T11:09:28.233-04:00  INFO 36544 --- [http-nio-8080-exec-1] c.m.m.c.GoogleApiProxyController         : Mapped: Katy Trail, Rating: 4.8, Reviews: 36, EntityType: hiking_area
2026-09-21T11:09:28.255-04:00  INFO 36544 --- [http-nio-8080-exec-1] c.m.m.service.PlacesCacheService         : Saved 20 spots to places_cache
2026-09-21T11:09:28.255-04:00  INFO 36544 --- [http-nio-8080-exec-1] c.m.m.c.GoogleApiProxyController         : Backfilled 20 keyword spots to MySQL cache
2026-09-21T11:09:28.258-04:00  INFO 36544 --- [http-nio-8080-exec-1] c.m.m.c.GoogleApiProxyController         : MySQL cache hit: 1 spots near (39.458091,-91.837905)
2026-09-21T11:09:28.259-04:00  INFO 36544 --- [http-nio-8080-exec-1] c.m.m.c.GoogleApiProxyController         : MySQL cache hit (keyword): 1 spots near (39.458091,-91.837905)
2026-09-21T11:09:28.260-04:00  INFO 36544 --- [http-nio-8080-exec-1] c.m.m.c.GoogleApiProxyController         : MySQL cache miss — calling Google Places API near (39.578232,-92.036001)
2026-09-21T11:09:28.565-04:00  INFO 36544 --- [http-nio-8080-exec-1] c.m.m.c.GoogleApiProxyController         : Place types for Monroe County Circuit Court: [courthouse, government_office, service, point_of_interest, establishment]
2026-09-21T11:09:28.565-04:00  INFO 36544 --- [http-nio-8080-exec-1] c.m.m.c.GoogleApiProxyController         : Mapped: Monroe County Circuit Court, Rating: 3.3, Reviews: 11, EntityType: courthouse
2026-09-21T11:09:28.565-04:00  INFO 36544 --- [http-nio-8080-exec-1] c.m.m.c.GoogleApiProxyController         : Place types for Shelby County Historical Society: [museum, tourist_attraction, point_of_interest, establishment]
2026-09-21T11:09:28.565-04:00  INFO 36544 --- [http-nio-8080-exec-1] c.m.m.c.GoogleApiProxyController         : Mapped: Shelby County Historical Society, Rating: 4.5, Reviews: 8, EntityType: museum
2026-09-21T11:09:28.565-04:00  INFO 36544 --- [http-nio-8080-exec-1] c.m.m.c.GoogleApiProxyController         : Place types for Benjamin House: [historical_place, point_of_interest, establishment]
2026-09-21T11:09:28.565-04:00  INFO 36544 --- [http-nio-8080-exec-1] c.m.m.c.GoogleApiProxyController         : Mapped: Benjamin House, Rating: 4.8, Reviews: 12, EntityType: historical_place
2026-09-21T11:09:28.565-04:00  INFO 36544 --- [http-nio-8080-exec-1] c.m.m.c.GoogleApiProxyController         : Place types for Monroe County Associates Court: [courthouse, government_office, service, point_of_interest, establishment]
2026-09-21T11:09:28.565-04:00  INFO 36544 --- [http-nio-8080-exec-1] c.m.m.c.GoogleApiProxyController         : Mapped: Monroe County Associates Court, Rating: 0.0, Reviews: 0, EntityType: courthouse
2026-09-21T11:09:28.572-04:00  INFO 36544 --- [http-nio-8080-exec-1] c.m.m.service.PlacesCacheService         : Saved 4 spots to places_cache
2026-09-21T11:09:28.572-04:00  INFO 36544 --- [http-nio-8080-exec-1] c.m.m.c.GoogleApiProxyController         : Backfilled 4 spots to MySQL cache
2026-09-21T11:09:28.574-04:00  INFO 36544 --- [http-nio-8080-exec-1] c.m.m.c.GoogleApiProxyController         : MySQL cache miss — calling Google Places searchText near (39.578232,-92.036001) keyword=trailhead trail access hiking
2026-09-21T11:09:28.886-04:00  INFO 36544 --- [http-nio-8080-exec-1] c.m.m.c.GoogleApiProxyController         : Place types for Katy Trail - Weldon Spring Trailhead: [hiking_area, sports_activity_location, point_of_interest, establishment]
2026-09-21T11:09:28.886-04:00  INFO 36544 --- [http-nio-8080-exec-1] c.m.m.c.GoogleApiProxyController         : Mapped: Katy Trail - Weldon Spring Trailhead, Rating: 4.6, Reviews: 142, EntityType: hiking_area
2026-09-21T11:09:28.887-04:00  INFO 36544 --- [http-nio-8080-exec-1] c.m.m.c.GoogleApiProxyController         : Place types for MKT Trail - Forum Katy Parkway Connector Access: [hiking_area, sports_activity_location, point_of_interest, establishment]
2026-09-21T11:09:28.887-04:00  INFO 36544 --- [http-nio-8080-exec-1] c.m.m.c.GoogleApiProxyController         : Mapped: MKT Trail - Forum Katy Parkway Connector Access, Rating: 4.8, Reviews: 17, EntityType: hiking_area
2026-09-21T11:09:28.887-04:00  INFO 36544 --- [http-nio-8080-exec-1] c.m.m.c.GoogleApiProxyController         : Place types for Eagle Bluffs Overlook Trailhead: [hiking_area, sports_activity_location, point_of_interest, establishment]
2026-09-21T11:09:28.887-04:00  INFO 36544 --- [http-nio-8080-exec-1] c.m.m.c.GoogleApiProxyController         : Mapped: Eagle Bluffs Overlook Trailhead, Rating: 4.0, Reviews: 28, EntityType: hiking_area
2026-09-21T11:09:28.887-04:00  INFO 36544 --- [http-nio-8080-exec-1] c.m.m.c.GoogleApiProxyController         : Place types for Katy Trail - Boonville Trailhead: [hiking_area, sports_activity_location, point_of_interest, establishment]
2026-09-21T11:09:28.887-04:00  INFO 36544 --- [http-nio-8080-exec-1] c.m.m.c.GoogleApiProxyController         : Mapped: Katy Trail - Boonville Trailhead, Rating: 4.7, Reviews: 155, EntityType: hiking_area
2026-09-21T11:09:28.887-04:00  INFO 36544 --- [http-nio-8080-exec-1] c.m.m.c.GoogleApiProxyController         : Place types for Sodalis Park Trailhead: [hiking_area, sports_activity_location, point_of_interest, establishment]
2026-09-21T11:09:28.887-04:00  INFO 36544 --- [http-nio-8080-exec-1] c.m.m.c.GoogleApiProxyController         : Mapped: Sodalis Park Trailhead, Rating: 4.8, Reviews: 58, EntityType: hiking_area
2026-09-21T11:09:28.887-04:00  INFO 36544 --- [http-nio-8080-exec-1] c.m.m.c.GoogleApiProxyController         : Place types for Katy Trail - Augusta Trailhead: [hiking_area, tourist_attraction, sports_activity_location, point_of_interest, establishment]
2026-09-21T11:09:28.887-04:00  INFO 36544 --- [http-nio-8080-exec-1] c.m.m.c.GoogleApiProxyController         : Mapped: Katy Trail - Augusta Trailhead, Rating: 4.7, Reviews: 229, EntityType: hiking_area
2026-09-21T11:09:28.887-04:00  INFO 36544 --- [http-nio-8080-exec-1] c.m.m.c.GoogleApiProxyController         : Place types for Katy Trail - Marthasville Trailhead: [hiking_area, tourist_attraction, sports_activity_location, point_of_interest, establishment]
2026-09-21T11:09:28.887-04:00  INFO 36544 --- [http-nio-8080-exec-1] c.m.m.c.GoogleApiProxyController         : Mapped: Katy Trail - Marthasville Trailhead, Rating: 4.7, Reviews: 178, EntityType: hiking_area
2026-09-21T11:09:28.887-04:00  INFO 36544 --- [http-nio-8080-exec-1] c.m.m.c.GoogleApiProxyController         : Place types for Gans Creek Wild Area - Wagon Wheel Trailhead: [hiking_area, sports_activity_location, point_of_interest, establishment]
2026-09-21T11:09:28.887-04:00  INFO 36544 --- [http-nio-8080-exec-1] c.m.m.c.GoogleApiProxyController         : Mapped: Gans Creek Wild Area - Wagon Wheel Trailhead, Rating: 4.7, Reviews: 38, EntityType: hiking_area
2026-09-21T11:09:28.887-04:00  INFO 36544 --- [http-nio-8080-exec-1] c.m.m.c.GoogleApiProxyController         : Place types for MKT Trail - Lakeshore Drive Access: [hiking_area, sports_activity_location, point_of_interest, establishment]
2026-09-21T11:09:28.887-04:00  INFO 36544 --- [http-nio-8080-exec-1] c.m.m.c.GoogleApiProxyController         : Mapped: MKT Trail - Lakeshore Drive Access, Rating: 4.8, Reviews: 25, EntityType: hiking_area
2026-09-21T11:09:28.888-04:00  INFO 36544 --- [http-nio-8080-exec-1] c.m.m.c.GoogleApiProxyController         : Place types for MKT Trail - Flat Branch Park Access: [hiking_area, sports_activity_location, point_of_interest, establishment]
2026-09-21T11:09:28.888-04:00  INFO 36544 --- [http-nio-8080-exec-1] c.m.m.c.GoogleApiProxyController         : Mapped: MKT Trail - Flat Branch Park Access, Rating: 4.6, Reviews: 23, EntityType: hiking_area
2026-09-21T11:09:28.888-04:00  INFO 36544 --- [http-nio-8080-exec-1] c.m.m.c.GoogleApiProxyController         : Place types for Shooting Star Trailhead: [hiking_area, tourist_attraction, sports_activity_location, point_of_interest, establishment]
2026-09-21T11:09:28.888-04:00  INFO 36544 --- [http-nio-8080-exec-1] c.m.m.c.GoogleApiProxyController         : Mapped: Shooting Star Trailhead, Rating: 4.8, Reviews: 77, EntityType: hiking_area
2026-09-21T11:09:28.888-04:00  INFO 36544 --- [http-nio-8080-exec-1] c.m.m.c.GoogleApiProxyController         : Place types for Weldon Spring Lewis & Clark Hiking Trail: [hiking_area, sports_activity_location, point_of_interest, establishment]
2026-09-21T11:09:28.888-04:00  INFO 36544 --- [http-nio-8080-exec-1] c.m.m.c.GoogleApiProxyController         : Mapped: Weldon Spring Lewis & Clark Hiking Trail, Rating: 4.8, Reviews: 121, EntityType: hiking_area
2026-09-21T11:09:28.888-04:00  INFO 36544 --- [http-nio-8080-exec-1] c.m.m.c.GoogleApiProxyController         : Place types for MKT Trail - Stadium Boulevard Access: [hiking_area, sports_activity_location, point_of_interest, establishment]
2026-09-21T11:09:28.888-04:00  INFO 36544 --- [http-nio-8080-exec-1] c.m.m.c.GoogleApiProxyController         : Mapped: MKT Trail - Stadium Boulevard Access, Rating: 4.8, Reviews: 81, EntityType: hiking_area
2026-09-21T11:09:28.888-04:00  INFO 36544 --- [http-nio-8080-exec-1] c.m.m.c.GoogleApiProxyController         : Place types for MKT Trail - Forum Boulevard Access: [hiking_area, sports_activity_location, point_of_interest, establishment]
2026-09-21T11:09:28.888-04:00  INFO 36544 --- [http-nio-8080-exec-1] c.m.m.c.GoogleApiProxyController         : Mapped: MKT Trail - Forum Boulevard Access, Rating: 4.9, Reviews: 35, EntityType: hiking_area
2026-09-21T11:09:28.888-04:00  INFO 36544 --- [http-nio-8080-exec-1] c.m.m.c.GoogleApiProxyController         : Place types for Dogwood Trailhead: [hiking_area, sports_activity_location, point_of_interest, establishment]
2026-09-21T11:09:28.888-04:00  INFO 36544 --- [http-nio-8080-exec-1] c.m.m.c.GoogleApiProxyController         : Mapped: Dogwood Trailhead, Rating: 4.7, Reviews: 7, EntityType: hiking_area
2026-09-21T11:09:28.888-04:00  INFO 36544 --- [http-nio-8080-exec-1] c.m.m.c.GoogleApiProxyController         : Place types for MKT Trail - Katy Place Access: [hiking_area, sports_activity_location, point_of_interest, establishment]
2026-09-21T11:09:28.888-04:00  INFO 36544 --- [http-nio-8080-exec-1] c.m.m.c.GoogleApiProxyController         : Mapped: MKT Trail - Katy Place Access, Rating: 5.0, Reviews: 7, EntityType: hiking_area
2026-09-21T11:09:28.888-04:00  INFO 36544 --- [http-nio-8080-exec-1] c.m.m.c.GoogleApiProxyController         : Place types for Katy Trail - Dutzow Trailhead: [hiking_area, sports_activity_location, point_of_interest, establishment]
2026-09-21T11:09:28.888-04:00  INFO 36544 --- [http-nio-8080-exec-1] c.m.m.c.GoogleApiProxyController         : Mapped: Katy Trail - Dutzow Trailhead, Rating: 4.7, Reviews: 150, EntityType: hiking_area
2026-09-21T11:09:28.888-04:00  INFO 36544 --- [http-nio-8080-exec-1] c.m.m.c.GoogleApiProxyController         : Place types for Hinkson Creek Trail - Access Road Access: [hiking_area, sports_activity_location, point_of_interest, establishment]
2026-09-21T11:09:28.888-04:00  INFO 36544 --- [http-nio-8080-exec-1] c.m.m.c.GoogleApiProxyController         : Mapped: Hinkson Creek Trail - Access Road Access, Rating: 5.0, Reviews: 1, EntityType: hiking_area
2026-09-21T11:09:28.889-04:00  INFO 36544 --- [http-nio-8080-exec-1] c.m.m.c.GoogleApiProxyController         : Place types for MKT Trail - Scott Boulevard Access: [hiking_area, sports_activity_location, point_of_interest, establishment]
2026-09-21T11:09:28.889-04:00  INFO 36544 --- [http-nio-8080-exec-1] c.m.m.c.GoogleApiProxyController         : Mapped: MKT Trail - Scott Boulevard Access, Rating: 4.7, Reviews: 138, EntityType: hiking_area
2026-09-21T11:09:28.889-04:00  INFO 36544 --- [http-nio-8080-exec-1] c.m.m.c.GoogleApiProxyController         : Place types for Hominy Creek Trail: [hiking_area, sports_activity_location, point_of_interest, establishment]
2026-09-21T11:09:28.889-04:00  INFO 36544 --- [http-nio-8080-exec-1] c.m.m.c.GoogleApiProxyController         : Mapped: Hominy Creek Trail, Rating: 4.7, Reviews: 23, EntityType: hiking_area
2026-09-21T11:09:28.916-04:00  INFO 36544 --- [http-nio-8080-exec-1] c.m.m.service.PlacesCacheService         : Saved 20 spots to places_cache
2026-09-21T11:09:28.916-04:00  INFO 36544 --- [http-nio-8080-exec-1] c.m.m.c.GoogleApiProxyController         : Backfilled 20 keyword spots to MySQL cache
2026-09-21T11:09:28.921-04:00  INFO 36544 --- [http-nio-8080-exec-1] c.m.m.service.RouteBeautifierService     : Qualified spot: Benjamin House at 39.6898864,-92.0466422 distFromStart=1141.0km source=NB
2026-09-21T11:09:28.924-04:00  INFO 36544 --- [http-nio-8080-exec-1] c.m.m.c.GoogleApiProxyController         : MySQL cache miss — calling Google Places API near (39.983623,-92.090671)
2026-09-21T11:09:29.037-04:00  INFO 36544 --- [http-nio-8080-exec-1] c.m.m.c.GoogleApiProxyController         : Place types for Sever Lake Conservation Area: [state_park, park, point_of_interest, establishment]
2026-09-21T11:09:29.038-04:00  INFO 36544 --- [http-nio-8080-exec-1] c.m.m.c.GoogleApiProxyController         : Mapped: Sever Lake Conservation Area, Rating: 4.0, Reviews: 4, EntityType: state_park
2026-09-21T11:09:29.038-04:00  INFO 36544 --- [http-nio-8080-exec-1] c.m.m.c.GoogleApiProxyController         : Place types for White Oak Bend Access: [park, tourist_attraction, point_of_interest, establishment]
2026-09-21T11:09:29.038-04:00  INFO 36544 --- [http-nio-8080-exec-1] c.m.m.c.GoogleApiProxyController         : Mapped: White Oak Bend Access, Rating: 0.0, Reviews: 0, EntityType: tourist_attraction
2026-09-21T11:09:29.044-04:00  INFO 36544 --- [http-nio-8080-exec-1] c.m.m.service.PlacesCacheService         : Saved 2 spots to places_cache
2026-09-21T11:09:29.044-04:00  INFO 36544 --- [http-nio-8080-exec-1] c.m.m.c.GoogleApiProxyController         : Backfilled 2 spots to MySQL cache
2026-09-21T11:09:29.048-04:00  INFO 36544 --- [http-nio-8080-exec-1] c.m.m.c.GoogleApiProxyController         : MySQL cache miss — calling Google Places searchText near (39.983623,-92.090671) keyword=trailhead trail access hiking
2026-09-21T11:09:29.354-04:00  INFO 36544 --- [http-nio-8080-exec-1] c.m.m.c.GoogleApiProxyController         : Place types for Katy Trail - Weldon Spring Trailhead: [hiking_area, sports_activity_location, point_of_interest, establishment]
2026-09-21T11:09:29.354-04:00  INFO 36544 --- [http-nio-8080-exec-1] c.m.m.c.GoogleApiProxyController         : Mapped: Katy Trail - Weldon Spring Trailhead, Rating: 4.6, Reviews: 142, EntityType: hiking_area
2026-09-21T11:09:29.354-04:00  INFO 36544 --- [http-nio-8080-exec-1] c.m.m.c.GoogleApiProxyController         : Place types for Sodalis Park Trailhead: [hiking_area, sports_activity_location, point_of_interest, establishment]
2026-09-21T11:09:29.354-04:00  INFO 36544 --- [http-nio-8080-exec-1] c.m.m.c.GoogleApiProxyController         : Mapped: Sodalis Park Trailhead, Rating: 4.8, Reviews: 58, EntityType: hiking_area
2026-09-21T11:09:29.355-04:00  INFO 36544 --- [http-nio-8080-exec-1] c.m.m.c.GoogleApiProxyController         : Place types for Forest Lake Area Trail System: [hiking_area, sports_activity_location, point_of_interest, establishment]
2026-09-21T11:09:29.355-04:00  INFO 36544 --- [http-nio-8080-exec-1] c.m.m.c.GoogleApiProxyController         : Mapped: Forest Lake Area Trail System, Rating: 4.9, Reviews: 7, EntityType: hiking_area
2026-09-21T11:09:29.355-04:00  INFO 36544 --- [http-nio-8080-exec-1] c.m.m.c.GoogleApiProxyController         : Place types for MKT Trail - Forum Katy Parkway Connector Access: [hiking_area, sports_activity_location, point_of_interest, establishment]
2026-09-21T11:09:29.355-04:00  INFO 36544 --- [http-nio-8080-exec-1] c.m.m.c.GoogleApiProxyController         : Mapped: MKT Trail - Forum Katy Parkway Connector Access, Rating: 4.8, Reviews: 17, EntityType: hiking_area
2026-09-21T11:09:29.355-04:00  INFO 36544 --- [http-nio-8080-exec-1] c.m.m.c.GoogleApiProxyController         : Place types for Katy Trail - Augusta Trailhead: [hiking_area, tourist_attraction, sports_activity_location, point_of_interest, establishment]
2026-09-21T11:09:29.355-04:00  INFO 36544 --- [http-nio-8080-exec-1] c.m.m.c.GoogleApiProxyController         : Mapped: Katy Trail - Augusta Trailhead, Rating: 4.7, Reviews: 229, EntityType: hiking_area
2026-09-21T11:09:29.355-04:00  INFO 36544 --- [http-nio-8080-exec-1] c.m.m.c.GoogleApiProxyController         : Place types for Katy Trail - Boonville Trailhead: [hiking_area, sports_activity_location, point_of_interest, establishment]
2026-09-21T11:09:29.355-04:00  INFO 36544 --- [http-nio-8080-exec-1] c.m.m.c.GoogleApiProxyController         : Mapped: Katy Trail - Boonville Trailhead, Rating: 4.7, Reviews: 155, EntityType: hiking_area
2026-09-21T11:09:29.355-04:00  INFO 36544 --- [http-nio-8080-exec-1] c.m.m.c.GoogleApiProxyController         : Place types for Katy Trail - Marthasville Trailhead: [hiking_area, tourist_attraction, sports_activity_location, point_of_interest, establishment]
2026-09-21T11:09:29.355-04:00  INFO 36544 --- [http-nio-8080-exec-1] c.m.m.c.GoogleApiProxyController         : Mapped: Katy Trail - Marthasville Trailhead, Rating: 4.7, Reviews: 178, EntityType: hiking_area
2026-09-21T11:09:29.355-04:00  INFO 36544 --- [http-nio-8080-exec-1] c.m.m.c.GoogleApiProxyController         : Place types for Weldon Spring Lewis & Clark Hiking Trail: [hiking_area, sports_activity_location, point_of_interest, establishment]
2026-09-21T11:09:29.355-04:00  INFO 36544 --- [http-nio-8080-exec-1] c.m.m.c.GoogleApiProxyController         : Mapped: Weldon Spring Lewis & Clark Hiking Trail, Rating: 4.8, Reviews: 121, EntityType: hiking_area
2026-09-21T11:09:29.355-04:00  INFO 36544 --- [http-nio-8080-exec-1] c.m.m.c.GoogleApiProxyController         : Place types for Gans Creek Wild Area - Wagon Wheel Trailhead: [hiking_area, sports_activity_location, point_of_interest, establishment]
2026-09-21T11:09:29.355-04:00  INFO 36544 --- [http-nio-8080-exec-1] c.m.m.c.GoogleApiProxyController         : Mapped: Gans Creek Wild Area - Wagon Wheel Trailhead, Rating: 4.7, Reviews: 38, EntityType: hiking_area
2026-09-21T11:09:29.355-04:00  INFO 36544 --- [http-nio-8080-exec-1] c.m.m.c.GoogleApiProxyController         : Place types for MKT Trail - Lakeshore Drive Access: [hiking_area, sports_activity_location, point_of_interest, establishment]
2026-09-21T11:09:29.355-04:00  INFO 36544 --- [http-nio-8080-exec-1] c.m.m.c.GoogleApiProxyController         : Mapped: MKT Trail - Lakeshore Drive Access, Rating: 4.8, Reviews: 25, EntityType: hiking_area
2026-09-21T11:09:29.355-04:00  INFO 36544 --- [http-nio-8080-exec-1] c.m.m.c.GoogleApiProxyController         : Place types for MKT Trail - Flat Branch Park Access: [hiking_area, sports_activity_location, point_of_interest, establishment]
2026-09-21T11:09:29.355-04:00  INFO 36544 --- [http-nio-8080-exec-1] c.m.m.c.GoogleApiProxyController         : Mapped: MKT Trail - Flat Branch Park Access, Rating: 4.6, Reviews: 23, EntityType: hiking_area
2026-09-21T11:09:29.355-04:00  INFO 36544 --- [http-nio-8080-exec-1] c.m.m.c.GoogleApiProxyController         : Place types for Locust Creek Boardwalk Trailhead: [hiking_area, sports_activity_location, point_of_interest, establishment]
2026-09-21T11:09:29.355-04:00  INFO 36544 --- [http-nio-8080-exec-1] c.m.m.c.GoogleApiProxyController         : Mapped: Locust Creek Boardwalk Trailhead, Rating: 4.8, Reviews: 12, EntityType: hiking_area
2026-09-21T11:09:29.355-04:00  INFO 36544 --- [http-nio-8080-exec-1] c.m.m.c.GoogleApiProxyController         : Place types for Eagle Bluffs Overlook Trailhead: [hiking_area, sports_activity_location, point_of_interest, establishment]
2026-09-21T11:09:29.355-04:00  INFO 36544 --- [http-nio-8080-exec-1] c.m.m.c.GoogleApiProxyController         : Mapped: Eagle Bluffs Overlook Trailhead, Rating: 4.0, Reviews: 28, EntityType: hiking_area
2026-09-21T11:09:29.355-04:00  INFO 36544 --- [http-nio-8080-exec-1] c.m.m.c.GoogleApiProxyController         : Place types for Shooting Star Trailhead: [hiking_area, tourist_attraction, sports_activity_location, point_of_interest, establishment]
2026-09-21T11:09:29.356-04:00  INFO 36544 --- [http-nio-8080-exec-1] c.m.m.c.GoogleApiProxyController         : Mapped: Shooting Star Trailhead, Rating: 4.8, Reviews: 77, EntityType: hiking_area
2026-09-21T11:09:29.356-04:00  INFO 36544 --- [http-nio-8080-exec-1] c.m.m.c.GoogleApiProxyController         : Place types for Katy Trail - Green Ridge Trailhead: [hiking_area, sports_activity_location, point_of_interest, establishment]
2026-09-21T11:09:29.356-04:00  INFO 36544 --- [http-nio-8080-exec-1] c.m.m.c.GoogleApiProxyController         : Mapped: Katy Trail - Green Ridge Trailhead, Rating: 4.6, Reviews: 58, EntityType: hiking_area
2026-09-21T11:09:29.356-04:00  INFO 36544 --- [http-nio-8080-exec-1] c.m.m.c.GoogleApiProxyController         : Place types for MKT Trail - Forum Boulevard Access: [hiking_area, sports_activity_location, point_of_interest, establishment]
2026-09-21T11:09:29.357-04:00  INFO 36544 --- [http-nio-8080-exec-1] c.m.m.c.GoogleApiProxyController         : Mapped: MKT Trail - Forum Boulevard Access, Rating: 4.9, Reviews: 35, EntityType: hiking_area
2026-09-21T11:09:29.357-04:00  INFO 36544 --- [http-nio-8080-exec-1] c.m.m.c.GoogleApiProxyController         : Place types for MKT Trail - Stadium Boulevard Access: [hiking_area, sports_activity_location, point_of_interest, establishment]
2026-09-21T11:09:29.357-04:00  INFO 36544 --- [http-nio-8080-exec-1] c.m.m.c.GoogleApiProxyController         : Mapped: MKT Trail - Stadium Boulevard Access, Rating: 4.8, Reviews: 81, EntityType: hiking_area
2026-09-21T11:09:29.357-04:00  INFO 36544 --- [http-nio-8080-exec-1] c.m.m.c.GoogleApiProxyController         : Place types for Katy Trail - Dutzow Trailhead: [hiking_area, sports_activity_location, point_of_interest, establishment]
2026-09-21T11:09:29.357-04:00  INFO 36544 --- [http-nio-8080-exec-1] c.m.m.c.GoogleApiProxyController         : Mapped: Katy Trail - Dutzow Trailhead, Rating: 4.7, Reviews: 150, EntityType: hiking_area
2026-09-21T11:09:29.357-04:00  INFO 36544 --- [http-nio-8080-exec-1] c.m.m.c.GoogleApiProxyController         : Place types for Katy Trail - Green Bottom Trailhead: [hiking_area, sports_activity_location, point_of_interest, establishment]
2026-09-21T11:09:29.358-04:00  INFO 36544 --- [http-nio-8080-exec-1] c.m.m.c.GoogleApiProxyController         : Mapped: Katy Trail - Green Bottom Trailhead, Rating: 4.5, Reviews: 128, EntityType: hiking_area
2026-09-21T11:09:29.358-04:00  INFO 36544 --- [http-nio-8080-exec-1] c.m.m.c.GoogleApiProxyController         : Place types for Lost Valley Hiking Trail: [hiking_area, sports_activity_location, point_of_interest, establishment]
2026-09-21T11:09:29.358-04:00  INFO 36544 --- [http-nio-8080-exec-1] c.m.m.c.GoogleApiProxyController         : Mapped: Lost Valley Hiking Trail, Rating: 4.7, Reviews: 164, EntityType: hiking_area
2026-09-21T11:09:29.388-04:00  INFO 36544 --- [http-nio-8080-exec-1] c.m.m.service.PlacesCacheService         : Saved 20 spots to places_cache
2026-09-21T11:09:29.389-04:00  INFO 36544 --- [http-nio-8080-exec-1] c.m.m.c.GoogleApiProxyController         : Backfilled 20 keyword spots to MySQL cache
2026-09-21T11:09:29.392-04:00  INFO 36544 --- [http-nio-8080-exec-1] c.m.m.c.GoogleApiProxyController         : MySQL cache miss — calling Google Places API near (40.231441,-92.212647)
2026-09-21T11:09:29.693-04:00  INFO 36544 --- [http-nio-8080-exec-1] c.m.m.c.GoogleApiProxyController         : Place types for Old Wooden Bridge: [tourist_attraction, point_of_interest, establishment]
2026-09-21T11:09:29.693-04:00  INFO 36544 --- [http-nio-8080-exec-1] c.m.m.c.GoogleApiProxyController         : Mapped: Old Wooden Bridge, Rating: 4.3, Reviews: 7, EntityType: tourist_attraction
2026-09-21T11:09:29.693-04:00  INFO 36544 --- [http-nio-8080-exec-1] c.m.m.c.GoogleApiProxyController         : Place types for Knox County Historical Museum: [museum, point_of_interest, establishment]
2026-09-21T11:09:29.693-04:00  INFO 36544 --- [http-nio-8080-exec-1] c.m.m.c.GoogleApiProxyController         : Mapped: Knox County Historical Museum, Rating: 5.0, Reviews: 1, EntityType: museum
2026-09-21T11:09:29.693-04:00  INFO 36544 --- [http-nio-8080-exec-1] c.m.m.c.GoogleApiProxyController         : Place types for Knox County Courthouse: [courthouse, government_office, service, point_of_interest, establishment]
2026-09-21T11:09:29.693-04:00  INFO 36544 --- [http-nio-8080-exec-1] c.m.m.c.GoogleApiProxyController         : Mapped: Knox County Courthouse, Rating: 0.0, Reviews: 0, EntityType: courthouse
2026-09-21T11:09:29.703-04:00  INFO 36544 --- [http-nio-8080-exec-1] c.m.m.service.PlacesCacheService         : Saved 3 spots to places_cache
2026-09-21T11:09:29.703-04:00  INFO 36544 --- [http-nio-8080-exec-1] c.m.m.c.GoogleApiProxyController         : Backfilled 3 spots to MySQL cache
2026-09-21T11:09:29.705-04:00  INFO 36544 --- [http-nio-8080-exec-1] c.m.m.c.GoogleApiProxyController         : MySQL cache miss — calling Google Places searchText near (40.231441,-92.212647) keyword=trailhead trail access hiking
2026-09-21T11:09:29.988-04:00  INFO 36544 --- [http-nio-8080-exec-1] c.m.m.c.GoogleApiProxyController         : Place types for Forest Lake Area Trail System: [hiking_area, sports_activity_location, point_of_interest, establishment]
2026-09-21T11:09:29.989-04:00  INFO 36544 --- [http-nio-8080-exec-1] c.m.m.c.GoogleApiProxyController         : Mapped: Forest Lake Area Trail System, Rating: 4.9, Reviews: 7, EntityType: hiking_area
2026-09-21T11:09:29.989-04:00  INFO 36544 --- [http-nio-8080-exec-1] c.m.m.c.GoogleApiProxyController         : Place types for Katy Trail - Weldon Spring Trailhead: [hiking_area, sports_activity_location, point_of_interest, establishment]
2026-09-21T11:09:29.989-04:00  INFO 36544 --- [http-nio-8080-exec-1] c.m.m.c.GoogleApiProxyController         : Mapped: Katy Trail - Weldon Spring Trailhead, Rating: 4.6, Reviews: 142, EntityType: hiking_area
2026-09-21T11:09:29.990-04:00  INFO 36544 --- [http-nio-8080-exec-1] c.m.m.c.GoogleApiProxyController         : Place types for Katy Trail - Boonville Trailhead: [hiking_area, sports_activity_location, point_of_interest, establishment]
2026-09-21T11:09:29.990-04:00  INFO 36544 --- [http-nio-8080-exec-1] c.m.m.c.GoogleApiProxyController         : Mapped: Katy Trail - Boonville Trailhead, Rating: 4.7, Reviews: 155, EntityType: hiking_area
2026-09-21T11:09:29.990-04:00  INFO 36544 --- [http-nio-8080-exec-1] c.m.m.c.GoogleApiProxyController         : Place types for MKT Trail - Forum Katy Parkway Connector Access: [hiking_area, sports_activity_location, point_of_interest, establishment]
2026-09-21T11:09:29.990-04:00  INFO 36544 --- [http-nio-8080-exec-1] c.m.m.c.GoogleApiProxyController         : Mapped: MKT Trail - Forum Katy Parkway Connector Access, Rating: 4.8, Reviews: 17, EntityType: hiking_area
2026-09-21T11:09:29.990-04:00  INFO 36544 --- [http-nio-8080-exec-1] c.m.m.c.GoogleApiProxyController         : Place types for Locust Creek Boardwalk Trailhead: [hiking_area, sports_activity_location, point_of_interest, establishment]
2026-09-21T11:09:29.990-04:00  INFO 36544 --- [http-nio-8080-exec-1] c.m.m.c.GoogleApiProxyController         : Mapped: Locust Creek Boardwalk Trailhead, Rating: 4.8, Reviews: 12, EntityType: hiking_area
2026-09-21T11:09:29.990-04:00  INFO 36544 --- [http-nio-8080-exec-1] c.m.m.c.GoogleApiProxyController         : Place types for Tom Harkin Trailhead: [hiking_area, sports_activity_location, point_of_interest, establishment]
2026-09-21T11:09:29.990-04:00  INFO 36544 --- [http-nio-8080-exec-1] c.m.m.c.GoogleApiProxyController         : Mapped: Tom Harkin Trailhead, Rating: 4.8, Reviews: 103, EntityType: hiking_area
2026-09-21T11:09:29.990-04:00  INFO 36544 --- [http-nio-8080-exec-1] c.m.m.c.GoogleApiProxyController         : Place types for Line Creek Trailhead: [hiking_area, sports_activity_location, point_of_interest, establishment]
2026-09-21T11:09:29.990-04:00  INFO 36544 --- [http-nio-8080-exec-1] c.m.m.c.GoogleApiProxyController         : Mapped: Line Creek Trailhead, Rating: 4.8, Reviews: 359, EntityType: hiking_area
2026-09-21T11:09:29.990-04:00  INFO 36544 --- [http-nio-8080-exec-1] c.m.m.c.GoogleApiProxyController         : Place types for MKT Trail - Lakeshore Drive Access: [hiking_area, sports_activity_location, point_of_interest, establishment]
2026-09-21T11:09:29.990-04:00  INFO 36544 --- [http-nio-8080-exec-1] c.m.m.c.GoogleApiProxyController         : Mapped: MKT Trail - Lakeshore Drive Access, Rating: 4.8, Reviews: 25, EntityType: hiking_area
2026-09-21T11:09:29.990-04:00  INFO 36544 --- [http-nio-8080-exec-1] c.m.m.c.GoogleApiProxyController         : Place types for Gans Creek Wild Area - Wagon Wheel Trailhead: [hiking_area, sports_activity_location, point_of_interest, establishment]
2026-09-21T11:09:29.990-04:00  INFO 36544 --- [http-nio-8080-exec-1] c.m.m.c.GoogleApiProxyController         : Mapped: Gans Creek Wild Area - Wagon Wheel Trailhead, Rating: 4.7, Reviews: 38, EntityType: hiking_area
2026-09-21T11:09:29.990-04:00  INFO 36544 --- [http-nio-8080-exec-1] c.m.m.c.GoogleApiProxyController         : Place types for Weldon Spring Lewis & Clark Hiking Trail: [hiking_area, sports_activity_location, point_of_interest, establishment]
2026-09-21T11:09:29.991-04:00  INFO 36544 --- [http-nio-8080-exec-1] c.m.m.c.GoogleApiProxyController         : Mapped: Weldon Spring Lewis & Clark Hiking Trail, Rating: 4.8, Reviews: 121, EntityType: hiking_area
2026-09-21T11:09:29.991-04:00  INFO 36544 --- [http-nio-8080-exec-1] c.m.m.c.GoogleApiProxyController         : Place types for MKT Trail - Flat Branch Park Access: [hiking_area, sports_activity_location, point_of_interest, establishment]
2026-09-21T11:09:29.991-04:00  INFO 36544 --- [http-nio-8080-exec-1] c.m.m.c.GoogleApiProxyController         : Mapped: MKT Trail - Flat Branch Park Access, Rating: 4.6, Reviews: 23, EntityType: hiking_area
2026-09-21T11:09:29.991-04:00  INFO 36544 --- [http-nio-8080-exec-1] c.m.m.c.GoogleApiProxyController         : Place types for Missouri Riverfront Trail Trailhead: [hiking_area, sports_activity_location, point_of_interest, establishment]
2026-09-21T11:09:29.991-04:00  INFO 36544 --- [http-nio-8080-exec-1] c.m.m.c.GoogleApiProxyController         : Mapped: Missouri Riverfront Trail Trailhead, Rating: 4.7, Reviews: 90, EntityType: hiking_area
2026-09-21T11:09:29.991-04:00  INFO 36544 --- [http-nio-8080-exec-1] c.m.m.c.GoogleApiProxyController         : Place types for Eagle Bluffs Overlook Trailhead: [hiking_area, sports_activity_location, point_of_interest, establishment]
2026-09-21T11:09:29.991-04:00  INFO 36544 --- [http-nio-8080-exec-1] c.m.m.c.GoogleApiProxyController         : Mapped: Eagle Bluffs Overlook Trailhead, Rating: 4.0, Reviews: 28, EntityType: hiking_area
2026-09-21T11:09:29.991-04:00  INFO 36544 --- [http-nio-8080-exec-1] c.m.m.c.GoogleApiProxyController         : Place types for Shooting Star Trailhead: [hiking_area, tourist_attraction, sports_activity_location, point_of_interest, establishment]
2026-09-21T11:09:29.991-04:00  INFO 36544 --- [http-nio-8080-exec-1] c.m.m.c.GoogleApiProxyController         : Mapped: Shooting Star Trailhead, Rating: 4.8, Reviews: 77, EntityType: hiking_area
2026-09-21T11:09:29.991-04:00  INFO 36544 --- [http-nio-8080-exec-1] c.m.m.c.GoogleApiProxyController         : Place types for Katy Trail - Green Ridge Trailhead: [hiking_area, sports_activity_location, point_of_interest, establishment]
2026-09-21T11:09:29.991-04:00  INFO 36544 --- [http-nio-8080-exec-1] c.m.m.c.GoogleApiProxyController         : Mapped: Katy Trail - Green Ridge Trailhead, Rating: 4.6, Reviews: 58, EntityType: hiking_area
2026-09-21T11:09:29.991-04:00  INFO 36544 --- [http-nio-8080-exec-1] c.m.m.c.GoogleApiProxyController         : Place types for Katy Trail - Green Bottom Trailhead: [hiking_area, sports_activity_location, point_of_interest, establishment]
2026-09-21T11:09:29.991-04:00  INFO 36544 --- [http-nio-8080-exec-1] c.m.m.c.GoogleApiProxyController         : Mapped: Katy Trail - Green Bottom Trailhead, Rating: 4.5, Reviews: 128, EntityType: hiking_area
2026-09-21T11:09:29.991-04:00  INFO 36544 --- [http-nio-8080-exec-1] c.m.m.c.GoogleApiProxyController         : Place types for MKT Trail - Stadium Boulevard Access: [hiking_area, sports_activity_location, point_of_interest, establishment]
2026-09-21T11:09:29.991-04:00  INFO 36544 --- [http-nio-8080-exec-1] c.m.m.c.GoogleApiProxyController         : Mapped: MKT Trail - Stadium Boulevard Access, Rating: 4.8, Reviews: 81, EntityType: hiking_area
2026-09-21T11:09:29.991-04:00  INFO 36544 --- [http-nio-8080-exec-1] c.m.m.c.GoogleApiProxyController         : Place types for Lost Valley Hiking Trail: [hiking_area, sports_activity_location, point_of_interest, establishment]
2026-09-21T11:09:29.991-04:00  INFO 36544 --- [http-nio-8080-exec-1] c.m.m.c.GoogleApiProxyController         : Mapped: Lost Valley Hiking Trail, Rating: 4.7, Reviews: 164, EntityType: hiking_area
2026-09-21T11:09:29.992-04:00  INFO 36544 --- [http-nio-8080-exec-1] c.m.m.c.GoogleApiProxyController         : Place types for MKT Trail - Forum Boulevard Access: [hiking_area, sports_activity_location, point_of_interest, establishment]
2026-09-21T11:09:29.992-04:00  INFO 36544 --- [http-nio-8080-exec-1] c.m.m.c.GoogleApiProxyController         : Mapped: MKT Trail - Forum Boulevard Access, Rating: 4.9, Reviews: 35, EntityType: hiking_area
2026-09-21T11:09:29.992-04:00  INFO 36544 --- [http-nio-8080-exec-1] c.m.m.c.GoogleApiProxyController         : Place types for Katy Trail - Sedalia Trailhead: [hiking_area, sports_activity_location, point_of_interest, establishment]
2026-09-21T11:09:29.992-04:00  INFO 36544 --- [http-nio-8080-exec-1] c.m.m.c.GoogleApiProxyController         : Mapped: Katy Trail - Sedalia Trailhead, Rating: 4.5, Reviews: 90, EntityType: hiking_area
2026-09-21T11:09:30.027-04:00  INFO 36544 --- [http-nio-8080-exec-1] c.m.m.service.PlacesCacheService         : Saved 20 spots to places_cache
2026-09-21T11:09:30.027-04:00  INFO 36544 --- [http-nio-8080-exec-1] c.m.m.c.GoogleApiProxyController         : Backfilled 20 keyword spots to MySQL cache
2026-09-21T11:09:30.031-04:00  INFO 36544 --- [http-nio-8080-exec-1] c.m.m.c.GoogleApiProxyController         : MySQL cache miss — calling Google Places API near (40.448355,-92.274608)
2026-09-21T11:09:30.156-04:00  INFO 36544 --- [http-nio-8080-exec-1] c.m.m.c.GoogleApiProxyController         : Place types for Scotland County Courthouse: [courthouse, government_office, service, point_of_interest, establishment]
2026-09-21T11:09:30.157-04:00  INFO 36544 --- [http-nio-8080-exec-1] c.m.m.c.GoogleApiProxyController         : Mapped: Scotland County Courthouse, Rating: 4.2, Reviews: 5, EntityType: courthouse
2026-09-21T11:09:30.157-04:00  INFO 36544 --- [http-nio-8080-exec-1] c.m.m.c.GoogleApiProxyController         : Place types for Downing House Museum: [museum, tourist_attraction, point_of_interest, establishment]
2026-09-21T11:09:30.157-04:00  INFO 36544 --- [http-nio-8080-exec-1] c.m.m.c.GoogleApiProxyController         : Mapped: Downing House Museum, Rating: 4.6, Reviews: 22, EntityType: museum
2026-09-21T11:09:30.157-04:00  INFO 36544 --- [http-nio-8080-exec-1] c.m.m.c.GoogleApiProxyController         : Place types for Downing Appreciation Days: [museum, point_of_interest, establishment]
2026-09-21T11:09:30.157-04:00  INFO 36544 --- [http-nio-8080-exec-1] c.m.m.c.GoogleApiProxyController         : Mapped: Downing Appreciation Days, Rating: 4.6, Reviews: 27, EntityType: museum
2026-09-21T11:09:30.157-04:00  INFO 36544 --- [http-nio-8080-exec-1] c.m.m.c.GoogleApiProxyController         : Place types for Giant Pepsi Can: [historical_landmark, historical_place, point_of_interest, establishment]
2026-09-21T11:09:30.157-04:00  INFO 36544 --- [http-nio-8080-exec-1] c.m.m.c.GoogleApiProxyController         : Mapped: Giant Pepsi Can, Rating: 5.0, Reviews: 2, EntityType: historical_landmark
2026-09-21T11:09:30.157-04:00  INFO 36544 --- [http-nio-8080-exec-1] c.m.m.c.GoogleApiProxyController         : Place types for First Judicial Circuit: [courthouse, government_office, service, point_of_interest, establishment]
2026-09-21T11:09:30.157-04:00  INFO 36544 --- [http-nio-8080-exec-1] c.m.m.c.GoogleApiProxyController         : Mapped: First Judicial Circuit, Rating: 0.0, Reviews: 0, EntityType: courthouse
2026-09-21T11:09:30.157-04:00  INFO 36544 --- [http-nio-8080-exec-1] c.m.m.c.GoogleApiProxyController         : Place types for GreenTupperware: [historical_landmark, historical_place, point_of_interest, establishment]
2026-09-21T11:09:30.157-04:00  INFO 36544 --- [http-nio-8080-exec-1] c.m.m.c.GoogleApiProxyController         : Mapped: GreenTupperware, Rating: 5.0, Reviews: 2, EntityType: historical_landmark
2026-09-21T11:09:30.170-04:00  INFO 36544 --- [http-nio-8080-exec-1] c.m.m.service.PlacesCacheService         : Saved 6 spots to places_cache
2026-09-21T11:09:30.170-04:00  INFO 36544 --- [http-nio-8080-exec-1] c.m.m.c.GoogleApiProxyController         : Backfilled 6 spots to MySQL cache
2026-09-21T11:09:30.173-04:00  INFO 36544 --- [http-nio-8080-exec-1] c.m.m.c.GoogleApiProxyController         : MySQL cache miss — calling Google Places searchText near (40.448355,-92.274608) keyword=trailhead trail access hiking
2026-09-21T11:09:30.524-04:00  INFO 36544 --- [http-nio-8080-exec-1] c.m.m.c.GoogleApiProxyController         : Place types for Forest Lake Area Trail System: [hiking_area, sports_activity_location, point_of_interest, establishment]
2026-09-21T11:09:30.524-04:00  INFO 36544 --- [http-nio-8080-exec-1] c.m.m.c.GoogleApiProxyController         : Mapped: Forest Lake Area Trail System, Rating: 4.9, Reviews: 7, EntityType: hiking_area
2026-09-21T11:09:30.524-04:00  INFO 36544 --- [http-nio-8080-exec-1] c.m.m.c.GoogleApiProxyController         : Place types for Katy Trail - Weldon Spring Trailhead: [hiking_area, sports_activity_location, point_of_interest, establishment]
2026-09-21T11:09:30.524-04:00  INFO 36544 --- [http-nio-8080-exec-1] c.m.m.c.GoogleApiProxyController         : Mapped: Katy Trail - Weldon Spring Trailhead, Rating: 4.6, Reviews: 142, EntityType: hiking_area
2026-09-21T11:09:30.524-04:00  INFO 36544 --- [http-nio-8080-exec-1] c.m.m.c.GoogleApiProxyController         : Place types for Tom Harkin Trailhead: [hiking_area, sports_activity_location, point_of_interest, establishment]
2026-09-21T11:09:30.524-04:00  INFO 36544 --- [http-nio-8080-exec-1] c.m.m.c.GoogleApiProxyController         : Mapped: Tom Harkin Trailhead, Rating: 4.8, Reviews: 103, EntityType: hiking_area
2026-09-21T11:09:30.524-04:00  INFO 36544 --- [http-nio-8080-exec-1] c.m.m.c.GoogleApiProxyController         : Place types for Locust Creek Boardwalk Trailhead: [hiking_area, sports_activity_location, point_of_interest, establishment]
2026-09-21T11:09:30.525-04:00  INFO 36544 --- [http-nio-8080-exec-1] c.m.m.c.GoogleApiProxyController         : Mapped: Locust Creek Boardwalk Trailhead, Rating: 4.8, Reviews: 12, EntityType: hiking_area
2026-09-21T11:09:30.525-04:00  INFO 36544 --- [http-nio-8080-exec-1] c.m.m.c.GoogleApiProxyController         : Place types for Katy Trail - Boonville Trailhead: [hiking_area, sports_activity_location, point_of_interest, establishment]
2026-09-21T11:09:30.525-04:00  INFO 36544 --- [http-nio-8080-exec-1] c.m.m.c.GoogleApiProxyController         : Mapped: Katy Trail - Boonville Trailhead, Rating: 4.7, Reviews: 155, EntityType: hiking_area
2026-09-21T11:09:30.525-04:00  INFO 36544 --- [http-nio-8080-exec-1] c.m.m.c.GoogleApiProxyController         : Place types for Line Creek Trailhead: [hiking_area, sports_activity_location, point_of_interest, establishment]
2026-09-21T11:09:30.525-04:00  INFO 36544 --- [http-nio-8080-exec-1] c.m.m.c.GoogleApiProxyController         : Mapped: Line Creek Trailhead, Rating: 4.8, Reviews: 359, EntityType: hiking_area
2026-09-21T11:09:30.525-04:00  INFO 36544 --- [http-nio-8080-exec-1] c.m.m.c.GoogleApiProxyController         : Place types for MKT Trail - Forum Katy Parkway Connector Access: [hiking_area, sports_activity_location, point_of_interest, establishment]
2026-09-21T11:09:30.525-04:00  INFO 36544 --- [http-nio-8080-exec-1] c.m.m.c.GoogleApiProxyController         : Mapped: MKT Trail - Forum Katy Parkway Connector Access, Rating: 4.8, Reviews: 17, EntityType: hiking_area
2026-09-21T11:09:30.525-04:00  INFO 36544 --- [http-nio-8080-exec-1] c.m.m.c.GoogleApiProxyController         : Place types for Missouri Riverfront Trail Trailhead: [hiking_area, sports_activity_location, point_of_interest, establishment]
2026-09-21T11:09:30.525-04:00  INFO 36544 --- [http-nio-8080-exec-1] c.m.m.c.GoogleApiProxyController         : Mapped: Missouri Riverfront Trail Trailhead, Rating: 4.7, Reviews: 90, EntityType: hiking_area
2026-09-21T11:09:30.525-04:00  INFO 36544 --- [http-nio-8080-exec-1] c.m.m.c.GoogleApiProxyController         : Place types for Weldon Spring Lewis & Clark Hiking Trail: [hiking_area, sports_activity_location, point_of_interest, establishment]
2026-09-21T11:09:30.526-04:00  INFO 36544 --- [http-nio-8080-exec-1] c.m.m.c.GoogleApiProxyController         : Mapped: Weldon Spring Lewis & Clark Hiking Trail, Rating: 4.8, Reviews: 121, EntityType: hiking_area
2026-09-21T11:09:30.526-04:00  INFO 36544 --- [http-nio-8080-exec-1] c.m.m.c.GoogleApiProxyController         : Place types for Gans Creek Wild Area - Wagon Wheel Trailhead: [hiking_area, sports_activity_location, point_of_interest, establishment]
2026-09-21T11:09:30.526-04:00  INFO 36544 --- [http-nio-8080-exec-1] c.m.m.c.GoogleApiProxyController         : Mapped: Gans Creek Wild Area - Wagon Wheel Trailhead, Rating: 4.7, Reviews: 38, EntityType: hiking_area
2026-09-21T11:09:30.526-04:00  INFO 36544 --- [http-nio-8080-exec-1] c.m.m.c.GoogleApiProxyController         : Place types for Katy Trail - Green Ridge Trailhead: [hiking_area, sports_activity_location, point_of_interest, establishment]
2026-09-21T11:09:30.526-04:00  INFO 36544 --- [http-nio-8080-exec-1] c.m.m.c.GoogleApiProxyController         : Mapped: Katy Trail - Green Ridge Trailhead, Rating: 4.6, Reviews: 58, EntityType: hiking_area
2026-09-21T11:09:30.526-04:00  INFO 36544 --- [http-nio-8080-exec-1] c.m.m.c.GoogleApiProxyController         : Place types for Happy Rock Trail Trailhead Parking Lot: [hiking_area, sports_activity_location, point_of_interest, establishment]
2026-09-21T11:09:30.526-04:00  INFO 36544 --- [http-nio-8080-exec-1] c.m.m.c.GoogleApiProxyController         : Mapped: Happy Rock Trail Trailhead Parking Lot, Rating: 4.7, Reviews: 67, EntityType: hiking_area
2026-09-21T11:09:30.526-04:00  INFO 36544 --- [http-nio-8080-exec-1] c.m.m.c.GoogleApiProxyController         : Place types for Shooting Star Trailhead: [hiking_area, tourist_attraction, sports_activity_location, point_of_interest, establishment]
2026-09-21T11:09:30.527-04:00  INFO 36544 --- [http-nio-8080-exec-1] c.m.m.c.GoogleApiProxyController         : Mapped: Shooting Star Trailhead, Rating: 4.8, Reviews: 77, EntityType: hiking_area
2026-09-21T11:09:30.527-04:00  INFO 36544 --- [http-nio-8080-exec-1] c.m.m.c.GoogleApiProxyController         : Place types for Eagle Bluffs Overlook Trailhead: [hiking_area, sports_activity_location, point_of_interest, establishment]
2026-09-21T11:09:30.527-04:00  INFO 36544 --- [http-nio-8080-exec-1] c.m.m.c.GoogleApiProxyController         : Mapped: Eagle Bluffs Overlook Trailhead, Rating: 4.0, Reviews: 28, EntityType: hiking_area
2026-09-21T11:09:30.527-04:00  INFO 36544 --- [http-nio-8080-exec-1] c.m.m.c.GoogleApiProxyController         : Place types for MKT Trail - Flat Branch Park Access: [hiking_area, sports_activity_location, point_of_interest, establishment]
2026-09-21T11:09:30.527-04:00  INFO 36544 --- [http-nio-8080-exec-1] c.m.m.c.GoogleApiProxyController         : Mapped: MKT Trail - Flat Branch Park Access, Rating: 4.6, Reviews: 23, EntityType: hiking_area
2026-09-21T11:09:30.527-04:00  INFO 36544 --- [http-nio-8080-exec-1] c.m.m.c.GoogleApiProxyController         : Place types for Heart of Iowa Nature Trail - Main Trailhead: [hiking_area, sports_activity_location, point_of_interest, establishment]
2026-09-21T11:09:30.528-04:00  INFO 36544 --- [http-nio-8080-exec-1] c.m.m.c.GoogleApiProxyController         : Mapped: Heart of Iowa Nature Trail - Main Trailhead, Rating: 4.8, Reviews: 6, EntityType: hiking_area
2026-09-21T11:09:30.528-04:00  INFO 36544 --- [http-nio-8080-exec-1] c.m.m.c.GoogleApiProxyController         : Place types for Cedar Lake Nature Trail East Trailhead: [hiking_area, sports_activity_location, point_of_interest, establishment]
2026-09-21T11:09:30.528-04:00  INFO 36544 --- [http-nio-8080-exec-1] c.m.m.c.GoogleApiProxyController         : Mapped: Cedar Lake Nature Trail East Trailhead, Rating: 4.5, Reviews: 12, EntityType: hiking_area
2026-09-21T11:09:30.530-04:00  INFO 36544 --- [http-nio-8080-exec-1] c.m.m.c.GoogleApiProxyController         : Place types for Katy Trail - Green Bottom Trailhead: [hiking_area, sports_activity_location, point_of_interest, establishment]
2026-09-21T11:09:30.530-04:00  INFO 36544 --- [http-nio-8080-exec-1] c.m.m.c.GoogleApiProxyController         : Mapped: Katy Trail - Green Bottom Trailhead, Rating: 4.5, Reviews: 128, EntityType: hiking_area
2026-09-21T11:09:30.530-04:00  INFO 36544 --- [http-nio-8080-exec-1] c.m.m.c.GoogleApiProxyController         : Place types for Lost Valley Hiking Trail: [hiking_area, sports_activity_location, point_of_interest, establishment]
2026-09-21T11:09:30.530-04:00  INFO 36544 --- [http-nio-8080-exec-1] c.m.m.c.GoogleApiProxyController         : Mapped: Lost Valley Hiking Trail, Rating: 4.7, Reviews: 164, EntityType: hiking_area
2026-09-21T11:09:30.530-04:00  INFO 36544 --- [http-nio-8080-exec-1] c.m.m.c.GoogleApiProxyController         : Place types for Blue River Parkway Trails - Blue Ridge Blvd Trail Head: [hiking_area, sports_activity_location, point_of_interest, establishment]
2026-09-21T11:09:30.531-04:00  INFO 36544 --- [http-nio-8080-exec-1] c.m.m.c.GoogleApiProxyController         : Mapped: Blue River Parkway Trails - Blue Ridge Blvd Trail Head, Rating: 4.7, Reviews: 94, EntityType: hiking_area
2026-09-21T11:09:30.565-04:00  INFO 36544 --- [http-nio-8080-exec-1] c.m.m.service.PlacesCacheService         : Saved 20 spots to places_cache
2026-09-21T11:09:30.566-04:00  INFO 36544 --- [http-nio-8080-exec-1] c.m.m.c.GoogleApiProxyController         : Backfilled 20 keyword spots to MySQL cache
2026-09-21T11:09:30.570-04:00  INFO 36544 --- [http-nio-8080-exec-1] c.m.m.c.GoogleApiProxyController         : MySQL cache hit: 1 spots near (40.522289,-92.52363)
2026-09-21T11:09:30.573-04:00  INFO 36544 --- [http-nio-8080-exec-1] c.m.m.c.GoogleApiProxyController         : MySQL cache miss — calling Google Places searchText near (40.522289,-92.52363) keyword=trailhead trail access hiking
2026-09-21T11:09:30.935-04:00  INFO 36544 --- [http-nio-8080-exec-1] c.m.m.c.GoogleApiProxyController         : Place types for Forest Lake Area Trail System: [hiking_area, sports_activity_location, point_of_interest, establishment]
2026-09-21T11:09:30.935-04:00  INFO 36544 --- [http-nio-8080-exec-1] c.m.m.c.GoogleApiProxyController         : Mapped: Forest Lake Area Trail System, Rating: 4.9, Reviews: 7, EntityType: hiking_area
2026-09-21T11:09:30.935-04:00  INFO 36544 --- [http-nio-8080-exec-1] c.m.m.c.GoogleApiProxyController         : Place types for Tom Harkin Trailhead: [hiking_area, sports_activity_location, point_of_interest, establishment]
2026-09-21T11:09:30.935-04:00  INFO 36544 --- [http-nio-8080-exec-1] c.m.m.c.GoogleApiProxyController         : Mapped: Tom Harkin Trailhead, Rating: 4.8, Reviews: 103, EntityType: hiking_area
2026-09-21T11:09:30.935-04:00  INFO 36544 --- [http-nio-8080-exec-1] c.m.m.c.GoogleApiProxyController         : Place types for Katy Trail - Weldon Spring Trailhead: [hiking_area, sports_activity_location, point_of_interest, establishment]
2026-09-21T11:09:30.935-04:00  INFO 36544 --- [http-nio-8080-exec-1] c.m.m.c.GoogleApiProxyController         : Mapped: Katy Trail - Weldon Spring Trailhead, Rating: 4.6, Reviews: 142, EntityType: hiking_area
2026-09-21T11:09:30.935-04:00  INFO 36544 --- [http-nio-8080-exec-1] c.m.m.c.GoogleApiProxyController         : Place types for Line Creek Trailhead: [hiking_area, sports_activity_location, point_of_interest, establishment]
2026-09-21T11:09:30.936-04:00  INFO 36544 --- [http-nio-8080-exec-1] c.m.m.c.GoogleApiProxyController         : Mapped: Line Creek Trailhead, Rating: 4.8, Reviews: 359, EntityType: hiking_area
2026-09-21T11:09:30.936-04:00  INFO 36544 --- [http-nio-8080-exec-1] c.m.m.c.GoogleApiProxyController         : Place types for Locust Creek Boardwalk Trailhead: [hiking_area, sports_activity_location, point_of_interest, establishment]
2026-09-21T11:09:30.936-04:00  INFO 36544 --- [http-nio-8080-exec-1] c.m.m.c.GoogleApiProxyController         : Mapped: Locust Creek Boardwalk Trailhead, Rating: 4.8, Reviews: 12, EntityType: hiking_area
2026-09-21T11:09:30.936-04:00  INFO 36544 --- [http-nio-8080-exec-1] c.m.m.c.GoogleApiProxyController         : Place types for Katy Trail - Boonville Trailhead: [hiking_area, sports_activity_location, point_of_interest, establishment]
2026-09-21T11:09:30.936-04:00  INFO 36544 --- [http-nio-8080-exec-1] c.m.m.c.GoogleApiProxyController         : Mapped: Katy Trail - Boonville Trailhead, Rating: 4.7, Reviews: 155, EntityType: hiking_area
2026-09-21T11:09:30.937-04:00  INFO 36544 --- [http-nio-8080-exec-1] c.m.m.c.GoogleApiProxyController         : Place types for Missouri Riverfront Trail Trailhead: [hiking_area, sports_activity_location, point_of_interest, establishment]
2026-09-21T11:09:30.937-04:00  INFO 36544 --- [http-nio-8080-exec-1] c.m.m.c.GoogleApiProxyController         : Mapped: Missouri Riverfront Trail Trailhead, Rating: 4.7, Reviews: 90, EntityType: hiking_area
2026-09-21T11:09:30.937-04:00  INFO 36544 --- [http-nio-8080-exec-1] c.m.m.c.GoogleApiProxyController         : Place types for MKT Trail - Forum Katy Parkway Connector Access: [hiking_area, sports_activity_location, point_of_interest, establishment]
2026-09-21T11:09:30.938-04:00  INFO 36544 --- [http-nio-8080-exec-1] c.m.m.c.GoogleApiProxyController         : Mapped: MKT Trail - Forum Katy Parkway Connector Access, Rating: 4.8, Reviews: 17, EntityType: hiking_area
2026-09-21T11:09:30.938-04:00  INFO 36544 --- [http-nio-8080-exec-1] c.m.m.c.GoogleApiProxyController         : Place types for Heart of Iowa Nature Trail - Main Trailhead: [hiking_area, sports_activity_location, point_of_interest, establishment]
2026-09-21T11:09:30.938-04:00  INFO 36544 --- [http-nio-8080-exec-1] c.m.m.c.GoogleApiProxyController         : Mapped: Heart of Iowa Nature Trail - Main Trailhead, Rating: 4.8, Reviews: 6, EntityType: hiking_area
2026-09-21T11:09:30.938-04:00  INFO 36544 --- [http-nio-8080-exec-1] c.m.m.c.GoogleApiProxyController         : Place types for Cedar Lake Nature Trail East Trailhead: [hiking_area, sports_activity_location, point_of_interest, establishment]
2026-09-21T11:09:30.938-04:00  INFO 36544 --- [http-nio-8080-exec-1] c.m.m.c.GoogleApiProxyController         : Mapped: Cedar Lake Nature Trail East Trailhead, Rating: 4.5, Reviews: 12, EntityType: hiking_area
2026-09-21T11:09:30.938-04:00  INFO 36544 --- [http-nio-8080-exec-1] c.m.m.c.GoogleApiProxyController         : Place types for Happy Rock Trail Trailhead Parking Lot: [hiking_area, sports_activity_location, point_of_interest, establishment]
2026-09-21T11:09:30.938-04:00  INFO 36544 --- [http-nio-8080-exec-1] c.m.m.c.GoogleApiProxyController         : Mapped: Happy Rock Trail Trailhead Parking Lot, Rating: 4.7, Reviews: 67, EntityType: hiking_area
2026-09-21T11:09:30.938-04:00  INFO 36544 --- [http-nio-8080-exec-1] c.m.m.c.GoogleApiProxyController         : Place types for Weldon Spring Lewis & Clark Hiking Trail: [hiking_area, sports_activity_location, point_of_interest, establishment]
2026-09-21T11:09:30.938-04:00  INFO 36544 --- [http-nio-8080-exec-1] c.m.m.c.GoogleApiProxyController         : Mapped: Weldon Spring Lewis & Clark Hiking Trail, Rating: 4.8, Reviews: 121, EntityType: hiking_area
2026-09-21T11:09:30.938-04:00  INFO 36544 --- [http-nio-8080-exec-1] c.m.m.c.GoogleApiProxyController         : Place types for Katy Trail - Green Ridge Trailhead: [hiking_area, sports_activity_location, point_of_interest, establishment]
2026-09-21T11:09:30.938-04:00  INFO 36544 --- [http-nio-8080-exec-1] c.m.m.c.GoogleApiProxyController         : Mapped: Katy Trail - Green Ridge Trailhead, Rating: 4.6, Reviews: 58, EntityType: hiking_area
2026-09-21T11:09:30.938-04:00  INFO 36544 --- [http-nio-8080-exec-1] c.m.m.c.GoogleApiProxyController         : Place types for Gans Creek Wild Area - Wagon Wheel Trailhead: [hiking_area, sports_activity_location, point_of_interest, establishment]
2026-09-21T11:09:30.938-04:00  INFO 36544 --- [http-nio-8080-exec-1] c.m.m.c.GoogleApiProxyController         : Mapped: Gans Creek Wild Area - Wagon Wheel Trailhead, Rating: 4.7, Reviews: 38, EntityType: hiking_area
2026-09-21T11:09:30.938-04:00  INFO 36544 --- [http-nio-8080-exec-1] c.m.m.c.GoogleApiProxyController         : Place types for MKT Trail - Lakeshore Drive Access: [hiking_area, sports_activity_location, point_of_interest, establishment]
2026-09-21T11:09:30.939-04:00  INFO 36544 --- [http-nio-8080-exec-1] c.m.m.c.GoogleApiProxyController         : Mapped: MKT Trail - Lakeshore Drive Access, Rating: 4.8, Reviews: 25, EntityType: hiking_area
2026-09-21T11:09:30.939-04:00  INFO 36544 --- [http-nio-8080-exec-1] c.m.m.c.GoogleApiProxyController         : Place types for Shooting Star Trailhead: [hiking_area, tourist_attraction, sports_activity_location, point_of_interest, establishment]
2026-09-21T11:09:30.939-04:00  INFO 36544 --- [http-nio-8080-exec-1] c.m.m.c.GoogleApiProxyController         : Mapped: Shooting Star Trailhead, Rating: 4.8, Reviews: 77, EntityType: hiking_area
2026-09-21T11:09:30.939-04:00  INFO 36544 --- [http-nio-8080-exec-1] c.m.m.c.GoogleApiProxyController         : Place types for Blue River Parkway Trails - Blue Ridge Blvd Trail Head: [hiking_area, sports_activity_location, point_of_interest, establishment]
2026-09-21T11:09:30.939-04:00  INFO 36544 --- [http-nio-8080-exec-1] c.m.m.c.GoogleApiProxyController         : Mapped: Blue River Parkway Trails - Blue Ridge Blvd Trail Head, Rating: 4.7, Reviews: 94, EntityType: hiking_area
2026-09-21T11:09:30.939-04:00  INFO 36544 --- [http-nio-8080-exec-1] c.m.m.c.GoogleApiProxyController         : Place types for Eagle Bluffs Overlook Trailhead: [hiking_area, sports_activity_location, point_of_interest, establishment]
2026-09-21T11:09:30.939-04:00  INFO 36544 --- [http-nio-8080-exec-1] c.m.m.c.GoogleApiProxyController         : Mapped: Eagle Bluffs Overlook Trailhead, Rating: 4.0, Reviews: 28, EntityType: hiking_area
2026-09-21T11:09:30.939-04:00  INFO 36544 --- [http-nio-8080-exec-1] c.m.m.c.GoogleApiProxyController         : Place types for MKT Trail - Flat Branch Park Access: [hiking_area, sports_activity_location, point_of_interest, establishment]
2026-09-21T11:09:30.939-04:00  INFO 36544 --- [http-nio-8080-exec-1] c.m.m.c.GoogleApiProxyController         : Mapped: MKT Trail - Flat Branch Park Access, Rating: 4.6, Reviews: 23, EntityType: hiking_area
2026-09-21T11:09:30.939-04:00  INFO 36544 --- [http-nio-8080-exec-1] c.m.m.c.GoogleApiProxyController         : Place types for Katy Trail - Sedalia Trailhead: [hiking_area, sports_activity_location, point_of_interest, establishment]
2026-09-21T11:09:30.939-04:00  INFO 36544 --- [http-nio-8080-exec-1] c.m.m.c.GoogleApiProxyController         : Mapped: Katy Trail - Sedalia Trailhead, Rating: 4.5, Reviews: 90, EntityType: hiking_area
2026-09-21T11:09:30.973-04:00  INFO 36544 --- [http-nio-8080-exec-1] c.m.m.service.PlacesCacheService         : Saved 20 spots to places_cache
2026-09-21T11:09:30.973-04:00  INFO 36544 --- [http-nio-8080-exec-1] c.m.m.c.GoogleApiProxyController         : Backfilled 20 keyword spots to MySQL cache
2026-09-21T11:09:30.978-04:00  INFO 36544 --- [http-nio-8080-exec-1] c.m.m.c.GoogleApiProxyController         : MySQL cache miss — calling Google Places API near (40.739944,-92.724232)
2026-09-21T11:09:31.137-04:00  INFO 36544 --- [http-nio-8080-exec-1] c.m.m.c.GoogleApiProxyController         : Place types for Sharon Bluffs State Park: [state_park, tourist_attraction, park, point_of_interest, establishment]
2026-09-21T11:09:31.137-04:00  INFO 36544 --- [http-nio-8080-exec-1] c.m.m.c.GoogleApiProxyController         : Mapped: Sharon Bluffs State Park, Rating: 4.4, Reviews: 79, EntityType: state_park
2026-09-21T11:09:31.138-04:00  INFO 36544 --- [http-nio-8080-exec-1] c.m.m.c.GoogleApiProxyController         : Place types for Appanoose County Courthouse: [courthouse, government_office, service, point_of_interest, establishment]
2026-09-21T11:09:31.138-04:00  INFO 36544 --- [http-nio-8080-exec-1] c.m.m.c.GoogleApiProxyController         : Mapped: Appanoose County Courthouse, Rating: 4.4, Reviews: 15, EntityType: courthouse
2026-09-21T11:09:31.138-04:00  INFO 36544 --- [http-nio-8080-exec-1] c.m.m.c.GoogleApiProxyController         : Place types for Lelah Bradley Park: [park, tourist_attraction, point_of_interest, establishment]
2026-09-21T11:09:31.138-04:00  INFO 36544 --- [http-nio-8080-exec-1] c.m.m.c.GoogleApiProxyController         : Mapped: Lelah Bradley Park, Rating: 4.4, Reviews: 94, EntityType: tourist_attraction
2026-09-21T11:09:31.138-04:00  INFO 36544 --- [http-nio-8080-exec-1] c.m.m.c.GoogleApiProxyController         : Place types for Appanoose Historical and Coal Mining Museum: [museum, tourist_attraction, point_of_interest, establishment]
2026-09-21T11:09:31.138-04:00  INFO 36544 --- [http-nio-8080-exec-1] c.m.m.c.GoogleApiProxyController         : Mapped: Appanoose Historical and Coal Mining Museum, Rating: 4.7, Reviews: 35, EntityType: museum
2026-09-21T11:09:31.138-04:00  INFO 36544 --- [http-nio-8080-exec-1] c.m.m.c.GoogleApiProxyController         : Place types for Drake Hall at Bradley Gardens Centerville, Iowa: [historical_landmark, historical_place, point_of_interest, establishment]
2026-09-21T11:09:31.138-04:00  INFO 36544 --- [http-nio-8080-exec-1] c.m.m.c.GoogleApiProxyController         : Mapped: Drake Hall at Bradley Gardens Centerville, Iowa, Rating: 5.0, Reviews: 5, EntityType: historical_landmark
2026-09-21T11:09:31.138-04:00  INFO 36544 --- [http-nio-8080-exec-1] c.m.m.c.GoogleApiProxyController         : Place types for Appanoose County Freedom Rock: [museum, point_of_interest, establishment]
2026-09-21T11:09:31.138-04:00  INFO 36544 --- [http-nio-8080-exec-1] c.m.m.c.GoogleApiProxyController         : Mapped: Appanoose County Freedom Rock, Rating: 3.6, Reviews: 5, EntityType: museum
2026-09-21T11:09:31.138-04:00  INFO 36544 --- [http-nio-8080-exec-1] c.m.m.c.GoogleApiProxyController         : Place types for Appanoose County Clerk of Court: [courthouse, government_office, service, point_of_interest, establishment]
2026-09-21T11:09:31.138-04:00  INFO 36544 --- [http-nio-8080-exec-1] c.m.m.c.GoogleApiProxyController         : Mapped: Appanoose County Clerk of Court, Rating: 3.6, Reviews: 11, EntityType: courthouse
2026-09-21T11:09:31.138-04:00  INFO 36544 --- [http-nio-8080-exec-1] c.m.m.c.GoogleApiProxyController         : Place types for Appanoose Magistrates Office: [courthouse, government_office, service, point_of_interest, establishment]
2026-09-21T11:09:31.138-04:00  INFO 36544 --- [http-nio-8080-exec-1] c.m.m.c.GoogleApiProxyController         : Mapped: Appanoose Magistrates Office, Rating: 0.0, Reviews: 0, EntityType: courthouse
2026-09-21T11:09:31.158-04:00  INFO 36544 --- [http-nio-8080-exec-1] c.m.m.service.PlacesCacheService         : Saved 8 spots to places_cache
2026-09-21T11:09:31.158-04:00  INFO 36544 --- [http-nio-8080-exec-1] c.m.m.c.GoogleApiProxyController         : Backfilled 8 spots to MySQL cache
2026-09-21T11:09:31.160-04:00  INFO 36544 --- [http-nio-8080-exec-1] c.m.m.c.GoogleApiProxyController         : MySQL cache miss — calling Google Places searchText near (40.739944,-92.724232) keyword=trailhead trail access hiking
2026-09-21T11:09:31.492-04:00  INFO 36544 --- [http-nio-8080-exec-1] c.m.m.c.GoogleApiProxyController         : Place types for Heart of Iowa Nature Trail - Main Trailhead: [hiking_area, sports_activity_location, point_of_interest, establishment]
2026-09-21T11:09:31.493-04:00  INFO 36544 --- [http-nio-8080-exec-1] c.m.m.c.GoogleApiProxyController         : Mapped: Heart of Iowa Nature Trail - Main Trailhead, Rating: 4.8, Reviews: 6, EntityType: hiking_area
2026-09-21T11:09:31.493-04:00  INFO 36544 --- [http-nio-8080-exec-1] c.m.m.c.GoogleApiProxyController         : Place types for Tom Harkin Trailhead: [hiking_area, sports_activity_location, point_of_interest, establishment]
2026-09-21T11:09:31.493-04:00  INFO 36544 --- [http-nio-8080-exec-1] c.m.m.c.GoogleApiProxyController         : Mapped: Tom Harkin Trailhead, Rating: 4.8, Reviews: 103, EntityType: hiking_area
2026-09-21T11:09:31.493-04:00  INFO 36544 --- [http-nio-8080-exec-1] c.m.m.c.GoogleApiProxyController         : Place types for Forest Lake Area Trail System: [hiking_area, sports_activity_location, point_of_interest, establishment]
2026-09-21T11:09:31.493-04:00  INFO 36544 --- [http-nio-8080-exec-1] c.m.m.c.GoogleApiProxyController         : Mapped: Forest Lake Area Trail System, Rating: 4.9, Reviews: 7, EntityType: hiking_area
2026-09-21T11:09:31.493-04:00  INFO 36544 --- [http-nio-8080-exec-1] c.m.m.c.GoogleApiProxyController         : Place types for Trail head: [hiking_area, sports_activity_location, point_of_interest, establishment]
2026-09-21T11:09:31.493-04:00  INFO 36544 --- [http-nio-8080-exec-1] c.m.m.c.GoogleApiProxyController         : Mapped: Trail head, Rating: 5.0, Reviews: 1, EntityType: hiking_area
2026-09-21T11:09:31.494-04:00  INFO 36544 --- [http-nio-8080-exec-1] c.m.m.c.GoogleApiProxyController         : Place types for Cedar Lake Nature Trail East Trailhead: [hiking_area, sports_activity_location, point_of_interest, establishment]
2026-09-21T11:09:31.494-04:00  INFO 36544 --- [http-nio-8080-exec-1] c.m.m.c.GoogleApiProxyController         : Mapped: Cedar Lake Nature Trail East Trailhead, Rating: 4.5, Reviews: 12, EntityType: hiking_area
2026-09-21T11:09:31.494-04:00  INFO 36544 --- [http-nio-8080-exec-1] c.m.m.c.GoogleApiProxyController         : Place types for Line Creek Trailhead: [hiking_area, sports_activity_location, point_of_interest, establishment]
2026-09-21T11:09:31.494-04:00  INFO 36544 --- [http-nio-8080-exec-1] c.m.m.c.GoogleApiProxyController         : Mapped: Line Creek Trailhead, Rating: 4.8, Reviews: 359, EntityType: hiking_area
2026-09-21T11:09:31.494-04:00  INFO 36544 --- [http-nio-8080-exec-1] c.m.m.c.GoogleApiProxyController         : Place types for Locust Creek Boardwalk Trailhead: [hiking_area, sports_activity_location, point_of_interest, establishment]
2026-09-21T11:09:31.494-04:00  INFO 36544 --- [http-nio-8080-exec-1] c.m.m.c.GoogleApiProxyController         : Mapped: Locust Creek Boardwalk Trailhead, Rating: 4.8, Reviews: 12, EntityType: hiking_area
2026-09-21T11:09:31.494-04:00  INFO 36544 --- [http-nio-8080-exec-1] c.m.m.c.GoogleApiProxyController         : Place types for North Access to Sycamore Trail: [hiking_area, sports_activity_location, point_of_interest, establishment]
2026-09-21T11:09:31.494-04:00  INFO 36544 --- [http-nio-8080-exec-1] c.m.m.c.GoogleApiProxyController         : Mapped: North Access to Sycamore Trail, Rating: 4.5, Reviews: 17, EntityType: hiking_area
2026-09-21T11:09:31.494-04:00  INFO 36544 --- [http-nio-8080-exec-1] c.m.m.c.GoogleApiProxyController         : Place types for Missouri Riverfront Trail Trailhead: [hiking_area, sports_activity_location, point_of_interest, establishment]
2026-09-21T11:09:31.494-04:00  INFO 36544 --- [http-nio-8080-exec-1] c.m.m.c.GoogleApiProxyController         : Mapped: Missouri Riverfront Trail Trailhead, Rating: 4.7, Reviews: 90, EntityType: hiking_area
2026-09-21T11:09:31.494-04:00  INFO 36544 --- [http-nio-8080-exec-1] c.m.m.c.GoogleApiProxyController         : Place types for Katy Trail - Boonville Trailhead: [hiking_area, sports_activity_location, point_of_interest, establishment]
2026-09-21T11:09:31.495-04:00  INFO 36544 --- [http-nio-8080-exec-1] c.m.m.c.GoogleApiProxyController         : Mapped: Katy Trail - Boonville Trailhead, Rating: 4.7, Reviews: 155, EntityType: hiking_area
2026-09-21T11:09:31.495-04:00  INFO 36544 --- [http-nio-8080-exec-1] c.m.m.c.GoogleApiProxyController         : Place types for Happy Rock Trail Trailhead Parking Lot: [hiking_area, sports_activity_location, point_of_interest, establishment]
2026-09-21T11:09:31.495-04:00  INFO 36544 --- [http-nio-8080-exec-1] c.m.m.c.GoogleApiProxyController         : Mapped: Happy Rock Trail Trailhead Parking Lot, Rating: 4.7, Reviews: 67, EntityType: hiking_area
2026-09-21T11:09:31.495-04:00  INFO 36544 --- [http-nio-8080-exec-1] c.m.m.c.GoogleApiProxyController         : Place types for MKT Trail - Forum Katy Parkway Connector Access: [hiking_area, sports_activity_location, point_of_interest, establishment]
2026-09-21T11:09:31.497-04:00  INFO 36544 --- [http-nio-8080-exec-1] c.m.m.c.GoogleApiProxyController         : Mapped: MKT Trail - Forum Katy Parkway Connector Access, Rating: 4.8, Reviews: 17, EntityType: hiking_area
2026-09-21T11:09:31.498-04:00  INFO 36544 --- [http-nio-8080-exec-1] c.m.m.c.GoogleApiProxyController         : Place types for Katy Trail - Green Ridge Trailhead: [hiking_area, sports_activity_location, point_of_interest, establishment]
2026-09-21T11:09:31.498-04:00  INFO 36544 --- [http-nio-8080-exec-1] c.m.m.c.GoogleApiProxyController         : Mapped: Katy Trail - Green Ridge Trailhead, Rating: 4.6, Reviews: 58, EntityType: hiking_area
2026-09-21T11:09:31.498-04:00  INFO 36544 --- [http-nio-8080-exec-1] c.m.m.c.GoogleApiProxyController         : Place types for Fallen Rock State Preserve Trailhead 0.6 miles: [hiking_area, sports_activity_location, point_of_interest, establishment]
2026-09-21T11:09:31.498-04:00  INFO 36544 --- [http-nio-8080-exec-1] c.m.m.c.GoogleApiProxyController         : Mapped: Fallen Rock State Preserve Trailhead 0.6 miles, Rating: 4.3, Reviews: 4, EntityType: hiking_area
2026-09-21T11:09:31.498-04:00  INFO 36544 --- [http-nio-8080-exec-1] c.m.m.c.GoogleApiProxyController         : Place types for Trails at Hodge Park: [hiking_area, sports_activity_location, point_of_interest, establishment]
2026-09-21T11:09:31.498-04:00  INFO 36544 --- [http-nio-8080-exec-1] c.m.m.c.GoogleApiProxyController         : Mapped: Trails at Hodge Park, Rating: 4.6, Reviews: 19, EntityType: hiking_area
2026-09-21T11:09:31.498-04:00  INFO 36544 --- [http-nio-8080-exec-1] c.m.m.c.GoogleApiProxyController         : Place types for Blue River Parkway Trails - Blue Ridge Blvd Trail Head: [hiking_area, sports_activity_location, point_of_interest, establishment]
2026-09-21T11:09:31.517-04:00  INFO 36544 --- [http-nio-8080-exec-1] c.m.m.c.GoogleApiProxyController         : Mapped: Blue River Parkway Trails - Blue Ridge Blvd Trail Head, Rating: 4.7, Reviews: 94, EntityType: hiking_area
2026-09-21T11:09:31.517-04:00  INFO 36544 --- [http-nio-8080-exec-1] c.m.m.c.GoogleApiProxyController         : Place types for Amana Nature Trail: [hiking_area, tourist_attraction, sports_activity_location, point_of_interest, establishment]
2026-09-21T11:09:31.518-04:00  INFO 36544 --- [http-nio-8080-exec-1] c.m.m.c.GoogleApiProxyController         : Mapped: Amana Nature Trail, Rating: 4.5, Reviews: 75, EntityType: hiking_area
2026-09-21T11:09:31.518-04:00  INFO 36544 --- [http-nio-8080-exec-1] c.m.m.c.GoogleApiProxyController         : Place types for Little Blue Trace Trail Access and Picnic Area: [hiking_area, sports_activity_location, point_of_interest, establishment]
2026-09-21T11:09:31.518-04:00  INFO 36544 --- [http-nio-8080-exec-1] c.m.m.c.GoogleApiProxyController         : Mapped: Little Blue Trace Trail Access and Picnic Area, Rating: 4.6, Reviews: 106, EntityType: hiking_area
2026-09-21T11:09:31.518-04:00  INFO 36544 --- [http-nio-8080-exec-1] c.m.m.c.GoogleApiProxyController         : Place types for Gans Creek Wild Area - Wagon Wheel Trailhead: [hiking_area, sports_activity_location, point_of_interest, establishment]
2026-09-21T11:09:31.518-04:00  INFO 36544 --- [http-nio-8080-exec-1] c.m.m.c.GoogleApiProxyController         : Mapped: Gans Creek Wild Area - Wagon Wheel Trailhead, Rating: 4.7, Reviews: 38, EntityType: hiking_area
2026-09-21T11:09:31.518-04:00  INFO 36544 --- [http-nio-8080-exec-1] c.m.m.c.GoogleApiProxyController         : Place types for Heritage Trail (Epworth Access): [hiking_area, sports_activity_location, point_of_interest, establishment]
2026-09-21T11:09:31.518-04:00  INFO 36544 --- [http-nio-8080-exec-1] c.m.m.c.GoogleApiProxyController         : Mapped: Heritage Trail (Epworth Access), Rating: 5.0, Reviews: 4, EntityType: hiking_area
2026-09-21T11:09:31.669-04:00  INFO 36544 --- [http-nio-8080-exec-1] c.m.m.service.PlacesCacheService         : Saved 20 spots to places_cache
2026-09-21T11:09:31.669-04:00  INFO 36544 --- [http-nio-8080-exec-1] c.m.m.c.GoogleApiProxyController         : Backfilled 20 keyword spots to MySQL cache
2026-09-21T11:09:31.670-04:00  INFO 36544 --- [http-nio-8080-exec-1] c.m.m.service.RouteBeautifierService     : Qualified spot: Sharon Bluffs State Park at 40.725004999999996,-92.8045312 distFromStart=1297.5km source=NB
2026-09-21T11:09:31.671-04:00  INFO 36544 --- [http-nio-8080-exec-1] c.m.m.service.RouteBeautifierService     : Qualified spot: Lelah Bradley Park at 40.718801,-92.88567669999999 distFromStart=1297.5km source=NB
2026-09-21T11:09:31.672-04:00  INFO 36544 --- [http-nio-8080-exec-1] c.m.m.c.GoogleApiProxyController         : MySQL cache miss — calling Google Places API near (40.757188,-93.319621)
2026-09-21T11:09:31.868-04:00  INFO 36544 --- [http-nio-8080-exec-1] c.m.m.c.GoogleApiProxyController         : Place types for Wayne County Courthouse: [courthouse, government_office, service, point_of_interest, establishment]
2026-09-21T11:09:31.869-04:00  INFO 36544 --- [http-nio-8080-exec-1] c.m.m.c.GoogleApiProxyController         : Mapped: Wayne County Courthouse, Rating: 4.7, Reviews: 9, EntityType: courthouse
2026-09-21T11:09:31.869-04:00  INFO 36544 --- [http-nio-8080-exec-1] c.m.m.c.GoogleApiProxyController         : Place types for Bobwhite State Park: [state_park, tourist_attraction, park, point_of_interest, establishment]
2026-09-21T11:09:31.869-04:00  INFO 36544 --- [http-nio-8080-exec-1] c.m.m.c.GoogleApiProxyController         : Mapped: Bobwhite State Park, Rating: 4.5, Reviews: 71, EntityType: state_park
2026-09-21T11:09:31.869-04:00  INFO 36544 --- [http-nio-8080-exec-1] c.m.m.c.GoogleApiProxyController         : Place types for Prairie Trails Museum: [museum, tourist_attraction, point_of_interest, establishment]
2026-09-21T11:09:31.869-04:00  INFO 36544 --- [http-nio-8080-exec-1] c.m.m.c.GoogleApiProxyController         : Mapped: Prairie Trails Museum, Rating: 4.9, Reviews: 65, EntityType: museum
2026-09-21T11:09:31.869-04:00  INFO 36544 --- [http-nio-8080-exec-1] c.m.m.c.GoogleApiProxyController         : Place types for Corydon Lake Park: [park, tourist_attraction, point_of_interest, establishment]
2026-09-21T11:09:31.869-04:00  INFO 36544 --- [http-nio-8080-exec-1] c.m.m.c.GoogleApiProxyController         : Mapped: Corydon Lake Park, Rating: 4.5, Reviews: 79, EntityType: tourist_attraction
2026-09-21T11:09:31.869-04:00  INFO 36544 --- [http-nio-8080-exec-1] c.m.m.c.GoogleApiProxyController         : Place types for Wayne County Historical Society: [museum, point_of_interest, establishment]
2026-09-21T11:09:31.869-04:00  INFO 36544 --- [http-nio-8080-exec-1] c.m.m.c.GoogleApiProxyController         : Mapped: Wayne County Historical Society, Rating: 4.7, Reviews: 7, EntityType: museum
2026-09-21T11:09:31.869-04:00  INFO 36544 --- [http-nio-8080-exec-1] c.m.m.c.GoogleApiProxyController         : Place types for Wayne County Magistrates Office: [courthouse, government_office, service, point_of_interest, establishment]
2026-09-21T11:09:31.869-04:00  INFO 36544 --- [http-nio-8080-exec-1] c.m.m.c.GoogleApiProxyController         : Mapped: Wayne County Magistrates Office, Rating: 0.0, Reviews: 0, EntityType: courthouse
2026-09-21T11:09:31.869-04:00  INFO 36544 --- [http-nio-8080-exec-1] c.m.m.c.GoogleApiProxyController         : Place types for Elk Park: [tourist_attraction, point_of_interest, establishment]
2026-09-21T11:09:31.869-04:00  INFO 36544 --- [http-nio-8080-exec-1] c.m.m.c.GoogleApiProxyController         : Mapped: Elk Park, Rating: 0.0, Reviews: 0, EntityType: tourist_attraction
2026-09-21T11:09:31.869-04:00  INFO 36544 --- [http-nio-8080-exec-1] c.m.m.c.GoogleApiProxyController         : Place types for Historic Allerton Round Barn Site: [museum, point_of_interest, establishment]
2026-09-21T11:09:31.869-04:00  INFO 36544 --- [http-nio-8080-exec-1] c.m.m.c.GoogleApiProxyController         : Mapped: Historic Allerton Round Barn Site, Rating: 5.0, Reviews: 1, EntityType: museum
2026-09-21T11:09:31.869-04:00  INFO 36544 --- [http-nio-8080-exec-1] c.m.m.c.GoogleApiProxyController         : Place types for Dodrill Cemetery: [historical_landmark, historical_place, point_of_interest, establishment]
2026-09-21T11:09:31.869-04:00  INFO 36544 --- [http-nio-8080-exec-1] c.m.m.c.GoogleApiProxyController         : Mapped: Dodrill Cemetery, Rating: 0.0, Reviews: 0, EntityType: historical_landmark
2026-09-21T11:09:31.869-04:00  INFO 36544 --- [http-nio-8080-exec-1] c.m.m.c.GoogleApiProxyController         : Place types for Corydon race: [tourist_attraction, point_of_interest, establishment]
2026-09-21T11:09:31.869-04:00  INFO 36544 --- [http-nio-8080-exec-1] c.m.m.c.GoogleApiProxyController         : Mapped: Corydon race, Rating: 0.0, Reviews: 0, EntityType: tourist_attraction
2026-09-21T11:09:31.884-04:00  INFO 36544 --- [http-nio-8080-exec-1] c.m.m.service.PlacesCacheService         : Saved 10 spots to places_cache
2026-09-21T11:09:31.884-04:00  INFO 36544 --- [http-nio-8080-exec-1] c.m.m.c.GoogleApiProxyController         : Backfilled 10 spots to MySQL cache
2026-09-21T11:09:31.886-04:00  INFO 36544 --- [http-nio-8080-exec-1] c.m.m.c.GoogleApiProxyController         : MySQL cache miss — calling Google Places searchText near (40.757188,-93.319621) keyword=trailhead trail access hiking
2026-09-21T11:09:32.330-04:00  INFO 36544 --- [http-nio-8080-exec-1] c.m.m.c.GoogleApiProxyController         : Place types for Heart of Iowa Nature Trail - Main Trailhead: [hiking_area, sports_activity_location, point_of_interest, establishment]
2026-09-21T11:09:32.331-04:00  INFO 36544 --- [http-nio-8080-exec-1] c.m.m.c.GoogleApiProxyController         : Mapped: Heart of Iowa Nature Trail - Main Trailhead, Rating: 4.8, Reviews: 6, EntityType: hiking_area
2026-09-21T11:09:32.331-04:00  INFO 36544 --- [http-nio-8080-exec-1] c.m.m.c.GoogleApiProxyController         : Place types for Cedar Lake Nature Trail East Trailhead: [hiking_area, sports_activity_location, point_of_interest, establishment]
2026-09-21T11:09:32.331-04:00  INFO 36544 --- [http-nio-8080-exec-1] c.m.m.c.GoogleApiProxyController         : Mapped: Cedar Lake Nature Trail East Trailhead, Rating: 4.5, Reviews: 12, EntityType: hiking_area
2026-09-21T11:09:32.331-04:00  INFO 36544 --- [http-nio-8080-exec-1] c.m.m.c.GoogleApiProxyController         : Place types for Trail head: [hiking_area, sports_activity_location, point_of_interest, establishment]
2026-09-21T11:09:32.331-04:00  INFO 36544 --- [http-nio-8080-exec-1] c.m.m.c.GoogleApiProxyController         : Mapped: Trail head, Rating: 5.0, Reviews: 1, EntityType: hiking_area
2026-09-21T11:09:32.331-04:00  INFO 36544 --- [http-nio-8080-exec-1] c.m.m.c.GoogleApiProxyController         : Place types for North Access to Sycamore Trail: [hiking_area, sports_activity_location, point_of_interest, establishment]
2026-09-21T11:09:32.331-04:00  INFO 36544 --- [http-nio-8080-exec-1] c.m.m.c.GoogleApiProxyController         : Mapped: North Access to Sycamore Trail, Rating: 4.5, Reviews: 17, EntityType: hiking_area
2026-09-21T11:09:32.331-04:00  INFO 36544 --- [http-nio-8080-exec-1] c.m.m.c.GoogleApiProxyController         : Place types for Line Creek Trailhead: [hiking_area, sports_activity_location, point_of_interest, establishment]
2026-09-21T11:09:32.331-04:00  INFO 36544 --- [http-nio-8080-exec-1] c.m.m.c.GoogleApiProxyController         : Mapped: Line Creek Trailhead, Rating: 4.8, Reviews: 359, EntityType: hiking_area
2026-09-21T11:09:32.331-04:00  INFO 36544 --- [http-nio-8080-exec-1] c.m.m.c.GoogleApiProxyController         : Place types for Lost Lake Trail Head: [hiking_area, sports_activity_location, point_of_interest, establishment]
2026-09-21T11:09:32.331-04:00  INFO 36544 --- [http-nio-8080-exec-1] c.m.m.c.GoogleApiProxyController         : Mapped: Lost Lake Trail Head, Rating: 4.6, Reviews: 14, EntityType: hiking_area
2026-09-21T11:09:32.331-04:00  INFO 36544 --- [http-nio-8080-exec-1] c.m.m.c.GoogleApiProxyController         : Place types for Tom Harkin Trailhead: [hiking_area, sports_activity_location, point_of_interest, establishment]
2026-09-21T11:09:32.331-04:00  INFO 36544 --- [http-nio-8080-exec-1] c.m.m.c.GoogleApiProxyController         : Mapped: Tom Harkin Trailhead, Rating: 4.8, Reviews: 103, EntityType: hiking_area
2026-09-21T11:09:32.331-04:00  INFO 36544 --- [http-nio-8080-exec-1] c.m.m.c.GoogleApiProxyController         : Place types for Missouri Riverfront Trail Trailhead: [hiking_area, sports_activity_location, point_of_interest, establishment]
2026-09-21T11:09:32.331-04:00  INFO 36544 --- [http-nio-8080-exec-1] c.m.m.c.GoogleApiProxyController         : Mapped: Missouri Riverfront Trail Trailhead, Rating: 4.7, Reviews: 90, EntityType: hiking_area
2026-09-21T11:09:32.331-04:00  INFO 36544 --- [http-nio-8080-exec-1] c.m.m.c.GoogleApiProxyController         : Place types for Locust Creek Boardwalk Trailhead: [hiking_area, sports_activity_location, point_of_interest, establishment]
2026-09-21T11:09:32.331-04:00  INFO 36544 --- [http-nio-8080-exec-1] c.m.m.c.GoogleApiProxyController         : Mapped: Locust Creek Boardwalk Trailhead, Rating: 4.8, Reviews: 12, EntityType: hiking_area
2026-09-21T11:09:32.331-04:00  INFO 36544 --- [http-nio-8080-exec-1] c.m.m.c.GoogleApiProxyController         : Place types for Happy Rock Trail Trailhead Parking Lot: [hiking_area, sports_activity_location, point_of_interest, establishment]
2026-09-21T11:09:32.331-04:00  INFO 36544 --- [http-nio-8080-exec-1] c.m.m.c.GoogleApiProxyController         : Mapped: Happy Rock Trail Trailhead Parking Lot, Rating: 4.7, Reviews: 67, EntityType: hiking_area
2026-09-21T11:09:32.331-04:00  INFO 36544 --- [http-nio-8080-exec-1] c.m.m.c.GoogleApiProxyController         : Place types for Twin Creek Trailhead: [hiking_area, sports_activity_location, point_of_interest, establishment]
2026-09-21T11:09:32.331-04:00  INFO 36544 --- [http-nio-8080-exec-1] c.m.m.c.GoogleApiProxyController         : Mapped: Twin Creek Trailhead, Rating: 4.8, Reviews: 70, EntityType: hiking_area
2026-09-21T11:09:32.331-04:00  INFO 36544 --- [http-nio-8080-exec-1] c.m.m.c.GoogleApiProxyController         : Place types for Forest Lake Area Trail System: [hiking_area, sports_activity_location, point_of_interest, establishment]
2026-09-21T11:09:32.331-04:00  INFO 36544 --- [http-nio-8080-exec-1] c.m.m.c.GoogleApiProxyController         : Mapped: Forest Lake Area Trail System, Rating: 4.9, Reviews: 7, EntityType: hiking_area
2026-09-21T11:09:32.331-04:00  INFO 36544 --- [http-nio-8080-exec-1] c.m.m.c.GoogleApiProxyController         : Place types for Trails at Hodge Park: [hiking_area, sports_activity_location, point_of_interest, establishment]
2026-09-21T11:09:32.331-04:00  INFO 36544 --- [http-nio-8080-exec-1] c.m.m.c.GoogleApiProxyController         : Mapped: Trails at Hodge Park, Rating: 4.6, Reviews: 19, EntityType: hiking_area
2026-09-21T11:09:32.331-04:00  INFO 36544 --- [http-nio-8080-exec-1] c.m.m.c.GoogleApiProxyController         : Place types for Katy Trail - Green Ridge Trailhead: [hiking_area, sports_activity_location, point_of_interest, establishment]
2026-09-21T11:09:32.331-04:00  INFO 36544 --- [http-nio-8080-exec-1] c.m.m.c.GoogleApiProxyController         : Mapped: Katy Trail - Green Ridge Trailhead, Rating: 4.6, Reviews: 58, EntityType: hiking_area
2026-09-21T11:09:32.331-04:00  INFO 36544 --- [http-nio-8080-exec-1] c.m.m.c.GoogleApiProxyController         : Place types for MKT Trail - Forum Katy Parkway Connector Access: [hiking_area, sports_activity_location, point_of_interest, establishment]
2026-09-21T11:09:32.331-04:00  INFO 36544 --- [http-nio-8080-exec-1] c.m.m.c.GoogleApiProxyController         : Mapped: MKT Trail - Forum Katy Parkway Connector Access, Rating: 4.8, Reviews: 17, EntityType: hiking_area
2026-09-21T11:09:32.331-04:00  INFO 36544 --- [http-nio-8080-exec-1] c.m.m.c.GoogleApiProxyController         : Place types for Katy Trail - Boonville Trailhead: [hiking_area, sports_activity_location, point_of_interest, establishment]
2026-09-21T11:09:32.331-04:00  INFO 36544 --- [http-nio-8080-exec-1] c.m.m.c.GoogleApiProxyController         : Mapped: Katy Trail - Boonville Trailhead, Rating: 4.7, Reviews: 155, EntityType: hiking_area
2026-09-21T11:09:32.331-04:00  INFO 36544 --- [http-nio-8080-exec-1] c.m.m.c.GoogleApiProxyController         : Place types for Racoon River Valley Trailhead: [hiking_area, sports_activity_location, point_of_interest, establishment]
2026-09-21T11:09:32.331-04:00  INFO 36544 --- [http-nio-8080-exec-1] c.m.m.c.GoogleApiProxyController         : Mapped: Racoon River Valley Trailhead, Rating: 5.0, Reviews: 3, EntityType: hiking_area
2026-09-21T11:09:32.331-04:00  INFO 36544 --- [http-nio-8080-exec-1] c.m.m.c.GoogleApiProxyController         : Place types for Blue River Parkway Trails - Blue Ridge Blvd Trail Head: [hiking_area, sports_activity_location, point_of_interest, establishment]
2026-09-21T11:09:32.331-04:00  INFO 36544 --- [http-nio-8080-exec-1] c.m.m.c.GoogleApiProxyController         : Mapped: Blue River Parkway Trails - Blue Ridge Blvd Trail Head, Rating: 4.7, Reviews: 94, EntityType: hiking_area
2026-09-21T11:09:32.331-04:00  INFO 36544 --- [http-nio-8080-exec-1] c.m.m.c.GoogleApiProxyController         : Place types for Fallen Rock State Preserve Trailhead 0.6 miles: [hiking_area, sports_activity_location, point_of_interest, establishment]
2026-09-21T11:09:32.331-04:00  INFO 36544 --- [http-nio-8080-exec-1] c.m.m.c.GoogleApiProxyController         : Mapped: Fallen Rock State Preserve Trailhead 0.6 miles, Rating: 4.3, Reviews: 4, EntityType: hiking_area
2026-09-21T11:09:32.331-04:00  INFO 36544 --- [http-nio-8080-exec-1] c.m.m.c.GoogleApiProxyController         : Place types for Mopac Trail (Trailhead): [hiking_area, sports_activity_location, point_of_interest, establishment]
2026-09-21T11:09:32.331-04:00  INFO 36544 --- [http-nio-8080-exec-1] c.m.m.c.GoogleApiProxyController         : Mapped: Mopac Trail (Trailhead), Rating: 4.7, Reviews: 32, EntityType: hiking_area
2026-09-21T11:09:32.357-04:00  INFO 36544 --- [http-nio-8080-exec-1] c.m.m.service.PlacesCacheService         : Saved 20 spots to places_cache
2026-09-21T11:09:32.357-04:00  INFO 36544 --- [http-nio-8080-exec-1] c.m.m.c.GoogleApiProxyController         : Backfilled 20 keyword spots to MySQL cache
2026-09-21T11:09:32.360-04:00  INFO 36544 --- [http-nio-8080-exec-1] c.m.m.service.RouteBeautifierService     : Qualified spot: Bobwhite State Park at 40.7040497,-93.39685349999999 distFromStart=1332.8km source=NB
2026-09-21T11:09:32.363-04:00  INFO 36544 --- [http-nio-8080-exec-1] c.m.m.service.RouteBeautifierService     : Qualified spot: Prairie Trails Museum at 40.7574123,-93.3114368 distFromStart=1332.8km source=NB
2026-09-21T11:09:32.366-04:00  INFO 36544 --- [http-nio-8080-exec-1] c.m.m.service.RouteBeautifierService     : Qualified spot: Corydon Lake Park at 40.7536036,-93.33537539999999 distFromStart=1332.8km source=NB
2026-09-21T11:09:32.368-04:00  INFO 36544 --- [http-nio-8080-exec-1] c.m.m.c.GoogleApiProxyController         : MySQL cache miss — calling Google Places API near (40.739522,-93.738388)
2026-09-21T11:09:32.565-04:00  INFO 36544 --- [http-nio-8080-exec-1] c.m.m.c.GoogleApiProxyController         : Place types for Little River Recreation Area: [park, tourist_attraction, point_of_interest, establishment]
2026-09-21T11:09:32.565-04:00  INFO 36544 --- [http-nio-8080-exec-1] c.m.m.c.GoogleApiProxyController         : Mapped: Little River Recreation Area, Rating: 4.6, Reviews: 201, EntityType: tourist_attraction
2026-09-21T11:09:32.565-04:00  INFO 36544 --- [http-nio-8080-exec-1] c.m.m.c.GoogleApiProxyController         : Place types for Decatur County Courthouse: [courthouse, government_office, service, point_of_interest, establishment]
2026-09-21T11:09:32.565-04:00  INFO 36544 --- [http-nio-8080-exec-1] c.m.m.c.GoogleApiProxyController         : Mapped: Decatur County Courthouse, Rating: 4.3, Reviews: 10, EntityType: courthouse
2026-09-21T11:09:32.565-04:00  INFO 36544 --- [http-nio-8080-exec-1] c.m.m.c.GoogleApiProxyController         : Place types for Hanthorn Hills: [tourist_attraction, point_of_interest, establishment]
2026-09-21T11:09:32.565-04:00  INFO 36544 --- [http-nio-8080-exec-1] c.m.m.c.GoogleApiProxyController         : Mapped: Hanthorn Hills, Rating: 5.0, Reviews: 1, EntityType: tourist_attraction
2026-09-21T11:09:32.565-04:00  INFO 36544 --- [http-nio-8080-exec-1] c.m.m.c.GoogleApiProxyController         : Place types for Decatur County Clerk of Court: [courthouse, local_government_office, government_office, service, point_of_interest, establishment]
2026-09-21T11:09:32.565-04:00  INFO 36544 --- [http-nio-8080-exec-1] c.m.m.c.GoogleApiProxyController         : Mapped: Decatur County Clerk of Court, Rating: 0.0, Reviews: 0, EntityType: courthouse
2026-09-21T11:09:32.565-04:00  INFO 36544 --- [http-nio-8080-exec-1] c.m.m.c.GoogleApiProxyController         : Place types for Decatur County Attorney: [museum, point_of_interest, establishment]
2026-09-21T11:09:32.566-04:00  INFO 36544 --- [http-nio-8080-exec-1] c.m.m.c.GoogleApiProxyController         : Mapped: Decatur County Attorney, Rating: 0.0, Reviews: 0, EntityType: museum
2026-09-21T11:09:32.566-04:00  INFO 36544 --- [http-nio-8080-exec-1] c.m.m.c.GoogleApiProxyController         : Place types for Decatur County Magistrate: [courthouse, government_office, service, point_of_interest, establishment]
2026-09-21T11:09:32.566-04:00  INFO 36544 --- [http-nio-8080-exec-1] c.m.m.c.GoogleApiProxyController         : Mapped: Decatur County Magistrate, Rating: 1.0, Reviews: 1, EntityType: courthouse
2026-09-21T11:09:32.566-04:00  INFO 36544 --- [http-nio-8080-exec-1] c.m.m.c.GoogleApiProxyController         : Place types for Decatur County Historical Museum: [museum, point_of_interest, establishment]
2026-09-21T11:09:32.566-04:00  INFO 36544 --- [http-nio-8080-exec-1] c.m.m.c.GoogleApiProxyController         : Mapped: Decatur County Historical Museum, Rating: 0.0, Reviews: 0, EntityType: museum
2026-09-21T11:09:32.575-04:00  INFO 36544 --- [http-nio-8080-exec-1] c.m.m.service.PlacesCacheService         : Saved 7 spots to places_cache
2026-09-21T11:09:32.575-04:00  INFO 36544 --- [http-nio-8080-exec-1] c.m.m.c.GoogleApiProxyController         : Backfilled 7 spots to MySQL cache
2026-09-21T11:09:32.577-04:00  INFO 36544 --- [http-nio-8080-exec-1] c.m.m.c.GoogleApiProxyController         : MySQL cache miss — calling Google Places searchText near (40.739522,-93.738388) keyword=trailhead trail access hiking
2026-09-21T11:09:32.920-04:00  INFO 36544 --- [http-nio-8080-exec-1] c.m.m.c.GoogleApiProxyController         : Place types for Cedar Lake Nature Trail East Trailhead: [hiking_area, sports_activity_location, point_of_interest, establishment]
2026-09-21T11:09:32.920-04:00  INFO 36544 --- [http-nio-8080-exec-1] c.m.m.c.GoogleApiProxyController         : Mapped: Cedar Lake Nature Trail East Trailhead, Rating: 4.5, Reviews: 12, EntityType: hiking_area
2026-09-21T11:09:32.920-04:00  INFO 36544 --- [http-nio-8080-exec-1] c.m.m.c.GoogleApiProxyController         : Place types for Heart of Iowa Nature Trail - Main Trailhead: [hiking_area, sports_activity_location, point_of_interest, establishment]
2026-09-21T11:09:32.920-04:00  INFO 36544 --- [http-nio-8080-exec-1] c.m.m.c.GoogleApiProxyController         : Mapped: Heart of Iowa Nature Trail - Main Trailhead, Rating: 4.8, Reviews: 6, EntityType: hiking_area
2026-09-21T11:09:32.920-04:00  INFO 36544 --- [http-nio-8080-exec-1] c.m.m.c.GoogleApiProxyController         : Place types for Trail head: [hiking_area, sports_activity_location, point_of_interest, establishment]
2026-09-21T11:09:32.920-04:00  INFO 36544 --- [http-nio-8080-exec-1] c.m.m.c.GoogleApiProxyController         : Mapped: Trail head, Rating: 5.0, Reviews: 1, EntityType: hiking_area
2026-09-21T11:09:32.920-04:00  INFO 36544 --- [http-nio-8080-exec-1] c.m.m.c.GoogleApiProxyController         : Place types for North Access to Sycamore Trail: [hiking_area, sports_activity_location, point_of_interest, establishment]
2026-09-21T11:09:32.920-04:00  INFO 36544 --- [http-nio-8080-exec-1] c.m.m.c.GoogleApiProxyController         : Mapped: North Access to Sycamore Trail, Rating: 4.5, Reviews: 17, EntityType: hiking_area
2026-09-21T11:09:32.920-04:00  INFO 36544 --- [http-nio-8080-exec-1] c.m.m.c.GoogleApiProxyController         : Place types for Line Creek Trailhead: [hiking_area, sports_activity_location, point_of_interest, establishment]
2026-09-21T11:09:32.921-04:00  INFO 36544 --- [http-nio-8080-exec-1] c.m.m.c.GoogleApiProxyController         : Mapped: Line Creek Trailhead, Rating: 4.8, Reviews: 359, EntityType: hiking_area
2026-09-21T11:09:32.921-04:00  INFO 36544 --- [http-nio-8080-exec-1] c.m.m.c.GoogleApiProxyController         : Place types for Lost Lake Trail Head: [hiking_area, sports_activity_location, point_of_interest, establishment]
2026-09-21T11:09:32.921-04:00  INFO 36544 --- [http-nio-8080-exec-1] c.m.m.c.GoogleApiProxyController         : Mapped: Lost Lake Trail Head, Rating: 4.6, Reviews: 14, EntityType: hiking_area
2026-09-21T11:09:32.921-04:00  INFO 36544 --- [http-nio-8080-exec-1] c.m.m.c.GoogleApiProxyController         : Place types for Missouri Riverfront Trail Trailhead: [hiking_area, sports_activity_location, point_of_interest, establishment]
2026-09-21T11:09:32.921-04:00  INFO 36544 --- [http-nio-8080-exec-1] c.m.m.c.GoogleApiProxyController         : Mapped: Missouri Riverfront Trail Trailhead, Rating: 4.7, Reviews: 90, EntityType: hiking_area
2026-09-21T11:09:32.921-04:00  INFO 36544 --- [http-nio-8080-exec-1] c.m.m.c.GoogleApiProxyController         : Place types for Great Western Trail Head: [hiking_area, sports_activity_location, point_of_interest, establishment]
2026-09-21T11:09:32.921-04:00  INFO 36544 --- [http-nio-8080-exec-1] c.m.m.c.GoogleApiProxyController         : Mapped: Great Western Trail Head, Rating: 4.7, Reviews: 31, EntityType: hiking_area
2026-09-21T11:09:32.921-04:00  INFO 36544 --- [http-nio-8080-exec-1] c.m.m.c.GoogleApiProxyController         : Place types for Twin Creek Trailhead: [hiking_area, sports_activity_location, point_of_interest, establishment]
2026-09-21T11:09:32.921-04:00  INFO 36544 --- [http-nio-8080-exec-1] c.m.m.c.GoogleApiProxyController         : Mapped: Twin Creek Trailhead, Rating: 4.8, Reviews: 70, EntityType: hiking_area
2026-09-21T11:09:32.921-04:00  INFO 36544 --- [http-nio-8080-exec-1] c.m.m.c.GoogleApiProxyController         : Place types for Happy Rock Trail Trailhead Parking Lot: [hiking_area, sports_activity_location, point_of_interest, establishment]
2026-09-21T11:09:32.921-04:00  INFO 36544 --- [http-nio-8080-exec-1] c.m.m.c.GoogleApiProxyController         : Mapped: Happy Rock Trail Trailhead Parking Lot, Rating: 4.7, Reviews: 67, EntityType: hiking_area
2026-09-21T11:09:32.921-04:00  INFO 36544 --- [http-nio-8080-exec-1] c.m.m.c.GoogleApiProxyController         : Place types for Locust Creek Boardwalk Trailhead: [hiking_area, sports_activity_location, point_of_interest, establishment]
2026-09-21T11:09:32.921-04:00  INFO 36544 --- [http-nio-8080-exec-1] c.m.m.c.GoogleApiProxyController         : Mapped: Locust Creek Boardwalk Trailhead, Rating: 4.8, Reviews: 12, EntityType: hiking_area
2026-09-21T11:09:32.921-04:00  INFO 36544 --- [http-nio-8080-exec-1] c.m.m.c.GoogleApiProxyController         : Place types for Trails at Hodge Park: [hiking_area, sports_activity_location, point_of_interest, establishment]
2026-09-21T11:09:32.921-04:00  INFO 36544 --- [http-nio-8080-exec-1] c.m.m.c.GoogleApiProxyController         : Mapped: Trails at Hodge Park, Rating: 4.6, Reviews: 19, EntityType: hiking_area
2026-09-21T11:09:32.921-04:00  INFO 36544 --- [http-nio-8080-exec-1] c.m.m.c.GoogleApiProxyController         : Place types for Tom Harkin Trailhead: [hiking_area, sports_activity_location, point_of_interest, establishment]
2026-09-21T11:09:32.921-04:00  INFO 36544 --- [http-nio-8080-exec-1] c.m.m.c.GoogleApiProxyController         : Mapped: Tom Harkin Trailhead, Rating: 4.8, Reviews: 103, EntityType: hiking_area
2026-09-21T11:09:32.921-04:00  INFO 36544 --- [http-nio-8080-exec-1] c.m.m.c.GoogleApiProxyController         : Place types for Mopac Trail (Trailhead): [hiking_area, sports_activity_location, point_of_interest, establishment]
2026-09-21T11:09:32.921-04:00  INFO 36544 --- [http-nio-8080-exec-1] c.m.m.c.GoogleApiProxyController         : Mapped: Mopac Trail (Trailhead), Rating: 4.7, Reviews: 32, EntityType: hiking_area
2026-09-21T11:09:32.921-04:00  INFO 36544 --- [http-nio-8080-exec-1] c.m.m.c.GoogleApiProxyController         : Place types for Blue River Parkway Trails - Blue Ridge Blvd Trail Head: [hiking_area, sports_activity_location, point_of_interest, establishment]
2026-09-21T11:09:32.921-04:00  INFO 36544 --- [http-nio-8080-exec-1] c.m.m.c.GoogleApiProxyController         : Mapped: Blue River Parkway Trails - Blue Ridge Blvd Trail Head, Rating: 4.7, Reviews: 94, EntityType: hiking_area
2026-09-21T11:09:32.921-04:00  INFO 36544 --- [http-nio-8080-exec-1] c.m.m.c.GoogleApiProxyController         : Place types for Paved Trailhead: [hiking_area, sports_activity_location, point_of_interest, establishment]
2026-09-21T11:09:32.921-04:00  INFO 36544 --- [http-nio-8080-exec-1] c.m.m.c.GoogleApiProxyController         : Mapped: Paved Trailhead, Rating: 4.9, Reviews: 60, EntityType: hiking_area
2026-09-21T11:09:32.921-04:00  INFO 36544 --- [http-nio-8080-exec-1] c.m.m.c.GoogleApiProxyController         : Place types for Katy Trail - Green Ridge Trailhead: [hiking_area, sports_activity_location, point_of_interest, establishment]
2026-09-21T11:09:32.921-04:00  INFO 36544 --- [http-nio-8080-exec-1] c.m.m.c.GoogleApiProxyController         : Mapped: Katy Trail - Green Ridge Trailhead, Rating: 4.6, Reviews: 58, EntityType: hiking_area
2026-09-21T11:09:32.921-04:00  INFO 36544 --- [http-nio-8080-exec-1] c.m.m.c.GoogleApiProxyController         : Place types for South Trailhead: [hiking_area, sports_activity_location, point_of_interest, establishment]
2026-09-21T11:09:32.921-04:00  INFO 36544 --- [http-nio-8080-exec-1] c.m.m.c.GoogleApiProxyController         : Mapped: South Trailhead, Rating: 4.0, Reviews: 1, EntityType: hiking_area
2026-09-21T11:09:32.921-04:00  INFO 36544 --- [http-nio-8080-exec-1] c.m.m.c.GoogleApiProxyController         : Place types for Forest Lake Area Trail System: [hiking_area, sports_activity_location, point_of_interest, establishment]
2026-09-21T11:09:32.921-04:00  INFO 36544 --- [http-nio-8080-exec-1] c.m.m.c.GoogleApiProxyController         : Mapped: Forest Lake Area Trail System, Rating: 4.9, Reviews: 7, EntityType: hiking_area
2026-09-21T11:09:32.921-04:00  INFO 36544 --- [http-nio-8080-exec-1] c.m.m.c.GoogleApiProxyController         : Place types for Blue River Parkway Trailhead in Minor Park: [hiking_area, sports_activity_location, point_of_interest, establishment]
2026-09-21T11:09:32.921-04:00  INFO 36544 --- [http-nio-8080-exec-1] c.m.m.c.GoogleApiProxyController         : Mapped: Blue River Parkway Trailhead in Minor Park, Rating: 4.7, Reviews: 146, EntityType: hiking_area
2026-09-21T11:09:32.952-04:00  INFO 36544 --- [http-nio-8080-exec-1] c.m.m.service.PlacesCacheService         : Saved 20 spots to places_cache
2026-09-21T11:09:32.952-04:00  INFO 36544 --- [http-nio-8080-exec-1] c.m.m.c.GoogleApiProxyController         : Backfilled 20 keyword spots to MySQL cache
2026-09-21T11:09:32.958-04:00  INFO 36544 --- [http-nio-8080-exec-1] c.m.m.service.RouteBeautifierService     : Qualified spot: Little River Recreation Area at 40.7675105,-93.7784332 distFromStart=1366.6km source=NB
2026-09-21T11:09:32.961-04:00  INFO 36544 --- [http-nio-8080-exec-1] c.m.m.c.GoogleApiProxyController         : MySQL cache miss — calling Google Places API near (40.71071,-94.136642)
2026-09-21T11:09:33.266-04:00  INFO 36544 --- [http-nio-8080-exec-1] c.m.m.c.GoogleApiProxyController         : Place types for Ringgold County Courthouse: [courthouse, local_government_office, government_office, point_of_interest, service, establishment]
2026-09-21T11:09:33.266-04:00  INFO 36544 --- [http-nio-8080-exec-1] c.m.m.c.GoogleApiProxyController         : Mapped: Ringgold County Courthouse, Rating: 4.8, Reviews: 5, EntityType: courthouse
2026-09-21T11:09:33.266-04:00  INFO 36544 --- [http-nio-8080-exec-1] c.m.m.c.GoogleApiProxyController         : Place types for Kellerton Grasslands Bird Conservation Area: [museum, tourist_attraction, point_of_interest, establishment]
2026-09-21T11:09:33.266-04:00  INFO 36544 --- [http-nio-8080-exec-1] c.m.m.c.GoogleApiProxyController         : Mapped: Kellerton Grasslands Bird Conservation Area, Rating: 5.0, Reviews: 5, EntityType: museum
2026-09-21T11:09:33.266-04:00  INFO 36544 --- [http-nio-8080-exec-1] c.m.m.c.GoogleApiProxyController         : Place types for Beaconsfield Supply Store (The First Hy-Vee): [historical_landmark, historical_place, point_of_interest, establishment]
2026-09-21T11:09:33.266-04:00  INFO 36544 --- [http-nio-8080-exec-1] c.m.m.c.GoogleApiProxyController         : Mapped: Beaconsfield Supply Store (The First Hy-Vee), Rating: 4.3, Reviews: 13, EntityType: historical_landmark
2026-09-21T11:09:33.266-04:00  INFO 36544 --- [http-nio-8080-exec-1] c.m.m.c.GoogleApiProxyController         : Place types for Ringgold County Clerk of Court: [courthouse, local_government_office, government_office, point_of_interest, service, establishment]
2026-09-21T11:09:33.266-04:00  INFO 36544 --- [http-nio-8080-exec-1] c.m.m.c.GoogleApiProxyController         : Mapped: Ringgold County Clerk of Court, Rating: 4.0, Reviews: 1, EntityType: courthouse
2026-09-21T11:09:33.266-04:00  INFO 36544 --- [http-nio-8080-exec-1] c.m.m.c.GoogleApiProxyController         : Place types for Peggy A Whitson Rock: [tourist_attraction, point_of_interest, establishment]
2026-09-21T11:09:33.266-04:00  INFO 36544 --- [http-nio-8080-exec-1] c.m.m.c.GoogleApiProxyController         : Mapped: Peggy A Whitson Rock, Rating: 5.0, Reviews: 1, EntityType: tourist_attraction
2026-09-21T11:09:33.267-04:00  INFO 36544 --- [http-nio-8080-exec-1] c.m.m.c.GoogleApiProxyController         : Place types for Mount Ayr Depot Museum: [museum, point_of_interest, establishment]
2026-09-21T11:09:33.267-04:00  INFO 36544 --- [http-nio-8080-exec-1] c.m.m.c.GoogleApiProxyController         : Mapped: Mount Ayr Depot Museum, Rating: 4.7, Reviews: 3, EntityType: museum
2026-09-21T11:09:33.267-04:00  INFO 36544 --- [http-nio-8080-exec-1] c.m.m.c.GoogleApiProxyController         : Place types for Caledonia Cemetery: [tourist_attraction, point_of_interest, establishment]
2026-09-21T11:09:33.267-04:00  INFO 36544 --- [http-nio-8080-exec-1] c.m.m.c.GoogleApiProxyController         : Mapped: Caledonia Cemetery, Rating: 0.0, Reviews: 0, EntityType: tourist_attraction
2026-09-21T11:09:33.267-04:00  INFO 36544 --- [http-nio-8080-exec-1] c.m.m.c.GoogleApiProxyController         : Place types for Cornwell Home: [museum, point_of_interest, establishment]
2026-09-21T11:09:33.267-04:00  INFO 36544 --- [http-nio-8080-exec-1] c.m.m.c.GoogleApiProxyController         : Mapped: Cornwell Home, Rating: 0.0, Reviews: 0, EntityType: museum
2026-09-21T11:09:33.267-04:00  INFO 36544 --- [http-nio-8080-exec-1] c.m.m.c.GoogleApiProxyController         : Place types for Pioneer Musuem: [museum, point_of_interest, establishment]
2026-09-21T11:09:33.267-04:00  INFO 36544 --- [http-nio-8080-exec-1] c.m.m.c.GoogleApiProxyController         : Mapped: Pioneer Musuem, Rating: 0.0, Reviews: 0, EntityType: museum
2026-09-21T11:09:33.285-04:00  INFO 36544 --- [http-nio-8080-exec-1] c.m.m.service.PlacesCacheService         : Saved 9 spots to places_cache
2026-09-21T11:09:33.285-04:00  INFO 36544 --- [http-nio-8080-exec-1] c.m.m.c.GoogleApiProxyController         : Backfilled 9 spots to MySQL cache
2026-09-21T11:09:33.288-04:00  INFO 36544 --- [http-nio-8080-exec-1] c.m.m.c.GoogleApiProxyController         : MySQL cache miss — calling Google Places searchText near (40.71071,-94.136642) keyword=trailhead trail access hiking
2026-09-21T11:09:33.627-04:00  INFO 36544 --- [http-nio-8080-exec-1] c.m.m.c.GoogleApiProxyController         : Place types for Heart of Iowa Nature Trail - Main Trailhead: [hiking_area, sports_activity_location, point_of_interest, establishment]
2026-09-21T11:09:33.628-04:00  INFO 36544 --- [http-nio-8080-exec-1] c.m.m.c.GoogleApiProxyController         : Mapped: Heart of Iowa Nature Trail - Main Trailhead, Rating: 4.8, Reviews: 6, EntityType: hiking_area
2026-09-21T11:09:33.630-04:00  INFO 36544 --- [http-nio-8080-exec-1] c.m.m.c.GoogleApiProxyController         : Place types for Cedar Lake Nature Trail East Trailhead: [hiking_area, sports_activity_location, point_of_interest, establishment]
2026-09-21T11:09:33.630-04:00  INFO 36544 --- [http-nio-8080-exec-1] c.m.m.c.GoogleApiProxyController         : Mapped: Cedar Lake Nature Trail East Trailhead, Rating: 4.5, Reviews: 12, EntityType: hiking_area
2026-09-21T11:09:33.630-04:00  INFO 36544 --- [http-nio-8080-exec-1] c.m.m.c.GoogleApiProxyController         : Place types for Line Creek Trailhead: [hiking_area, sports_activity_location, point_of_interest, establishment]
2026-09-21T11:09:33.630-04:00  INFO 36544 --- [http-nio-8080-exec-1] c.m.m.c.GoogleApiProxyController         : Mapped: Line Creek Trailhead, Rating: 4.8, Reviews: 359, EntityType: hiking_area
2026-09-21T11:09:33.631-04:00  INFO 36544 --- [http-nio-8080-exec-1] c.m.m.c.GoogleApiProxyController         : Place types for North Access to Sycamore Trail: [hiking_area, sports_activity_location, point_of_interest, establishment]
2026-09-21T11:09:33.631-04:00  INFO 36544 --- [http-nio-8080-exec-1] c.m.m.c.GoogleApiProxyController         : Mapped: North Access to Sycamore Trail, Rating: 4.5, Reviews: 17, EntityType: hiking_area
2026-09-21T11:09:33.631-04:00  INFO 36544 --- [http-nio-8080-exec-1] c.m.m.c.GoogleApiProxyController         : Place types for Twin Creek Trailhead: [hiking_area, sports_activity_location, point_of_interest, establishment]
2026-09-21T11:09:33.631-04:00  INFO 36544 --- [http-nio-8080-exec-1] c.m.m.c.GoogleApiProxyController         : Mapped: Twin Creek Trailhead, Rating: 4.8, Reviews: 70, EntityType: hiking_area
2026-09-21T11:09:33.631-04:00  INFO 36544 --- [http-nio-8080-exec-1] c.m.m.c.GoogleApiProxyController         : Place types for Trail head: [hiking_area, sports_activity_location, point_of_interest, establishment]
2026-09-21T11:09:33.631-04:00  INFO 36544 --- [http-nio-8080-exec-1] c.m.m.c.GoogleApiProxyController         : Mapped: Trail head, Rating: 5.0, Reviews: 1, EntityType: hiking_area
2026-09-21T11:09:33.631-04:00  INFO 36544 --- [http-nio-8080-exec-1] c.m.m.c.GoogleApiProxyController         : Place types for South Trailhead: [hiking_area, sports_activity_location, point_of_interest, establishment]
2026-09-21T11:09:33.631-04:00  INFO 36544 --- [http-nio-8080-exec-1] c.m.m.c.GoogleApiProxyController         : Mapped: South Trailhead, Rating: 4.0, Reviews: 1, EntityType: hiking_area
2026-09-21T11:09:33.631-04:00  INFO 36544 --- [http-nio-8080-exec-1] c.m.m.c.GoogleApiProxyController         : Place types for Missouri Riverfront Trail Trailhead: [hiking_area, sports_activity_location, point_of_interest, establishment]
2026-09-21T11:09:33.631-04:00  INFO 36544 --- [http-nio-8080-exec-1] c.m.m.c.GoogleApiProxyController         : Mapped: Missouri Riverfront Trail Trailhead, Rating: 4.7, Reviews: 90, EntityType: hiking_area
2026-09-21T11:09:33.631-04:00  INFO 36544 --- [http-nio-8080-exec-1] c.m.m.c.GoogleApiProxyController         : Place types for Happy Rock Trail Trailhead Parking Lot: [hiking_area, sports_activity_location, point_of_interest, establishment]
2026-09-21T11:09:33.631-04:00  INFO 36544 --- [http-nio-8080-exec-1] c.m.m.c.GoogleApiProxyController         : Mapped: Happy Rock Trail Trailhead Parking Lot, Rating: 4.7, Reviews: 67, EntityType: hiking_area
2026-09-21T11:09:33.631-04:00  INFO 36544 --- [http-nio-8080-exec-1] c.m.m.c.GoogleApiProxyController         : Place types for Great Western Trail Head: [hiking_area, sports_activity_location, point_of_interest, establishment]
2026-09-21T11:09:33.631-04:00  INFO 36544 --- [http-nio-8080-exec-1] c.m.m.c.GoogleApiProxyController         : Mapped: Great Western Trail Head, Rating: 4.7, Reviews: 31, EntityType: hiking_area
2026-09-21T11:09:33.631-04:00  INFO 36544 --- [http-nio-8080-exec-1] c.m.m.c.GoogleApiProxyController         : Place types for Mopac Trail (Trailhead): [hiking_area, sports_activity_location, point_of_interest, establishment]
2026-09-21T11:09:33.631-04:00  INFO 36544 --- [http-nio-8080-exec-1] c.m.m.c.GoogleApiProxyController         : Mapped: Mopac Trail (Trailhead), Rating: 4.7, Reviews: 32, EntityType: hiking_area
2026-09-21T11:09:33.631-04:00  INFO 36544 --- [http-nio-8080-exec-1] c.m.m.c.GoogleApiProxyController         : Place types for Lost Lake Trail Head: [hiking_area, sports_activity_location, point_of_interest, establishment]
2026-09-21T11:09:33.631-04:00  INFO 36544 --- [http-nio-8080-exec-1] c.m.m.c.GoogleApiProxyController         : Mapped: Lost Lake Trail Head, Rating: 4.6, Reviews: 14, EntityType: hiking_area
2026-09-21T11:09:33.631-04:00  INFO 36544 --- [http-nio-8080-exec-1] c.m.m.c.GoogleApiProxyController         : Place types for Trails at Hodge Park: [hiking_area, sports_activity_location, point_of_interest, establishment]
2026-09-21T11:09:33.631-04:00  INFO 36544 --- [http-nio-8080-exec-1] c.m.m.c.GoogleApiProxyController         : Mapped: Trails at Hodge Park, Rating: 4.6, Reviews: 19, EntityType: hiking_area
2026-09-21T11:09:33.631-04:00  INFO 36544 --- [http-nio-8080-exec-1] c.m.m.c.GoogleApiProxyController         : Place types for Paved Trailhead: [hiking_area, sports_activity_location, point_of_interest, establishment]
2026-09-21T11:09:33.631-04:00  INFO 36544 --- [http-nio-8080-exec-1] c.m.m.c.GoogleApiProxyController         : Mapped: Paved Trailhead, Rating: 4.9, Reviews: 60, EntityType: hiking_area
2026-09-21T11:09:33.631-04:00  INFO 36544 --- [http-nio-8080-exec-1] c.m.m.c.GoogleApiProxyController         : Place types for Blue River Parkway Trails - Blue Ridge Blvd Trail Head: [hiking_area, sports_activity_location, point_of_interest, establishment]
2026-09-21T11:09:33.631-04:00  INFO 36544 --- [http-nio-8080-exec-1] c.m.m.c.GoogleApiProxyController         : Mapped: Blue River Parkway Trails - Blue Ridge Blvd Trail Head, Rating: 4.7, Reviews: 94, EntityType: hiking_area
2026-09-21T11:09:33.632-04:00  INFO 36544 --- [http-nio-8080-exec-1] c.m.m.c.GoogleApiProxyController         : Place types for West Papio Trail Giles Avenue Trailhead: [hiking_area, sports_activity_location, point_of_interest, establishment]
2026-09-21T11:09:33.632-04:00  INFO 36544 --- [http-nio-8080-exec-1] c.m.m.c.GoogleApiProxyController         : Mapped: West Papio Trail Giles Avenue Trailhead, Rating: 4.8, Reviews: 46, EntityType: hiking_area
2026-09-21T11:09:33.632-04:00  INFO 36544 --- [http-nio-8080-exec-1] c.m.m.c.GoogleApiProxyController         : Place types for Locust Creek Boardwalk Trailhead: [hiking_area, sports_activity_location, point_of_interest, establishment]
2026-09-21T11:09:33.632-04:00  INFO 36544 --- [http-nio-8080-exec-1] c.m.m.c.GoogleApiProxyController         : Mapped: Locust Creek Boardwalk Trailhead, Rating: 4.8, Reviews: 12, EntityType: hiking_area
2026-09-21T11:09:33.632-04:00  INFO 36544 --- [http-nio-8080-exec-1] c.m.m.c.GoogleApiProxyController         : Place types for Wabash Trace Depot Trailhead, Shenandoah, IA: [hiking_area, sports_activity_location, point_of_interest, establishment]
2026-09-21T11:09:33.632-04:00  INFO 36544 --- [http-nio-8080-exec-1] c.m.m.c.GoogleApiProxyController         : Mapped: Wabash Trace Depot Trailhead, Shenandoah, IA, Rating: 4.8, Reviews: 5, EntityType: hiking_area
2026-09-21T11:09:33.632-04:00  INFO 36544 --- [http-nio-8080-exec-1] c.m.m.c.GoogleApiProxyController         : Place types for Blue River Parkway Trailhead in Minor Park: [hiking_area, sports_activity_location, point_of_interest, establishment]
2026-09-21T11:09:33.632-04:00  INFO 36544 --- [http-nio-8080-exec-1] c.m.m.c.GoogleApiProxyController         : Mapped: Blue River Parkway Trailhead in Minor Park, Rating: 4.7, Reviews: 146, EntityType: hiking_area
2026-09-21T11:09:33.632-04:00  INFO 36544 --- [http-nio-8080-exec-1] c.m.m.c.GoogleApiProxyController         : Place types for Rock Island Rail Trailhead: [hiking_area, sports_activity_location, point_of_interest, establishment]
2026-09-21T11:09:33.632-04:00  INFO 36544 --- [http-nio-8080-exec-1] c.m.m.c.GoogleApiProxyController         : Mapped: Rock Island Rail Trailhead, Rating: 4.8, Reviews: 237, EntityType: hiking_area
2026-09-21T11:09:33.657-04:00  INFO 36544 --- [http-nio-8080-exec-1] c.m.m.service.PlacesCacheService         : Saved 20 spots to places_cache
2026-09-21T11:09:33.657-04:00  INFO 36544 --- [http-nio-8080-exec-1] c.m.m.c.GoogleApiProxyController         : Backfilled 20 keyword spots to MySQL cache
2026-09-21T11:09:33.658-04:00  INFO 36544 --- [http-nio-8080-exec-1] c.m.m.c.GoogleApiProxyController         : MySQL cache miss — calling Google Places API near (40.844746,-94.47166)
2026-09-21T11:09:33.932-04:00  INFO 36544 --- [http-nio-8080-exec-1] c.m.m.c.GoogleApiProxyController         : Place types for Ringgold County Freedom Rock- Diagonal, Iowa: [tourist_attraction, point_of_interest, establishment]
2026-09-21T11:09:33.932-04:00  INFO 36544 --- [http-nio-8080-exec-1] c.m.m.c.GoogleApiProxyController         : Mapped: Ringgold County Freedom Rock- Diagonal, Iowa, Rating: 4.8, Reviews: 21, EntityType: tourist_attraction
2026-09-21T11:09:33.932-04:00  INFO 36544 --- [http-nio-8080-exec-1] c.m.m.c.GoogleApiProxyController         : Place types for Mapleleaf Pathway: [park, tourist_attraction, point_of_interest, establishment]
2026-09-21T11:09:33.932-04:00  INFO 36544 --- [http-nio-8080-exec-1] c.m.m.c.GoogleApiProxyController         : Mapped: Mapleleaf Pathway, Rating: 5.0, Reviews: 2, EntityType: tourist_attraction
2026-09-21T11:09:33.932-04:00  INFO 36544 --- [http-nio-8080-exec-1] c.m.m.c.GoogleApiProxyController         : Place types for Diagonal Printing Museum: [museum, tourist_attraction, point_of_interest, establishment]
2026-09-21T11:09:33.932-04:00  INFO 36544 --- [http-nio-8080-exec-1] c.m.m.c.GoogleApiProxyController         : Mapped: Diagonal Printing Museum, Rating: 4.6, Reviews: 8, EntityType: museum
2026-09-21T11:09:33.933-04:00  INFO 36544 --- [http-nio-8080-exec-1] c.m.m.c.GoogleApiProxyController         : Place types for Clearfield Historical Museum: [museum, point_of_interest, establishment]
2026-09-21T11:09:33.933-04:00  INFO 36544 --- [http-nio-8080-exec-1] c.m.m.c.GoogleApiProxyController         : Mapped: Clearfield Historical Museum, Rating: 0.0, Reviews: 0, EntityType: museum
2026-09-21T11:09:33.933-04:00  INFO 36544 --- [http-nio-8080-exec-1] c.m.m.c.GoogleApiProxyController         : Place types for Big Dreams Mural: [tourist_attraction, point_of_interest, establishment]
2026-09-21T11:09:33.933-04:00  INFO 36544 --- [http-nio-8080-exec-1] c.m.m.c.GoogleApiProxyController         : Mapped: Big Dreams Mural, Rating: 5.0, Reviews: 1, EntityType: tourist_attraction
2026-09-21T11:09:33.933-04:00  INFO 36544 --- [http-nio-8080-exec-1] c.m.m.c.GoogleApiProxyController         : Place types for Netkoja Fishing Cabin: [historical_landmark, historical_place, point_of_interest, establishment]
2026-09-21T11:09:33.933-04:00  INFO 36544 --- [http-nio-8080-exec-1] c.m.m.c.GoogleApiProxyController         : Mapped: Netkoja Fishing Cabin, Rating: 5.0, Reviews: 3, EntityType: historical_landmark
2026-09-21T11:09:33.944-04:00  INFO 36544 --- [http-nio-8080-exec-1] c.m.m.service.PlacesCacheService         : Saved 6 spots to places_cache
2026-09-21T11:09:33.944-04:00  INFO 36544 --- [http-nio-8080-exec-1] c.m.m.c.GoogleApiProxyController         : Backfilled 6 spots to MySQL cache
2026-09-21T11:09:33.948-04:00  INFO 36544 --- [http-nio-8080-exec-1] c.m.m.c.GoogleApiProxyController         : MySQL cache miss — calling Google Places searchText near (40.844746,-94.47166) keyword=trailhead trail access hiking
2026-09-21T11:09:34.284-04:00  INFO 36544 --- [http-nio-8080-exec-1] c.m.m.c.GoogleApiProxyController         : Place types for Cedar Lake Nature Trail East Trailhead: [hiking_area, sports_activity_location, point_of_interest, establishment]
2026-09-21T11:09:34.284-04:00  INFO 36544 --- [http-nio-8080-exec-1] c.m.m.c.GoogleApiProxyController         : Mapped: Cedar Lake Nature Trail East Trailhead, Rating: 4.5, Reviews: 12, EntityType: hiking_area
2026-09-21T11:09:34.284-04:00  INFO 36544 --- [http-nio-8080-exec-1] c.m.m.c.GoogleApiProxyController         : Place types for South Trailhead: [hiking_area, sports_activity_location, point_of_interest, establishment]
2026-09-21T11:09:34.284-04:00  INFO 36544 --- [http-nio-8080-exec-1] c.m.m.c.GoogleApiProxyController         : Mapped: South Trailhead, Rating: 4.0, Reviews: 1, EntityType: hiking_area
2026-09-21T11:09:34.284-04:00  INFO 36544 --- [http-nio-8080-exec-1] c.m.m.c.GoogleApiProxyController         : Place types for Heart of Iowa Nature Trail - Main Trailhead: [hiking_area, sports_activity_location, point_of_interest, establishment]
2026-09-21T11:09:34.284-04:00  INFO 36544 --- [http-nio-8080-exec-1] c.m.m.c.GoogleApiProxyController         : Mapped: Heart of Iowa Nature Trail - Main Trailhead, Rating: 4.8, Reviews: 6, EntityType: hiking_area
2026-09-21T11:09:34.284-04:00  INFO 36544 --- [http-nio-8080-exec-1] c.m.m.c.GoogleApiProxyController         : Place types for Twin Creek Trailhead: [hiking_area, sports_activity_location, point_of_interest, establishment]
2026-09-21T11:09:34.284-04:00  INFO 36544 --- [http-nio-8080-exec-1] c.m.m.c.GoogleApiProxyController         : Mapped: Twin Creek Trailhead, Rating: 4.8, Reviews: 70, EntityType: hiking_area
2026-09-21T11:09:34.284-04:00  INFO 36544 --- [http-nio-8080-exec-1] c.m.m.c.GoogleApiProxyController         : Place types for Trail head: [hiking_area, sports_activity_location, point_of_interest, establishment]
2026-09-21T11:09:34.285-04:00  INFO 36544 --- [http-nio-8080-exec-1] c.m.m.c.GoogleApiProxyController         : Mapped: Trail head, Rating: 5.0, Reviews: 1, EntityType: hiking_area
2026-09-21T11:09:34.285-04:00  INFO 36544 --- [http-nio-8080-exec-1] c.m.m.c.GoogleApiProxyController         : Place types for North Access to Sycamore Trail: [hiking_area, sports_activity_location, point_of_interest, establishment]
2026-09-21T11:09:34.285-04:00  INFO 36544 --- [http-nio-8080-exec-1] c.m.m.c.GoogleApiProxyController         : Mapped: North Access to Sycamore Trail, Rating: 4.5, Reviews: 17, EntityType: hiking_area
2026-09-21T11:09:34.285-04:00  INFO 36544 --- [http-nio-8080-exec-1] c.m.m.c.GoogleApiProxyController         : Place types for Mopac Trail (Trailhead): [hiking_area, sports_activity_location, point_of_interest, establishment]
2026-09-21T11:09:34.285-04:00  INFO 36544 --- [http-nio-8080-exec-1] c.m.m.c.GoogleApiProxyController         : Mapped: Mopac Trail (Trailhead), Rating: 4.7, Reviews: 32, EntityType: hiking_area
2026-09-21T11:09:34.285-04:00  INFO 36544 --- [http-nio-8080-exec-1] c.m.m.c.GoogleApiProxyController         : Place types for Lost Lake Trail Head: [hiking_area, sports_activity_location, point_of_interest, establishment]
2026-09-21T11:09:34.285-04:00  INFO 36544 --- [http-nio-8080-exec-1] c.m.m.c.GoogleApiProxyController         : Mapped: Lost Lake Trail Head, Rating: 4.6, Reviews: 14, EntityType: hiking_area
2026-09-21T11:09:34.285-04:00  INFO 36544 --- [http-nio-8080-exec-1] c.m.m.c.GoogleApiProxyController         : Place types for Great Western Trail Head: [hiking_area, sports_activity_location, point_of_interest, establishment]
2026-09-21T11:09:34.285-04:00  INFO 36544 --- [http-nio-8080-exec-1] c.m.m.c.GoogleApiProxyController         : Mapped: Great Western Trail Head, Rating: 4.7, Reviews: 31, EntityType: hiking_area
2026-09-21T11:09:34.285-04:00  INFO 36544 --- [http-nio-8080-exec-1] c.m.m.c.GoogleApiProxyController         : Place types for Happy Rock Trail Trailhead Parking Lot: [hiking_area, sports_activity_location, point_of_interest, establishment]
2026-09-21T11:09:34.285-04:00  INFO 36544 --- [http-nio-8080-exec-1] c.m.m.c.GoogleApiProxyController         : Mapped: Happy Rock Trail Trailhead Parking Lot, Rating: 4.7, Reviews: 67, EntityType: hiking_area
2026-09-21T11:09:34.285-04:00  INFO 36544 --- [http-nio-8080-exec-1] c.m.m.c.GoogleApiProxyController         : Place types for West Papio Trail Giles Avenue Trailhead: [hiking_area, sports_activity_location, point_of_interest, establishment]
2026-09-21T11:09:34.285-04:00  INFO 36544 --- [http-nio-8080-exec-1] c.m.m.c.GoogleApiProxyController         : Mapped: West Papio Trail Giles Avenue Trailhead, Rating: 4.8, Reviews: 46, EntityType: hiking_area
2026-09-21T11:09:34.285-04:00  INFO 36544 --- [http-nio-8080-exec-1] c.m.m.c.GoogleApiProxyController         : Place types for Wabash Trace Depot Trailhead, Shenandoah, IA: [hiking_area, sports_activity_location, point_of_interest, establishment]
2026-09-21T11:09:34.285-04:00  INFO 36544 --- [http-nio-8080-exec-1] c.m.m.c.GoogleApiProxyController         : Mapped: Wabash Trace Depot Trailhead, Shenandoah, IA, Rating: 4.8, Reviews: 5, EntityType: hiking_area
2026-09-21T11:09:34.285-04:00  INFO 36544 --- [http-nio-8080-exec-1] c.m.m.c.GoogleApiProxyController         : Place types for Trails at Hodge Park: [hiking_area, sports_activity_location, point_of_interest, establishment]
2026-09-21T11:09:34.285-04:00  INFO 36544 --- [http-nio-8080-exec-1] c.m.m.c.GoogleApiProxyController         : Mapped: Trails at Hodge Park, Rating: 4.6, Reviews: 19, EntityType: hiking_area
2026-09-21T11:09:34.285-04:00  INFO 36544 --- [http-nio-8080-exec-1] c.m.m.c.GoogleApiProxyController         : Place types for Paved Trailhead: [hiking_area, sports_activity_location, point_of_interest, establishment]
2026-09-21T11:09:34.285-04:00  INFO 36544 --- [http-nio-8080-exec-1] c.m.m.c.GoogleApiProxyController         : Mapped: Paved Trailhead, Rating: 4.9, Reviews: 60, EntityType: hiking_area
2026-09-21T11:09:34.285-04:00  INFO 36544 --- [http-nio-8080-exec-1] c.m.m.c.GoogleApiProxyController         : Place types for Racoon River Valley Trailhead: [hiking_area, sports_activity_location, point_of_interest, establishment]
2026-09-21T11:09:34.285-04:00  INFO 36544 --- [http-nio-8080-exec-1] c.m.m.c.GoogleApiProxyController         : Mapped: Racoon River Valley Trailhead, Rating: 5.0, Reviews: 3, EntityType: hiking_area
2026-09-21T11:09:34.285-04:00  INFO 36544 --- [http-nio-8080-exec-1] c.m.m.c.GoogleApiProxyController         : Place types for Watkins Mill Lake Loop Trail: [hiking_area, sports_activity_location, point_of_interest, establishment]
2026-09-21T11:09:34.285-04:00  INFO 36544 --- [http-nio-8080-exec-1] c.m.m.c.GoogleApiProxyController         : Mapped: Watkins Mill Lake Loop Trail, Rating: 4.7, Reviews: 7, EntityType: hiking_area
2026-09-21T11:09:34.285-04:00  INFO 36544 --- [http-nio-8080-exec-1] c.m.m.c.GoogleApiProxyController         : Place types for Locust Creek Boardwalk Trailhead: [hiking_area, sports_activity_location, point_of_interest, establishment]
2026-09-21T11:09:34.286-04:00  INFO 36544 --- [http-nio-8080-exec-1] c.m.m.c.GoogleApiProxyController         : Mapped: Locust Creek Boardwalk Trailhead, Rating: 4.8, Reviews: 12, EntityType: hiking_area
2026-09-21T11:09:34.286-04:00  INFO 36544 --- [http-nio-8080-exec-1] c.m.m.c.GoogleApiProxyController         : Place types for Eagle's View Trailhead: [hiking_area, sports_activity_location, point_of_interest, establishment]
2026-09-21T11:09:34.286-04:00  INFO 36544 --- [http-nio-8080-exec-1] c.m.m.c.GoogleApiProxyController         : Mapped: Eagle's View Trailhead, Rating: 4.7, Reviews: 79, EntityType: hiking_area
2026-09-21T11:09:34.286-04:00  INFO 36544 --- [http-nio-8080-exec-1] c.m.m.c.GoogleApiProxyController         : Place types for Fallen Rock State Preserve Trailhead 0.6 miles: [hiking_area, sports_activity_location, point_of_interest, establishment]
2026-09-21T11:09:34.286-04:00  INFO 36544 --- [http-nio-8080-exec-1] c.m.m.c.GoogleApiProxyController         : Mapped: Fallen Rock State Preserve Trailhead 0.6 miles, Rating: 4.3, Reviews: 4, EntityType: hiking_area
2026-09-21T11:09:34.286-04:00  INFO 36544 --- [http-nio-8080-exec-1] c.m.m.c.GoogleApiProxyController         : Place types for Munn Woods Trail Access - Hickory: [hiking_area, sports_activity_location, point_of_interest, establishment]
2026-09-21T11:09:34.286-04:00  INFO 36544 --- [http-nio-8080-exec-1] c.m.m.c.GoogleApiProxyController         : Mapped: Munn Woods Trail Access - Hickory, Rating: 4.6, Reviews: 14, EntityType: hiking_area
2026-09-21T11:09:34.317-04:00  INFO 36544 --- [http-nio-8080-exec-1] c.m.m.service.PlacesCacheService         : Saved 20 spots to places_cache
2026-09-21T11:09:34.317-04:00  INFO 36544 --- [http-nio-8080-exec-1] c.m.m.c.GoogleApiProxyController         : Backfilled 20 keyword spots to MySQL cache
2026-09-21T11:09:34.324-04:00  INFO 36544 --- [http-nio-8080-exec-1] c.m.m.c.GoogleApiProxyController         : MySQL cache miss — calling Google Places API near (40.980063,-94.799383)
2026-09-21T11:09:34.642-04:00  INFO 36544 --- [http-nio-8080-exec-1] c.m.m.c.GoogleApiProxyController         : Place types for Johnny Carson Birthplace Society: [tourist_attraction, museum, historical_place, point_of_interest, establishment]
2026-09-21T11:09:34.643-04:00  INFO 36544 --- [http-nio-8080-exec-1] c.m.m.c.GoogleApiProxyController         : Mapped: Johnny Carson Birthplace Society, Rating: 4.4, Reviews: 25, EntityType: museum
2026-09-21T11:09:34.643-04:00  INFO 36544 --- [http-nio-8080-exec-1] c.m.m.c.GoogleApiProxyController         : Place types for Adams County Courthouse: [courthouse, government_office, service, point_of_interest, establishment]
2026-09-21T11:09:34.643-04:00  INFO 36544 --- [http-nio-8080-exec-1] c.m.m.c.GoogleApiProxyController         : Mapped: Adams County Courthouse, Rating: 2.9, Reviews: 8, EntityType: courthouse
2026-09-21T11:09:34.643-04:00  INFO 36544 --- [http-nio-8080-exec-1] c.m.m.c.GoogleApiProxyController         : Place types for Hacklebarney Woods County Park: [park, tourist_attraction, point_of_interest, establishment]
2026-09-21T11:09:34.643-04:00  INFO 36544 --- [http-nio-8080-exec-1] c.m.m.c.GoogleApiProxyController         : Mapped: Hacklebarney Woods County Park, Rating: 4.5, Reviews: 109, EntityType: tourist_attraction
2026-09-21T11:09:34.643-04:00  INFO 36544 --- [http-nio-8080-exec-1] c.m.m.c.GoogleApiProxyController         : Place types for French Icarian Village: [history_museum, museum, point_of_interest, establishment]
2026-09-21T11:09:34.643-04:00  INFO 36544 --- [http-nio-8080-exec-1] c.m.m.c.GoogleApiProxyController         : Mapped: French Icarian Village, Rating: 3.5, Reviews: 2, EntityType: history_museum
2026-09-21T11:09:34.643-04:00  INFO 36544 --- [http-nio-8080-exec-1] c.m.m.c.GoogleApiProxyController         : Place types for Adams County House of History: [tourist_attraction, point_of_interest, establishment]
2026-09-21T11:09:34.643-04:00  INFO 36544 --- [http-nio-8080-exec-1] c.m.m.c.GoogleApiProxyController         : Mapped: Adams County House of History, Rating: 3.5, Reviews: 4, EntityType: tourist_attraction
2026-09-21T11:09:34.643-04:00  INFO 36544 --- [http-nio-8080-exec-1] c.m.m.c.GoogleApiProxyController         : Place types for Icarian Colony Historic Marker: [historical_landmark, historical_place, point_of_interest, establishment]
2026-09-21T11:09:34.643-04:00  INFO 36544 --- [http-nio-8080-exec-1] c.m.m.c.GoogleApiProxyController         : Mapped: Icarian Colony Historic Marker, Rating: 4.2, Reviews: 5, EntityType: historical_landmark
2026-09-21T11:09:34.643-04:00  INFO 36544 --- [http-nio-8080-exec-1] c.m.m.c.GoogleApiProxyController         : Place types for French Icarian Colony Foundation: [museum, tourist_attraction, point_of_interest, establishment]
2026-09-21T11:09:34.643-04:00  INFO 36544 --- [http-nio-8080-exec-1] c.m.m.c.GoogleApiProxyController         : Mapped: French Icarian Colony Foundation, Rating: 0.0, Reviews: 0, EntityType: museum
2026-09-21T11:09:34.658-04:00  INFO 36544 --- [http-nio-8080-exec-1] c.m.m.service.PlacesCacheService         : Saved 7 spots to places_cache
2026-09-21T11:09:34.659-04:00  INFO 36544 --- [http-nio-8080-exec-1] c.m.m.c.GoogleApiProxyController         : Backfilled 7 spots to MySQL cache
2026-09-21T11:09:34.662-04:00  INFO 36544 --- [http-nio-8080-exec-1] c.m.m.c.GoogleApiProxyController         : MySQL cache miss — calling Google Places searchText near (40.980063,-94.799383) keyword=trailhead trail access hiking
2026-09-21T11:09:35.071-04:00  INFO 36544 --- [http-nio-8080-exec-1] c.m.m.c.GoogleApiProxyController         : Place types for Cedar Lake Nature Trail East Trailhead: [hiking_area, sports_activity_location, point_of_interest, establishment]
2026-09-21T11:09:35.071-04:00  INFO 36544 --- [http-nio-8080-exec-1] c.m.m.c.GoogleApiProxyController         : Mapped: Cedar Lake Nature Trail East Trailhead, Rating: 4.5, Reviews: 12, EntityType: hiking_area
2026-09-21T11:09:35.071-04:00  INFO 36544 --- [http-nio-8080-exec-1] c.m.m.c.GoogleApiProxyController         : Place types for Twin Creek Trailhead: [hiking_area, sports_activity_location, point_of_interest, establishment]
2026-09-21T11:09:35.071-04:00  INFO 36544 --- [http-nio-8080-exec-1] c.m.m.c.GoogleApiProxyController         : Mapped: Twin Creek Trailhead, Rating: 4.8, Reviews: 70, EntityType: hiking_area
2026-09-21T11:09:35.071-04:00  INFO 36544 --- [http-nio-8080-exec-1] c.m.m.c.GoogleApiProxyController         : Place types for Heart of Iowa Nature Trail - Main Trailhead: [hiking_area, sports_activity_location, point_of_interest, establishment]
2026-09-21T11:09:35.071-04:00  INFO 36544 --- [http-nio-8080-exec-1] c.m.m.c.GoogleApiProxyController         : Mapped: Heart of Iowa Nature Trail - Main Trailhead, Rating: 4.8, Reviews: 6, EntityType: hiking_area
2026-09-21T11:09:35.071-04:00  INFO 36544 --- [http-nio-8080-exec-1] c.m.m.c.GoogleApiProxyController         : Place types for South Trailhead: [hiking_area, sports_activity_location, point_of_interest, establishment]
2026-09-21T11:09:35.071-04:00  INFO 36544 --- [http-nio-8080-exec-1] c.m.m.c.GoogleApiProxyController         : Mapped: South Trailhead, Rating: 4.0, Reviews: 1, EntityType: hiking_area
2026-09-21T11:09:35.071-04:00  INFO 36544 --- [http-nio-8080-exec-1] c.m.m.c.GoogleApiProxyController         : Place types for Mopac Trail (Trailhead): [hiking_area, sports_activity_location, point_of_interest, establishment]
2026-09-21T11:09:35.071-04:00  INFO 36544 --- [http-nio-8080-exec-1] c.m.m.c.GoogleApiProxyController         : Mapped: Mopac Trail (Trailhead), Rating: 4.7, Reviews: 32, EntityType: hiking_area
2026-09-21T11:09:35.071-04:00  INFO 36544 --- [http-nio-8080-exec-1] c.m.m.c.GoogleApiProxyController         : Place types for Trail head: [hiking_area, sports_activity_location, point_of_interest, establishment]
2026-09-21T11:09:35.071-04:00  INFO 36544 --- [http-nio-8080-exec-1] c.m.m.c.GoogleApiProxyController         : Mapped: Trail head, Rating: 5.0, Reviews: 1, EntityType: hiking_area
2026-09-21T11:09:35.071-04:00  INFO 36544 --- [http-nio-8080-exec-1] c.m.m.c.GoogleApiProxyController         : Place types for North Access to Sycamore Trail: [hiking_area, sports_activity_location, point_of_interest, establishment]
2026-09-21T11:09:35.072-04:00  INFO 36544 --- [http-nio-8080-exec-1] c.m.m.c.GoogleApiProxyController         : Mapped: North Access to Sycamore Trail, Rating: 4.5, Reviews: 17, EntityType: hiking_area
2026-09-21T11:09:35.072-04:00  INFO 36544 --- [http-nio-8080-exec-1] c.m.m.c.GoogleApiProxyController         : Place types for Wabash Trace Depot Trailhead, Shenandoah, IA: [hiking_area, sports_activity_location, point_of_interest, establishment]
2026-09-21T11:09:35.072-04:00  INFO 36544 --- [http-nio-8080-exec-1] c.m.m.c.GoogleApiProxyController         : Mapped: Wabash Trace Depot Trailhead, Shenandoah, IA, Rating: 4.8, Reviews: 5, EntityType: hiking_area
2026-09-21T11:09:35.072-04:00  INFO 36544 --- [http-nio-8080-exec-1] c.m.m.c.GoogleApiProxyController         : Place types for West Papio Trail Giles Avenue Trailhead: [hiking_area, sports_activity_location, point_of_interest, establishment]
2026-09-21T11:09:35.072-04:00  INFO 36544 --- [http-nio-8080-exec-1] c.m.m.c.GoogleApiProxyController         : Mapped: West Papio Trail Giles Avenue Trailhead, Rating: 4.8, Reviews: 46, EntityType: hiking_area
2026-09-21T11:09:35.072-04:00  INFO 36544 --- [http-nio-8080-exec-1] c.m.m.c.GoogleApiProxyController         : Place types for Line Creek Trailhead: [hiking_area, sports_activity_location, point_of_interest, establishment]
2026-09-21T11:09:35.072-04:00  INFO 36544 --- [http-nio-8080-exec-1] c.m.m.c.GoogleApiProxyController         : Mapped: Line Creek Trailhead, Rating: 4.8, Reviews: 359, EntityType: hiking_area
2026-09-21T11:09:35.072-04:00  INFO 36544 --- [http-nio-8080-exec-1] c.m.m.c.GoogleApiProxyController         : Place types for Lost Lake Trail Head: [hiking_area, sports_activity_location, point_of_interest, establishment]
2026-09-21T11:09:35.072-04:00  INFO 36544 --- [http-nio-8080-exec-1] c.m.m.c.GoogleApiProxyController         : Mapped: Lost Lake Trail Head, Rating: 4.6, Reviews: 14, EntityType: hiking_area
2026-09-21T11:09:35.072-04:00  INFO 36544 --- [http-nio-8080-exec-1] c.m.m.c.GoogleApiProxyController         : Place types for Great Western Trail Head: [hiking_area, sports_activity_location, point_of_interest, establishment]
2026-09-21T11:09:35.072-04:00  INFO 36544 --- [http-nio-8080-exec-1] c.m.m.c.GoogleApiProxyController         : Mapped: Great Western Trail Head, Rating: 4.7, Reviews: 31, EntityType: hiking_area
2026-09-21T11:09:35.072-04:00  INFO 36544 --- [http-nio-8080-exec-1] c.m.m.c.GoogleApiProxyController         : Place types for Missouri Riverfront Trail Trailhead: [hiking_area, sports_activity_location, point_of_interest, establishment]
2026-09-21T11:09:35.072-04:00  INFO 36544 --- [http-nio-8080-exec-1] c.m.m.c.GoogleApiProxyController         : Mapped: Missouri Riverfront Trail Trailhead, Rating: 4.7, Reviews: 90, EntityType: hiking_area
2026-09-21T11:09:35.072-04:00  INFO 36544 --- [http-nio-8080-exec-1] c.m.m.c.GoogleApiProxyController         : Place types for Happy Rock Trail Trailhead Parking Lot: [hiking_area, sports_activity_location, point_of_interest, establishment]
2026-09-21T11:09:35.072-04:00  INFO 36544 --- [http-nio-8080-exec-1] c.m.m.c.GoogleApiProxyController         : Mapped: Happy Rock Trail Trailhead Parking Lot, Rating: 4.7, Reviews: 67, EntityType: hiking_area
2026-09-21T11:09:35.072-04:00  INFO 36544 --- [http-nio-8080-exec-1] c.m.m.c.GoogleApiProxyController         : Place types for Trails at Hodge Park: [hiking_area, sports_activity_location, point_of_interest, establishment]
2026-09-21T11:09:35.072-04:00  INFO 36544 --- [http-nio-8080-exec-1] c.m.m.c.GoogleApiProxyController         : Mapped: Trails at Hodge Park, Rating: 4.6, Reviews: 19, EntityType: hiking_area
2026-09-21T11:09:35.072-04:00  INFO 36544 --- [http-nio-8080-exec-1] c.m.m.c.GoogleApiProxyController         : Place types for Paved Trailhead: [hiking_area, sports_activity_location, point_of_interest, establishment]
2026-09-21T11:09:35.072-04:00  INFO 36544 --- [http-nio-8080-exec-1] c.m.m.c.GoogleApiProxyController         : Mapped: Paved Trailhead, Rating: 4.9, Reviews: 60, EntityType: hiking_area
2026-09-21T11:09:35.072-04:00  INFO 36544 --- [http-nio-8080-exec-1] c.m.m.c.GoogleApiProxyController         : Place types for Blue River Parkway Trails - Blue Ridge Blvd Trail Head: [hiking_area, sports_activity_location, point_of_interest, establishment]
2026-09-21T11:09:35.072-04:00  INFO 36544 --- [http-nio-8080-exec-1] c.m.m.c.GoogleApiProxyController         : Mapped: Blue River Parkway Trails - Blue Ridge Blvd Trail Head, Rating: 4.7, Reviews: 94, EntityType: hiking_area
2026-09-21T11:09:35.072-04:00  INFO 36544 --- [http-nio-8080-exec-1] c.m.m.c.GoogleApiProxyController         : Place types for GSK Consumer Health Inc Trailhead: [hiking_area, rest_stop, sports_activity_location, point_of_interest, establishment]
2026-09-21T11:09:35.072-04:00  INFO 36544 --- [http-nio-8080-exec-1] c.m.m.c.GoogleApiProxyController         : Mapped: GSK Consumer Health Inc Trailhead, Rating: 4.7, Reviews: 99, EntityType: hiking_area
2026-09-21T11:09:35.072-04:00  INFO 36544 --- [http-nio-8080-exec-1] c.m.m.c.GoogleApiProxyController         : Place types for Racoon River Valley Trailhead: [hiking_area, sports_activity_location, point_of_interest, establishment]
2026-09-21T11:09:35.073-04:00  INFO 36544 --- [http-nio-8080-exec-1] c.m.m.c.GoogleApiProxyController         : Mapped: Racoon River Valley Trailhead, Rating: 5.0, Reviews: 3, EntityType: hiking_area
2026-09-21T11:09:35.073-04:00  INFO 36544 --- [http-nio-8080-exec-1] c.m.m.c.GoogleApiProxyController         : Place types for Blue River Parkway Trailhead in Minor Park: [hiking_area, sports_activity_location, point_of_interest, establishment]
2026-09-21T11:09:35.073-04:00  INFO 36544 --- [http-nio-8080-exec-1] c.m.m.c.GoogleApiProxyController         : Mapped: Blue River Parkway Trailhead in Minor Park, Rating: 4.7, Reviews: 146, EntityType: hiking_area
2026-09-21T11:09:35.102-04:00  INFO 36544 --- [http-nio-8080-exec-1] c.m.m.service.PlacesCacheService         : Saved 20 spots to places_cache
2026-09-21T11:09:35.102-04:00  INFO 36544 --- [http-nio-8080-exec-1] c.m.m.c.GoogleApiProxyController         : Backfilled 20 keyword spots to MySQL cache
2026-09-21T11:09:35.105-04:00  INFO 36544 --- [http-nio-8080-exec-1] c.m.m.service.RouteBeautifierService     : Qualified spot: Hacklebarney Woods County Park at 40.9855752,-94.97545430000001 distFromStart=1481.1km source=NB
2026-09-21T11:09:35.107-04:00  INFO 36544 --- [http-nio-8080-exec-1] c.m.m.c.GoogleApiProxyController         : MySQL cache miss — calling Google Places API near (41.04544,-95.403698)
2026-09-21T11:09:35.420-04:00  INFO 36544 --- [http-nio-8080-exec-1] c.m.m.c.GoogleApiProxyController         : Place types for Baird's Christmas Lights: [tourist_attraction, point_of_interest, establishment]
2026-09-21T11:09:35.420-04:00  INFO 36544 --- [http-nio-8080-exec-1] c.m.m.c.GoogleApiProxyController         : Mapped: Baird's Christmas Lights, Rating: 5.0, Reviews: 23, EntityType: tourist_attraction
2026-09-21T11:09:35.420-04:00  INFO 36544 --- [http-nio-8080-exec-1] c.m.m.c.GoogleApiProxyController         : Place types for Indian Creek Historical Society: [museum, tourist_attraction, point_of_interest, establishment]
2026-09-21T11:09:35.420-04:00  INFO 36544 --- [http-nio-8080-exec-1] c.m.m.c.GoogleApiProxyController         : Mapped: Indian Creek Historical Society, Rating: 5.0, Reviews: 42, EntityType: museum
2026-09-21T11:09:35.420-04:00  INFO 36544 --- [http-nio-8080-exec-1] c.m.m.c.GoogleApiProxyController         : Place types for Montgomery County History Center: [museum, point_of_interest, establishment]
2026-09-21T11:09:35.420-04:00  INFO 36544 --- [http-nio-8080-exec-1] c.m.m.c.GoogleApiProxyController         : Mapped: Montgomery County History Center, Rating: 4.7, Reviews: 32, EntityType: museum
2026-09-21T11:09:35.420-04:00  INFO 36544 --- [http-nio-8080-exec-1] c.m.m.c.GoogleApiProxyController         : Place types for G. E. Anderson Elevator (1903): [historical_landmark, historical_place, point_of_interest, establishment]
2026-09-21T11:09:35.420-04:00  INFO 36544 --- [http-nio-8080-exec-1] c.m.m.c.GoogleApiProxyController         : Mapped: G. E. Anderson Elevator (1903), Rating: 0.0, Reviews: 0, EntityType: historical_landmark
2026-09-21T11:09:35.427-04:00  INFO 36544 --- [http-nio-8080-exec-1] c.m.m.service.PlacesCacheService         : Saved 4 spots to places_cache
2026-09-21T11:09:35.428-04:00  INFO 36544 --- [http-nio-8080-exec-1] c.m.m.c.GoogleApiProxyController         : Backfilled 4 spots to MySQL cache
2026-09-21T11:09:35.432-04:00  INFO 36544 --- [http-nio-8080-exec-1] c.m.m.c.GoogleApiProxyController         : MySQL cache miss — calling Google Places searchText near (41.04544,-95.403698) keyword=trailhead trail access hiking
2026-09-21T11:09:35.747-04:00  INFO 36544 --- [http-nio-8080-exec-1] c.m.m.c.GoogleApiProxyController         : Place types for Twin Creek Trailhead: [hiking_area, sports_activity_location, point_of_interest, establishment]
2026-09-21T11:09:35.747-04:00  INFO 36544 --- [http-nio-8080-exec-1] c.m.m.c.GoogleApiProxyController         : Mapped: Twin Creek Trailhead, Rating: 4.8, Reviews: 70, EntityType: hiking_area
2026-09-21T11:09:35.747-04:00  INFO 36544 --- [http-nio-8080-exec-1] c.m.m.c.GoogleApiProxyController         : Place types for Mopac Trail (Trailhead): [hiking_area, sports_activity_location, point_of_interest, establishment]
2026-09-21T11:09:35.747-04:00  INFO 36544 --- [http-nio-8080-exec-1] c.m.m.c.GoogleApiProxyController         : Mapped: Mopac Trail (Trailhead), Rating: 4.7, Reviews: 32, EntityType: hiking_area
2026-09-21T11:09:35.747-04:00  INFO 36544 --- [http-nio-8080-exec-1] c.m.m.c.GoogleApiProxyController         : Place types for West Papio Trail Giles Avenue Trailhead: [hiking_area, sports_activity_location, point_of_interest, establishment]
2026-09-21T11:09:35.748-04:00  INFO 36544 --- [http-nio-8080-exec-1] c.m.m.c.GoogleApiProxyController         : Mapped: West Papio Trail Giles Avenue Trailhead, Rating: 4.8, Reviews: 46, EntityType: hiking_area
2026-09-21T11:09:35.748-04:00  INFO 36544 --- [http-nio-8080-exec-1] c.m.m.c.GoogleApiProxyController         : Place types for Wabash Trace Depot Trailhead, Shenandoah, IA: [hiking_area, sports_activity_location, point_of_interest, establishment]
2026-09-21T11:09:35.748-04:00  INFO 36544 --- [http-nio-8080-exec-1] c.m.m.c.GoogleApiProxyController         : Mapped: Wabash Trace Depot Trailhead, Shenandoah, IA, Rating: 4.8, Reviews: 5, EntityType: hiking_area
2026-09-21T11:09:35.748-04:00  INFO 36544 --- [http-nio-8080-exec-1] c.m.m.c.GoogleApiProxyController         : Place types for Line Creek Trailhead: [hiking_area, sports_activity_location, point_of_interest, establishment]
2026-09-21T11:09:35.748-04:00  INFO 36544 --- [http-nio-8080-exec-1] c.m.m.c.GoogleApiProxyController         : Mapped: Line Creek Trailhead, Rating: 4.8, Reviews: 359, EntityType: hiking_area
2026-09-21T11:09:35.748-04:00  INFO 36544 --- [http-nio-8080-exec-1] c.m.m.c.GoogleApiProxyController         : Place types for Cedar Lake Nature Trail East Trailhead: [hiking_area, sports_activity_location, point_of_interest, establishment]
2026-09-21T11:09:35.748-04:00  INFO 36544 --- [http-nio-8080-exec-1] c.m.m.c.GoogleApiProxyController         : Mapped: Cedar Lake Nature Trail East Trailhead, Rating: 4.5, Reviews: 12, EntityType: hiking_area
2026-09-21T11:09:35.748-04:00  INFO 36544 --- [http-nio-8080-exec-1] c.m.m.c.GoogleApiProxyController         : Place types for GSK Consumer Health Inc Trailhead: [hiking_area, rest_stop, sports_activity_location, point_of_interest, establishment]
2026-09-21T11:09:35.748-04:00  INFO 36544 --- [http-nio-8080-exec-1] c.m.m.c.GoogleApiProxyController         : Mapped: GSK Consumer Health Inc Trailhead, Rating: 4.7, Reviews: 99, EntityType: hiking_area
2026-09-21T11:09:35.748-04:00  INFO 36544 --- [http-nio-8080-exec-1] c.m.m.c.GoogleApiProxyController         : Place types for Heart of Iowa Nature Trail - Main Trailhead: [hiking_area, sports_activity_location, point_of_interest, establishment]
2026-09-21T11:09:35.748-04:00  INFO 36544 --- [http-nio-8080-exec-1] c.m.m.c.GoogleApiProxyController         : Mapped: Heart of Iowa Nature Trail - Main Trailhead, Rating: 4.8, Reviews: 6, EntityType: hiking_area
2026-09-21T11:09:35.748-04:00  INFO 36544 --- [http-nio-8080-exec-1] c.m.m.c.GoogleApiProxyController         : Place types for Jamaica North Trailhead South: [hiking_area, tourist_attraction, sports_activity_location, point_of_interest, establishment]
2026-09-21T11:09:35.748-04:00  INFO 36544 --- [http-nio-8080-exec-1] c.m.m.c.GoogleApiProxyController         : Mapped: Jamaica North Trailhead South, Rating: 4.8, Reviews: 112, EntityType: hiking_area
2026-09-21T11:09:35.748-04:00  INFO 36544 --- [http-nio-8080-exec-1] c.m.m.c.GoogleApiProxyController         : Place types for Missouri Riverfront Trail Trailhead: [hiking_area, sports_activity_location, point_of_interest, establishment]
2026-09-21T11:09:35.748-04:00  INFO 36544 --- [http-nio-8080-exec-1] c.m.m.c.GoogleApiProxyController         : Mapped: Missouri Riverfront Trail Trailhead, Rating: 4.7, Reviews: 90, EntityType: hiking_area
2026-09-21T11:09:35.748-04:00  INFO 36544 --- [http-nio-8080-exec-1] c.m.m.c.GoogleApiProxyController         : Place types for South Trailhead: [hiking_area, sports_activity_location, point_of_interest, establishment]
2026-09-21T11:09:35.748-04:00  INFO 36544 --- [http-nio-8080-exec-1] c.m.m.c.GoogleApiProxyController         : Mapped: South Trailhead, Rating: 4.0, Reviews: 1, EntityType: hiking_area
2026-09-21T11:09:35.748-04:00  INFO 36544 --- [http-nio-8080-exec-1] c.m.m.c.GoogleApiProxyController         : Place types for MoPac Trailhead at Springfield, NE: [hiking_area, sports_activity_location, point_of_interest, establishment]
2026-09-21T11:09:35.748-04:00  INFO 36544 --- [http-nio-8080-exec-1] c.m.m.c.GoogleApiProxyController         : Mapped: MoPac Trailhead at Springfield, NE, Rating: 5.0, Reviews: 3, EntityType: hiking_area
2026-09-21T11:09:35.748-04:00  INFO 36544 --- [http-nio-8080-exec-1] c.m.m.c.GoogleApiProxyController         : Place types for Happy Rock Trail Trailhead Parking Lot: [hiking_area, sports_activity_location, point_of_interest, establishment]
2026-09-21T11:09:35.748-04:00  INFO 36544 --- [http-nio-8080-exec-1] c.m.m.c.GoogleApiProxyController         : Mapped: Happy Rock Trail Trailhead Parking Lot, Rating: 4.7, Reviews: 67, EntityType: hiking_area
2026-09-21T11:09:35.748-04:00  INFO 36544 --- [http-nio-8080-exec-1] c.m.m.c.GoogleApiProxyController         : Place types for Big Papio Trail End: [hiking_area, sports_activity_location, point_of_interest, establishment]
2026-09-21T11:09:35.748-04:00  INFO 36544 --- [http-nio-8080-exec-1] c.m.m.c.GoogleApiProxyController         : Mapped: Big Papio Trail End, Rating: 4.0, Reviews: 6, EntityType: hiking_area
2026-09-21T11:09:35.748-04:00  INFO 36544 --- [http-nio-8080-exec-1] c.m.m.c.GoogleApiProxyController         : Place types for Keystone Trail: [hiking_area, sports_activity_location, point_of_interest, establishment]
2026-09-21T11:09:35.748-04:00  INFO 36544 --- [http-nio-8080-exec-1] c.m.m.c.GoogleApiProxyController         : Mapped: Keystone Trail, Rating: 4.5, Reviews: 31, EntityType: hiking_area
2026-09-21T11:09:35.748-04:00  INFO 36544 --- [http-nio-8080-exec-1] c.m.m.c.GoogleApiProxyController         : Place types for Chief Standing Bear Trail - Blue Springs Trailhead: [hiking_area, sports_activity_location, point_of_interest, establishment]
2026-09-21T11:09:35.749-04:00  INFO 36544 --- [http-nio-8080-exec-1] c.m.m.c.GoogleApiProxyController         : Mapped: Chief Standing Bear Trail - Blue Springs Trailhead, Rating: 4.9, Reviews: 22, EntityType: hiking_area
2026-09-21T11:09:35.749-04:00  INFO 36544 --- [http-nio-8080-exec-1] c.m.m.c.GoogleApiProxyController         : Place types for Paved Trailhead: [hiking_area, sports_activity_location, point_of_interest, establishment]
2026-09-21T11:09:35.749-04:00  INFO 36544 --- [http-nio-8080-exec-1] c.m.m.c.GoogleApiProxyController         : Mapped: Paved Trailhead, Rating: 4.9, Reviews: 60, EntityType: hiking_area
2026-09-21T11:09:35.749-04:00  INFO 36544 --- [http-nio-8080-exec-1] c.m.m.c.GoogleApiProxyController         : Place types for Trails at Hodge Park: [hiking_area, sports_activity_location, point_of_interest, establishment]
2026-09-21T11:09:35.749-04:00  INFO 36544 --- [http-nio-8080-exec-1] c.m.m.c.GoogleApiProxyController         : Mapped: Trails at Hodge Park, Rating: 4.6, Reviews: 19, EntityType: hiking_area
2026-09-21T11:09:35.749-04:00  INFO 36544 --- [http-nio-8080-exec-1] c.m.m.c.GoogleApiProxyController         : Place types for Malvern Wabash Trace Nature Trail: [hiking_area, sports_activity_location, point_of_interest, establishment]
2026-09-21T11:09:35.749-04:00  INFO 36544 --- [http-nio-8080-exec-1] c.m.m.c.GoogleApiProxyController         : Mapped: Malvern Wabash Trace Nature Trail, Rating: 4.9, Reviews: 7, EntityType: hiking_area
2026-09-21T11:09:35.749-04:00  INFO 36544 --- [http-nio-8080-exec-1] c.m.m.c.GoogleApiProxyController         : Place types for Blue River Parkway Trails - Blue Ridge Blvd Trail Head: [hiking_area, sports_activity_location, point_of_interest, establishment]
2026-09-21T11:09:35.749-04:00  INFO 36544 --- [http-nio-8080-exec-1] c.m.m.c.GoogleApiProxyController         : Mapped: Blue River Parkway Trails - Blue Ridge Blvd Trail Head, Rating: 4.7, Reviews: 94, EntityType: hiking_area
2026-09-21T11:09:35.772-04:00  INFO 36544 --- [http-nio-8080-exec-1] c.m.m.service.PlacesCacheService         : Saved 20 spots to places_cache
2026-09-21T11:09:35.772-04:00  INFO 36544 --- [http-nio-8080-exec-1] c.m.m.c.GoogleApiProxyController         : Backfilled 20 keyword spots to MySQL cache
2026-09-21T11:09:35.775-04:00  INFO 36544 --- [http-nio-8080-exec-1] c.m.m.c.GoogleApiProxyController         : MySQL cache miss — calling Google Places API near (41.23258,-95.766123)
2026-09-21T11:09:36.033-04:00  INFO 36544 --- [http-nio-8080-exec-1] c.m.m.c.GoogleApiProxyController         : Place types for Omaha's Henry Doorly Zoo and Aquarium: [zoo, tourist_attraction, park, point_of_interest, establishment]
2026-09-21T11:09:36.033-04:00  INFO 36544 --- [http-nio-8080-exec-1] c.m.m.c.GoogleApiProxyController         : Mapped: Omaha's Henry Doorly Zoo and Aquarium, Rating: 4.8, Reviews: 35987, EntityType: zoo
2026-09-21T11:09:36.033-04:00  INFO 36544 --- [http-nio-8080-exec-1] c.m.m.c.GoogleApiProxyController         : Place types for Lauritzen Gardens: [botanical_garden, tourist_attraction, point_of_interest, establishment]
2026-09-21T11:09:36.033-04:00  INFO 36544 --- [http-nio-8080-exec-1] c.m.m.c.GoogleApiProxyController         : Mapped: Lauritzen Gardens, Rating: 4.8, Reviews: 5790, EntityType: botanical_garden
2026-09-21T11:09:36.033-04:00  INFO 36544 --- [http-nio-8080-exec-1] c.m.m.c.GoogleApiProxyController         : Place types for Bob Kerrey Pedestrian Bridge: [bridge, hiking_area, tourist_attraction, sports_activity_location, transportation_service, point_of_interest, establishment]
2026-09-21T11:09:36.033-04:00  INFO 36544 --- [http-nio-8080-exec-1] c.m.m.c.GoogleApiProxyController         : Mapped: Bob Kerrey Pedestrian Bridge, Rating: 4.8, Reviews: 5175, EntityType: hiking_area
2026-09-21T11:09:36.033-04:00  INFO 36544 --- [http-nio-8080-exec-1] c.m.m.c.GoogleApiProxyController         : Place types for Kiewit Luminarium: [museum, point_of_interest, establishment]
2026-09-21T11:09:36.033-04:00  INFO 36544 --- [http-nio-8080-exec-1] c.m.m.c.GoogleApiProxyController         : Mapped: Kiewit Luminarium, Rating: 4.7, Reviews: 1509, EntityType: museum
2026-09-21T11:09:36.033-04:00  INFO 36544 --- [http-nio-8080-exec-1] c.m.m.c.GoogleApiProxyController         : Place types for Gene Leahy Mall at The RiverFront: [park, tourist_attraction, point_of_interest, establishment]
2026-09-21T11:09:36.033-04:00  INFO 36544 --- [http-nio-8080-exec-1] c.m.m.c.GoogleApiProxyController         : Mapped: Gene Leahy Mall at The RiverFront, Rating: 4.7, Reviews: 2948, EntityType: tourist_attraction
2026-09-21T11:09:36.033-04:00  INFO 36544 --- [http-nio-8080-exec-1] c.m.m.c.GoogleApiProxyController         : Place types for Omaha Children's Museum: [tourist_attraction, museum, point_of_interest, establishment]
2026-09-21T11:09:36.034-04:00  INFO 36544 --- [http-nio-8080-exec-1] c.m.m.c.GoogleApiProxyController         : Mapped: Omaha Children's Museum, Rating: 4.7, Reviews: 4066, EntityType: museum
2026-09-21T11:09:36.034-04:00  INFO 36544 --- [http-nio-8080-exec-1] c.m.m.c.GoogleApiProxyController         : Place types for The Durham Museum: [museum, tourist_attraction, point_of_interest, establishment]
2026-09-21T11:09:36.034-04:00  INFO 36544 --- [http-nio-8080-exec-1] c.m.m.c.GoogleApiProxyController         : Mapped: The Durham Museum, Rating: 4.7, Reviews: 3885, EntityType: museum
2026-09-21T11:09:36.034-04:00  INFO 36544 --- [http-nio-8080-exec-1] c.m.m.c.GoogleApiProxyController         : Place types for Fontenelle Forest: [nature_preserve, tourist_attraction, park, point_of_interest, establishment]
2026-09-21T11:09:36.034-04:00  INFO 36544 --- [http-nio-8080-exec-1] c.m.m.c.GoogleApiProxyController         : Mapped: Fontenelle Forest, Rating: 4.8, Reviews: 1498, EntityType: tourist_attraction
2026-09-21T11:09:36.034-04:00  INFO 36544 --- [http-nio-8080-exec-1] c.m.m.c.GoogleApiProxyController         : Place types for Heartland of America Park at The RiverFront: [park, tourist_attraction, point_of_interest, establishment]
2026-09-21T11:09:36.034-04:00  INFO 36544 --- [http-nio-8080-exec-1] c.m.m.c.GoogleApiProxyController         : Mapped: Heartland of America Park at The RiverFront, Rating: 4.6, Reviews: 2853, EntityType: tourist_attraction
2026-09-21T11:09:36.034-04:00  INFO 36544 --- [http-nio-8080-exec-1] c.m.m.c.GoogleApiProxyController         : Place types for Douglas County District Court: [courthouse, government_office, service, point_of_interest, establishment]
2026-09-21T11:09:36.034-04:00  INFO 36544 --- [http-nio-8080-exec-1] c.m.m.c.GoogleApiProxyController         : Mapped: Douglas County District Court, Rating: 3.3, Reviews: 96, EntityType: courthouse
2026-09-21T11:09:36.034-04:00  INFO 36544 --- [http-nio-8080-exec-1] c.m.m.c.GoogleApiProxyController         : Place types for American Heroes Park: [park, tourist_attraction, point_of_interest, establishment]
2026-09-21T11:09:36.034-04:00  INFO 36544 --- [http-nio-8080-exec-1] c.m.m.c.GoogleApiProxyController         : Mapped: American Heroes Park, Rating: 4.6, Reviews: 348, EntityType: tourist_attraction
2026-09-21T11:09:36.034-04:00  INFO 36544 --- [http-nio-8080-exec-1] c.m.m.c.GoogleApiProxyController         : Place types for Lewis and Clark Park & Monument: [park, tourist_attraction, historical_landmark, historical_place, point_of_interest, establishment]
2026-09-21T11:09:36.034-04:00  INFO 36544 --- [http-nio-8080-exec-1] c.m.m.c.GoogleApiProxyController         : Mapped: Lewis and Clark Park & Monument, Rating: 4.7, Reviews: 824, EntityType: historical_landmark
2026-09-21T11:09:36.034-04:00  INFO 36544 --- [http-nio-8080-exec-1] c.m.m.c.GoogleApiProxyController         : Place types for Lake Manawa State Park: [state_park, tourist_attraction, park, point_of_interest, establishment]
2026-09-21T11:09:36.034-04:00  INFO 36544 --- [http-nio-8080-exec-1] c.m.m.c.GoogleApiProxyController         : Mapped: Lake Manawa State Park, Rating: 4.5, Reviews: 2674, EntityType: state_park
2026-09-21T11:09:36.034-04:00  INFO 36544 --- [http-nio-8080-exec-1] c.m.m.c.GoogleApiProxyController         : Place types for Tom Hanafan River's Edge Park: [park, tourist_attraction, point_of_interest, establishment]
2026-09-21T11:09:36.034-04:00  INFO 36544 --- [http-nio-8080-exec-1] c.m.m.c.GoogleApiProxyController         : Mapped: Tom Hanafan River's Edge Park, Rating: 4.5, Reviews: 1165, EntityType: tourist_attraction
2026-09-21T11:09:36.034-04:00  INFO 36544 --- [http-nio-8080-exec-1] c.m.m.c.GoogleApiProxyController         : Place types for Lewis & Clark Landing at The RiverFront: [park, tourist_attraction, point_of_interest, establishment]
2026-09-21T11:09:36.034-04:00  INFO 36544 --- [http-nio-8080-exec-1] c.m.m.c.GoogleApiProxyController         : Mapped: Lewis & Clark Landing at The RiverFront, Rating: 4.7, Reviews: 1586, EntityType: tourist_attraction
2026-09-21T11:09:36.034-04:00  INFO 36544 --- [http-nio-8080-exec-1] c.m.m.c.GoogleApiProxyController         : Place types for Lewis and Clark National Historic Trail Headquarters and Visitor Center: [visitor_center, tourist_attraction, tourist_information_center, tour_agency, travel_agency, service, point_of_interest, establishment]
2026-09-21T11:09:36.034-04:00  INFO 36544 --- [http-nio-8080-exec-1] c.m.m.c.GoogleApiProxyController         : Mapped: Lewis and Clark National Historic Trail Headquarters and Visitor Center, Rating: 4.4, Reviews: 294, EntityType: tourist_attraction
2026-09-21T11:09:36.034-04:00  INFO 36544 --- [http-nio-8080-exec-1] c.m.m.c.GoogleApiProxyController         : Place types for Union Pacific Railroad Museum: [tourist_attraction, history_museum, museum, point_of_interest, establishment]
2026-09-21T11:09:36.035-04:00  INFO 36544 --- [http-nio-8080-exec-1] c.m.m.c.GoogleApiProxyController         : Mapped: Union Pacific Railroad Museum, Rating: 4.7, Reviews: 784, EntityType: history_museum
2026-09-21T11:09:36.035-04:00  INFO 36544 --- [http-nio-8080-exec-1] c.m.m.c.GoogleApiProxyController         : Place types for Museum Of Shadows: [museum, point_of_interest, establishment]
2026-09-21T11:09:36.035-04:00  INFO 36544 --- [http-nio-8080-exec-1] c.m.m.c.GoogleApiProxyController         : Mapped: Museum Of Shadows, Rating: 4.0, Reviews: 783, EntityType: museum
2026-09-21T11:09:36.035-04:00  INFO 36544 --- [http-nio-8080-exec-1] c.m.m.c.GoogleApiProxyController         : Place types for Hot Shops Art Center: [tourist_attraction, art_gallery, point_of_interest, establishment]
2026-09-21T11:09:36.035-04:00  INFO 36544 --- [http-nio-8080-exec-1] c.m.m.c.GoogleApiProxyController         : Mapped: Hot Shops Art Center, Rating: 4.8, Reviews: 441, EntityType: art_gallery
2026-09-21T11:09:36.035-04:00  INFO 36544 --- [http-nio-8080-exec-1] c.m.m.c.GoogleApiProxyController         : Place types for Squirrel Cage Jail: [tourist_attraction, museum, point_of_interest, establishment]
2026-09-21T11:09:36.035-04:00  INFO 36544 --- [http-nio-8080-exec-1] c.m.m.c.GoogleApiProxyController         : Mapped: Squirrel Cage Jail, Rating: 4.7, Reviews: 531, EntityType: museum
2026-09-21T11:09:36.059-04:00  INFO 36544 --- [http-nio-8080-exec-1] c.m.m.service.PlacesCacheService         : Saved 20 spots to places_cache
2026-09-21T11:09:36.060-04:00  INFO 36544 --- [http-nio-8080-exec-1] c.m.m.c.GoogleApiProxyController         : Backfilled 20 spots to MySQL cache
2026-09-21T11:09:36.064-04:00  INFO 36544 --- [http-nio-8080-exec-1] c.m.m.c.GoogleApiProxyController         : MySQL cache hit (keyword): 1 spots near (41.23258,-95.766123)
2026-09-21T11:09:36.069-04:00  INFO 36544 --- [http-nio-8080-exec-1] c.m.m.service.RouteBeautifierService     : Qualified spot: Omaha's Henry Doorly Zoo and Aquarium at 41.2258648,-95.9271093 distFromStart=1535.7km source=NB
2026-09-21T11:09:36.073-04:00  INFO 36544 --- [http-nio-8080-exec-1] c.m.m.service.RouteBeautifierService     : Qualified spot: Lauritzen Gardens at 41.234168700000005,-95.9165125 distFromStart=1535.7km source=NB
2026-09-21T11:09:36.076-04:00  INFO 36544 --- [http-nio-8080-exec-1] c.m.m.service.RouteBeautifierService     : Qualified spot: Kiewit Luminarium at 41.2622535,-95.9243783 distFromStart=1535.7km source=NB
2026-09-21T11:09:36.080-04:00  INFO 36544 --- [http-nio-8080-exec-1] c.m.m.service.RouteBeautifierService     : Qualified spot: Gene Leahy Mall at The RiverFront at 41.2580197,-95.93121599999999 distFromStart=1535.7km source=NB
2026-09-21T11:09:36.082-04:00  INFO 36544 --- [http-nio-8080-exec-1] c.m.m.service.RouteBeautifierService     : Qualified spot: Omaha Children's Museum at 41.2551251,-95.9429158 distFromStart=1535.7km source=NB
2026-09-21T11:09:36.085-04:00  INFO 36544 --- [http-nio-8080-exec-1] c.m.m.service.RouteBeautifierService     : Qualified spot: The Durham Museum at 41.251469,-95.9289649 distFromStart=1535.7km source=NB
2026-09-21T11:09:36.087-04:00  INFO 36544 --- [http-nio-8080-exec-1] c.m.m.service.RouteBeautifierService     : Qualified spot: Fontenelle Forest at 41.179752799999996,-95.9178333 distFromStart=1535.7km source=NB
2026-09-21T11:09:36.088-04:00  INFO 36544 --- [http-nio-8080-exec-1] c.m.m.service.RouteBeautifierService     : Qualified spot: Heartland of America Park at The RiverFront at 41.256681,-95.924842 distFromStart=1535.7km source=NB
2026-09-21T11:09:36.090-04:00  INFO 36544 --- [http-nio-8080-exec-1] c.m.m.service.RouteBeautifierService     : Qualified spot: Douglas County District Court at 41.2569058,-95.9391636 distFromStart=1535.7km source=NB
2026-09-21T11:09:36.092-04:00  INFO 36544 --- [http-nio-8080-exec-1] c.m.m.service.RouteBeautifierService     : Qualified spot: American Heroes Park at 41.139807999999995,-95.88436999999999 distFromStart=1535.7km source=NB
2026-09-21T11:09:36.093-04:00  INFO 36544 --- [http-nio-8080-exec-1] c.m.m.service.RouteBeautifierService     : Qualified spot: Lewis and Clark Park & Monument at 41.3034798,-95.85797099999999 distFromStart=1535.7km source=NB
2026-09-21T11:09:36.095-04:00  INFO 36544 --- [http-nio-8080-exec-1] c.m.m.service.RouteBeautifierService     : Qualified spot: Lake Manawa State Park at 41.2018322,-95.85742479999999 distFromStart=1535.7km source=NB
2026-09-21T11:09:36.097-04:00  INFO 36544 --- [http-nio-8080-exec-1] c.m.m.service.RouteBeautifierService     : Qualified spot: Tom Hanafan River's Edge Park at 41.26258790000001,-95.919355 distFromStart=1535.7km source=NB
2026-09-21T11:09:36.098-04:00  INFO 36544 --- [http-nio-8080-exec-1] c.m.m.service.RouteBeautifierService     : Qualified spot: Lewis & Clark Landing at The RiverFront at 41.2617743,-95.9244421 distFromStart=1535.7km source=NB
2026-09-21T11:09:36.099-04:00  INFO 36544 --- [http-nio-8080-exec-1] c.m.m.service.RouteBeautifierService     : Qualified spot: Lewis and Clark National Historic Trail Headquarters and Visitor Center at 41.2649148,-95.9241821 distFromStart=1535.7km source=NB
2026-09-21T11:09:36.100-04:00  INFO 36544 --- [http-nio-8080-exec-1] c.m.m.service.RouteBeautifierService     : Qualified spot: Union Pacific Railroad Museum at 41.2581431,-95.8514874 distFromStart=1535.7km source=NB
2026-09-21T11:09:36.100-04:00  INFO 36544 --- [http-nio-8080-exec-1] c.m.m.service.RouteBeautifierService     : Qualified spot: Museum Of Shadows at 41.2587863,-95.9310799 distFromStart=1535.7km source=NB
2026-09-21T11:09:36.101-04:00  INFO 36544 --- [http-nio-8080-exec-1] c.m.m.service.RouteBeautifierService     : Qualified spot: Hot Shops Art Center at 41.2697223,-95.93324179999999 distFromStart=1535.7km source=NB
2026-09-21T11:09:36.102-04:00  INFO 36544 --- [http-nio-8080-exec-1] c.m.m.service.RouteBeautifierService     : Qualified spot: Squirrel Cage Jail at 41.2577916,-95.8519243 distFromStart=1535.7km source=NB
2026-09-21T11:09:36.103-04:00  INFO 36544 --- [http-nio-8080-exec-1] c.m.m.service.RouteBeautifierService     : Wide retry x2 at 970.6km zone 16 — radius=20000
2026-09-21T11:09:36.105-04:00  INFO 36544 --- [http-nio-8080-exec-1] c.m.m.c.GoogleApiProxyController         : MySQL cache hit: 1 spots near (39.349641,-90.623042)
2026-09-21T11:09:36.107-04:00  INFO 36544 --- [http-nio-8080-exec-1] c.m.m.c.GoogleApiProxyController         : MySQL cache miss — calling Google Places searchText near (39.349641,-90.623042) keyword=trailhead trail access hiking
2026-09-21T11:09:36.435-04:00  INFO 36544 --- [http-nio-8080-exec-1] c.m.m.c.GoogleApiProxyController         : Place types for Katy Trail - Weldon Spring Trailhead: [hiking_area, sports_activity_location, point_of_interest, establishment]
2026-09-21T11:09:36.435-04:00  INFO 36544 --- [http-nio-8080-exec-1] c.m.m.c.GoogleApiProxyController         : Mapped: Katy Trail - Weldon Spring Trailhead, Rating: 4.6, Reviews: 142, EntityType: hiking_area
2026-09-21T11:09:36.436-04:00  INFO 36544 --- [http-nio-8080-exec-1] c.m.m.c.GoogleApiProxyController         : Place types for Weldon Spring Lewis & Clark Hiking Trail: [hiking_area, sports_activity_location, point_of_interest, establishment]
2026-09-21T11:09:36.436-04:00  INFO 36544 --- [http-nio-8080-exec-1] c.m.m.c.GoogleApiProxyController         : Mapped: Weldon Spring Lewis & Clark Hiking Trail, Rating: 4.8, Reviews: 121, EntityType: hiking_area
2026-09-21T11:09:36.437-04:00  INFO 36544 --- [http-nio-8080-exec-1] c.m.m.c.GoogleApiProxyController         : Place types for Busch Greenway Howell Trailhead: [hiking_area, sports_activity_location, point_of_interest, establishment]
2026-09-21T11:09:36.437-04:00  INFO 36544 --- [http-nio-8080-exec-1] c.m.m.c.GoogleApiProxyController         : Mapped: Busch Greenway Howell Trailhead, Rating: 4.8, Reviews: 214, EntityType: hiking_area
2026-09-21T11:09:36.437-04:00  INFO 36544 --- [http-nio-8080-exec-1] c.m.m.c.GoogleApiProxyController         : Place types for Katy Trail - Augusta Trailhead: [hiking_area, tourist_attraction, sports_activity_location, point_of_interest, establishment]
2026-09-21T11:09:36.438-04:00  INFO 36544 --- [http-nio-8080-exec-1] c.m.m.c.GoogleApiProxyController         : Mapped: Katy Trail - Augusta Trailhead, Rating: 4.7, Reviews: 229, EntityType: hiking_area
2026-09-21T11:09:36.438-04:00  INFO 36544 --- [http-nio-8080-exec-1] c.m.m.c.GoogleApiProxyController         : Place types for Katy Trail - Green Bottom Trailhead: [hiking_area, sports_activity_location, point_of_interest, establishment]
2026-09-21T11:09:36.438-04:00  INFO 36544 --- [http-nio-8080-exec-1] c.m.m.c.GoogleApiProxyController         : Mapped: Katy Trail - Green Bottom Trailhead, Rating: 4.5, Reviews: 128, EntityType: hiking_area
2026-09-21T11:09:36.438-04:00  INFO 36544 --- [http-nio-8080-exec-1] c.m.m.c.GoogleApiProxyController         : Place types for Bootlegger's Run Trailhead: [hiking_area, sports_activity_location, point_of_interest, establishment]
2026-09-21T11:09:36.438-04:00  INFO 36544 --- [http-nio-8080-exec-1] c.m.m.c.GoogleApiProxyController         : Mapped: Bootlegger's Run Trailhead, Rating: 4.8, Reviews: 147, EntityType: hiking_area
2026-09-21T11:09:36.438-04:00  INFO 36544 --- [http-nio-8080-exec-1] c.m.m.c.GoogleApiProxyController         : Place types for Katy Trail - Black Walnut Trailhead: [hiking_area, sports_activity_location, point_of_interest, establishment]
2026-09-21T11:09:36.438-04:00  INFO 36544 --- [http-nio-8080-exec-1] c.m.m.c.GoogleApiProxyController         : Mapped: Katy Trail - Black Walnut Trailhead, Rating: 4.4, Reviews: 65, EntityType: hiking_area
2026-09-21T11:09:36.438-04:00  INFO 36544 --- [http-nio-8080-exec-1] c.m.m.c.GoogleApiProxyController         : Place types for Katy Trail - Marthasville Trailhead: [hiking_area, tourist_attraction, sports_activity_location, point_of_interest, establishment]
2026-09-21T11:09:36.438-04:00  INFO 36544 --- [http-nio-8080-exec-1] c.m.m.c.GoogleApiProxyController         : Mapped: Katy Trail - Marthasville Trailhead, Rating: 4.7, Reviews: 178, EntityType: hiking_area
2026-09-21T11:09:36.438-04:00  INFO 36544 --- [http-nio-8080-exec-1] c.m.m.c.GoogleApiProxyController         : Place types for Busch Greenway, Duckett Creek Trailhead: [hiking_area, sports_activity_location, point_of_interest, establishment]
2026-09-21T11:09:36.438-04:00  INFO 36544 --- [http-nio-8080-exec-1] c.m.m.c.GoogleApiProxyController         : Mapped: Busch Greenway, Duckett Creek Trailhead, Rating: 4.8, Reviews: 26, EntityType: hiking_area
2026-09-21T11:09:36.439-04:00  INFO 36544 --- [http-nio-8080-exec-1] c.m.m.c.GoogleApiProxyController         : Place types for Lost Valley Hiking Trail: [hiking_area, sports_activity_location, point_of_interest, establishment]
2026-09-21T11:09:36.439-04:00  INFO 36544 --- [http-nio-8080-exec-1] c.m.m.c.GoogleApiProxyController         : Mapped: Lost Valley Hiking Trail, Rating: 4.7, Reviews: 164, EntityType: hiking_area
2026-09-21T11:09:36.439-04:00  INFO 36544 --- [http-nio-8080-exec-1] c.m.m.c.GoogleApiProxyController         : Place types for Katy Trail: [hiking_area, sports_activity_location, point_of_interest, establishment]
2026-09-21T11:09:36.439-04:00  INFO 36544 --- [http-nio-8080-exec-1] c.m.m.c.GoogleApiProxyController         : Mapped: Katy Trail, Rating: 4.8, Reviews: 36, EntityType: hiking_area
2026-09-21T11:09:36.439-04:00  INFO 36544 --- [http-nio-8080-exec-1] c.m.m.c.GoogleApiProxyController         : Place types for Katy Trail - Dutzow Trailhead: [hiking_area, sports_activity_location, point_of_interest, establishment]
2026-09-21T11:09:36.439-04:00  INFO 36544 --- [http-nio-8080-exec-1] c.m.m.c.GoogleApiProxyController         : Mapped: Katy Trail - Dutzow Trailhead, Rating: 4.7, Reviews: 150, EntityType: hiking_area
2026-09-21T11:09:36.439-04:00  INFO 36544 --- [http-nio-8080-exec-1] c.m.m.c.GoogleApiProxyController         : Place types for DeClue Trail Trailhead: [hiking_area, sports_activity_location, point_of_interest, establishment]
2026-09-21T11:09:36.439-04:00  INFO 36544 --- [http-nio-8080-exec-1] c.m.m.c.GoogleApiProxyController         : Mapped: DeClue Trail Trailhead, Rating: 4.8, Reviews: 32, EntityType: hiking_area
2026-09-21T11:09:36.439-04:00  INFO 36544 --- [http-nio-8080-exec-1] c.m.m.c.GoogleApiProxyController         : Place types for Missouri Greenway Trailhead: Monarch Chesterfield Levee Trail: [hiking_area, tourist_attraction, sports_activity_location, point_of_interest, establishment]
2026-09-21T11:09:36.439-04:00  INFO 36544 --- [http-nio-8080-exec-1] c.m.m.c.GoogleApiProxyController         : Mapped: Missouri Greenway Trailhead: Monarch Chesterfield Levee Trail, Rating: 4.5, Reviews: 78, EntityType: hiking_area
2026-09-21T11:09:36.439-04:00  INFO 36544 --- [http-nio-8080-exec-1] c.m.m.c.GoogleApiProxyController         : Place types for Lime Kiln Trailhead: [hiking_area, sports_activity_location, point_of_interest, establishment]
2026-09-21T11:09:36.439-04:00  INFO 36544 --- [http-nio-8080-exec-1] c.m.m.c.GoogleApiProxyController         : Mapped: Lime Kiln Trailhead, Rating: 4.8, Reviews: 117, EntityType: hiking_area
2026-09-21T11:09:36.439-04:00  INFO 36544 --- [http-nio-8080-exec-1] c.m.m.c.GoogleApiProxyController         : Place types for Meramec Greenway Trailhead: Rock Hollow Trail: [hiking_area, sports_activity_location, point_of_interest, establishment]
2026-09-21T11:09:36.439-04:00  INFO 36544 --- [http-nio-8080-exec-1] c.m.m.c.GoogleApiProxyController         : Mapped: Meramec Greenway Trailhead: Rock Hollow Trail, Rating: 4.9, Reviews: 165, EntityType: hiking_area
2026-09-21T11:09:36.439-04:00  INFO 36544 --- [http-nio-8080-exec-1] c.m.m.c.GoogleApiProxyController         : Place types for Hickory South Trailhead: [hiking_area, sports_activity_location, point_of_interest, establishment]
2026-09-21T11:09:36.439-04:00  INFO 36544 --- [http-nio-8080-exec-1] c.m.m.c.GoogleApiProxyController         : Mapped: Hickory South Trailhead, Rating: 4.0, Reviews: 2, EntityType: hiking_area
2026-09-21T11:09:36.439-04:00  INFO 36544 --- [http-nio-8080-exec-1] c.m.m.c.GoogleApiProxyController         : Place types for Route 66 Hike & Bike Trail at Lake Lou Yaeger: [hiking_area, sports_activity_location, point_of_interest, establishment]
2026-09-21T11:09:36.439-04:00  INFO 36544 --- [http-nio-8080-exec-1] c.m.m.c.GoogleApiProxyController         : Mapped: Route 66 Hike & Bike Trail at Lake Lou Yaeger, Rating: 4.6, Reviews: 36, EntityType: hiking_area
2026-09-21T11:09:36.439-04:00  INFO 36544 --- [http-nio-8080-exec-1] c.m.m.c.GoogleApiProxyController         : Place types for River Scene Trail: [hiking_area, tourist_attraction, sports_activity_location, point_of_interest, establishment]
2026-09-21T11:09:36.439-04:00  INFO 36544 --- [http-nio-8080-exec-1] c.m.m.c.GoogleApiProxyController         : Mapped: River Scene Trail, Rating: 4.8, Reviews: 366, EntityType: hiking_area
2026-09-21T11:09:36.439-04:00  INFO 36544 --- [http-nio-8080-exec-1] c.m.m.c.GoogleApiProxyController         : Place types for Western Greenway Trailhead: Turkey Ridge Trail: [hiking_area, sports_activity_location, point_of_interest, establishment]
2026-09-21T11:09:36.439-04:00  INFO 36544 --- [http-nio-8080-exec-1] c.m.m.c.GoogleApiProxyController         : Mapped: Western Greenway Trailhead: Turkey Ridge Trail, Rating: 4.6, Reviews: 15, EntityType: hiking_area
2026-09-21T11:09:36.469-04:00  INFO 36544 --- [http-nio-8080-exec-1] c.m.m.service.PlacesCacheService         : Saved 20 spots to places_cache
2026-09-21T11:09:36.469-04:00  INFO 36544 --- [http-nio-8080-exec-1] c.m.m.c.GoogleApiProxyController         : Backfilled 20 keyword spots to MySQL cache
2026-09-21T11:09:36.470-04:00  INFO 36544 --- [http-nio-8080-exec-1] c.m.m.service.RouteBeautifierService     : Wide retry x2 at 994.5km zone 16 — radius=20000
2026-09-21T11:09:36.472-04:00  INFO 36544 --- [http-nio-8080-exec-1] c.m.m.c.GoogleApiProxyController         : MySQL cache hit: 3 spots near (39.614858,-90.734822)
2026-09-21T11:09:36.473-04:00  INFO 36544 --- [http-nio-8080-exec-1] c.m.m.c.GoogleApiProxyController         : MySQL cache miss — calling Google Places searchText near (39.614858,-90.734822) keyword=trailhead trail access hiking
2026-09-21T11:09:36.741-04:00  INFO 36544 --- [http-nio-8080-exec-1] c.m.m.c.GoogleApiProxyController         : Place types for Katy Trail - Weldon Spring Trailhead: [hiking_area, sports_activity_location, point_of_interest, establishment]
2026-09-21T11:09:36.741-04:00  INFO 36544 --- [http-nio-8080-exec-1] c.m.m.c.GoogleApiProxyController         : Mapped: Katy Trail - Weldon Spring Trailhead, Rating: 4.6, Reviews: 142, EntityType: hiking_area
2026-09-21T11:09:36.741-04:00  INFO 36544 --- [http-nio-8080-exec-1] c.m.m.c.GoogleApiProxyController         : Place types for Katy Trail - Augusta Trailhead: [hiking_area, tourist_attraction, sports_activity_location, point_of_interest, establishment]
2026-09-21T11:09:36.742-04:00  INFO 36544 --- [http-nio-8080-exec-1] c.m.m.c.GoogleApiProxyController         : Mapped: Katy Trail - Augusta Trailhead, Rating: 4.7, Reviews: 229, EntityType: hiking_area
2026-09-21T11:09:36.742-04:00  INFO 36544 --- [http-nio-8080-exec-1] c.m.m.c.GoogleApiProxyController         : Place types for Katy Trail - Marthasville Trailhead: [hiking_area, tourist_attraction, sports_activity_location, point_of_interest, establishment]
2026-09-21T11:09:36.742-04:00  INFO 36544 --- [http-nio-8080-exec-1] c.m.m.c.GoogleApiProxyController         : Mapped: Katy Trail - Marthasville Trailhead, Rating: 4.7, Reviews: 178, EntityType: hiking_area
2026-09-21T11:09:36.742-04:00  INFO 36544 --- [http-nio-8080-exec-1] c.m.m.c.GoogleApiProxyController         : Place types for Katy Trail - Green Bottom Trailhead: [hiking_area, sports_activity_location, point_of_interest, establishment]
2026-09-21T11:09:36.742-04:00  INFO 36544 --- [http-nio-8080-exec-1] c.m.m.c.GoogleApiProxyController         : Mapped: Katy Trail - Green Bottom Trailhead, Rating: 4.5, Reviews: 128, EntityType: hiking_area
2026-09-21T11:09:36.742-04:00  INFO 36544 --- [http-nio-8080-exec-1] c.m.m.c.GoogleApiProxyController         : Place types for Weldon Spring Lewis & Clark Hiking Trail: [hiking_area, sports_activity_location, point_of_interest, establishment]
2026-09-21T11:09:36.742-04:00  INFO 36544 --- [http-nio-8080-exec-1] c.m.m.c.GoogleApiProxyController         : Mapped: Weldon Spring Lewis & Clark Hiking Trail, Rating: 4.8, Reviews: 121, EntityType: hiking_area
2026-09-21T11:09:36.742-04:00  INFO 36544 --- [http-nio-8080-exec-1] c.m.m.c.GoogleApiProxyController         : Place types for Katy Trail - Dutzow Trailhead: [hiking_area, sports_activity_location, point_of_interest, establishment]
2026-09-21T11:09:36.742-04:00  INFO 36544 --- [http-nio-8080-exec-1] c.m.m.c.GoogleApiProxyController         : Mapped: Katy Trail - Dutzow Trailhead, Rating: 4.7, Reviews: 150, EntityType: hiking_area
2026-09-21T11:09:36.742-04:00  INFO 36544 --- [http-nio-8080-exec-1] c.m.m.c.GoogleApiProxyController         : Place types for Katy Trail - Black Walnut Trailhead: [hiking_area, sports_activity_location, point_of_interest, establishment]
2026-09-21T11:09:36.742-04:00  INFO 36544 --- [http-nio-8080-exec-1] c.m.m.c.GoogleApiProxyController         : Mapped: Katy Trail - Black Walnut Trailhead, Rating: 4.4, Reviews: 65, EntityType: hiking_area
2026-09-21T11:09:36.742-04:00  INFO 36544 --- [http-nio-8080-exec-1] c.m.m.c.GoogleApiProxyController         : Place types for Busch Greenway, Duckett Creek Trailhead: [hiking_area, sports_activity_location, point_of_interest, establishment]
2026-09-21T11:09:36.742-04:00  INFO 36544 --- [http-nio-8080-exec-1] c.m.m.c.GoogleApiProxyController         : Mapped: Busch Greenway, Duckett Creek Trailhead, Rating: 4.8, Reviews: 26, EntityType: hiking_area
2026-09-21T11:09:36.742-04:00  INFO 36544 --- [http-nio-8080-exec-1] c.m.m.c.GoogleApiProxyController         : Place types for Lost Valley Hiking Trail: [hiking_area, sports_activity_location, point_of_interest, establishment]
2026-09-21T11:09:36.742-04:00  INFO 36544 --- [http-nio-8080-exec-1] c.m.m.c.GoogleApiProxyController         : Mapped: Lost Valley Hiking Trail, Rating: 4.7, Reviews: 164, EntityType: hiking_area
2026-09-21T11:09:36.742-04:00  INFO 36544 --- [http-nio-8080-exec-1] c.m.m.c.GoogleApiProxyController         : Place types for Katy Trail: [hiking_area, sports_activity_location, point_of_interest, establishment]
2026-09-21T11:09:36.742-04:00  INFO 36544 --- [http-nio-8080-exec-1] c.m.m.c.GoogleApiProxyController         : Mapped: Katy Trail, Rating: 4.8, Reviews: 36, EntityType: hiking_area
2026-09-21T11:09:36.742-04:00  INFO 36544 --- [http-nio-8080-exec-1] c.m.m.c.GoogleApiProxyController         : Place types for DeClue Trail Trailhead: [hiking_area, sports_activity_location, point_of_interest, establishment]
2026-09-21T11:09:36.742-04:00  INFO 36544 --- [http-nio-8080-exec-1] c.m.m.c.GoogleApiProxyController         : Mapped: DeClue Trail Trailhead, Rating: 4.8, Reviews: 32, EntityType: hiking_area
2026-09-21T11:09:36.742-04:00  INFO 36544 --- [http-nio-8080-exec-1] c.m.m.c.GoogleApiProxyController         : Place types for Missouri Greenway Trailhead: Monarch Chesterfield Levee Trail: [hiking_area, tourist_attraction, sports_activity_location, point_of_interest, establishment]
2026-09-21T11:09:36.742-04:00  INFO 36544 --- [http-nio-8080-exec-1] c.m.m.c.GoogleApiProxyController         : Mapped: Missouri Greenway Trailhead: Monarch Chesterfield Levee Trail, Rating: 4.5, Reviews: 78, EntityType: hiking_area
2026-09-21T11:09:36.742-04:00  INFO 36544 --- [http-nio-8080-exec-1] c.m.m.c.GoogleApiProxyController         : Place types for Alta Rd. Trailhead Rock Island Trail: [hiking_area, sports_activity_location, point_of_interest, establishment]
2026-09-21T11:09:36.742-04:00  INFO 36544 --- [http-nio-8080-exec-1] c.m.m.c.GoogleApiProxyController         : Mapped: Alta Rd. Trailhead Rock Island Trail, Rating: 4.7, Reviews: 138, EntityType: hiking_area
2026-09-21T11:09:36.742-04:00  INFO 36544 --- [http-nio-8080-exec-1] c.m.m.c.GoogleApiProxyController         : Place types for Busch Greenway Howell Trailhead: [hiking_area, sports_activity_location, point_of_interest, establishment]
2026-09-21T11:09:36.742-04:00  INFO 36544 --- [http-nio-8080-exec-1] c.m.m.c.GoogleApiProxyController         : Mapped: Busch Greenway Howell Trailhead, Rating: 4.8, Reviews: 214, EntityType: hiking_area
2026-09-21T11:09:36.742-04:00  INFO 36544 --- [http-nio-8080-exec-1] c.m.m.c.GoogleApiProxyController         : Place types for Bootlegger's Run Trailhead: [hiking_area, sports_activity_location, point_of_interest, establishment]
2026-09-21T11:09:36.742-04:00  INFO 36544 --- [http-nio-8080-exec-1] c.m.m.c.GoogleApiProxyController         : Mapped: Bootlegger's Run Trailhead, Rating: 4.8, Reviews: 147, EntityType: hiking_area
2026-09-21T11:09:36.742-04:00  INFO 36544 --- [http-nio-8080-exec-1] c.m.m.c.GoogleApiProxyController         : Place types for Lime Kiln Trailhead: [hiking_area, sports_activity_location, point_of_interest, establishment]
2026-09-21T11:09:36.742-04:00  INFO 36544 --- [http-nio-8080-exec-1] c.m.m.c.GoogleApiProxyController         : Mapped: Lime Kiln Trailhead, Rating: 4.8, Reviews: 117, EntityType: hiking_area
2026-09-21T11:09:36.743-04:00  INFO 36544 --- [http-nio-8080-exec-1] c.m.m.c.GoogleApiProxyController         : Place types for Meramec Greenway Trailhead: Rock Hollow Trail: [hiking_area, sports_activity_location, point_of_interest, establishment]
2026-09-21T11:09:36.743-04:00  INFO 36544 --- [http-nio-8080-exec-1] c.m.m.c.GoogleApiProxyController         : Mapped: Meramec Greenway Trailhead: Rock Hollow Trail, Rating: 4.9, Reviews: 165, EntityType: hiking_area
2026-09-21T11:09:36.743-04:00  INFO 36544 --- [http-nio-8080-exec-1] c.m.m.c.GoogleApiProxyController         : Place types for Route 66 Hike & Bike Trail at Lake Lou Yaeger: [hiking_area, sports_activity_location, point_of_interest, establishment]
2026-09-21T11:09:36.743-04:00  INFO 36544 --- [http-nio-8080-exec-1] c.m.m.c.GoogleApiProxyController         : Mapped: Route 66 Hike & Bike Trail at Lake Lou Yaeger, Rating: 4.6, Reviews: 36, EntityType: hiking_area
2026-09-21T11:09:36.743-04:00  INFO 36544 --- [http-nio-8080-exec-1] c.m.m.c.GoogleApiProxyController         : Place types for Sodalis Park Trailhead: [hiking_area, sports_activity_location, point_of_interest, establishment]
2026-09-21T11:09:36.743-04:00  INFO 36544 --- [http-nio-8080-exec-1] c.m.m.c.GoogleApiProxyController         : Mapped: Sodalis Park Trailhead, Rating: 4.8, Reviews: 58, EntityType: hiking_area
2026-09-21T11:09:36.743-04:00  INFO 36544 --- [http-nio-8080-exec-1] c.m.m.c.GoogleApiProxyController         : Place types for Historic Stone Shelter and parking/Trailhead: [hiking_area, sports_activity_location, point_of_interest, establishment]
2026-09-21T11:09:36.743-04:00  INFO 36544 --- [http-nio-8080-exec-1] c.m.m.c.GoogleApiProxyController         : Mapped: Historic Stone Shelter and parking/Trailhead, Rating: 4.7, Reviews: 69, EntityType: hiking_area
2026-09-21T11:09:36.767-04:00  INFO 36544 --- [http-nio-8080-exec-1] c.m.m.service.PlacesCacheService         : Saved 20 spots to places_cache
2026-09-21T11:09:36.767-04:00  INFO 36544 --- [http-nio-8080-exec-1] c.m.m.c.GoogleApiProxyController         : Backfilled 20 keyword spots to MySQL cache
2026-09-21T11:09:36.768-04:00  INFO 36544 --- [http-nio-8080-exec-1] c.m.m.service.RouteBeautifierService     : Wide retry x2 at 1045.3km zone 17 — radius=20000
2026-09-21T11:09:36.770-04:00  INFO 36544 --- [http-nio-8080-exec-1] c.m.m.c.GoogleApiProxyController         : MySQL cache hit: 5 spots near (39.509558,-90.977212)
2026-09-21T11:09:36.772-04:00  INFO 36544 --- [http-nio-8080-exec-1] c.m.m.c.GoogleApiProxyController         : MySQL cache miss — calling Google Places searchText near (39.509558,-90.977212) keyword=trailhead trail access hiking
2026-09-21T11:09:37.160-04:00  INFO 36544 --- [http-nio-8080-exec-1] c.m.m.c.GoogleApiProxyController         : Place types for Katy Trail - Weldon Spring Trailhead: [hiking_area, sports_activity_location, point_of_interest, establishment]
2026-09-21T11:09:37.160-04:00  INFO 36544 --- [http-nio-8080-exec-1] c.m.m.c.GoogleApiProxyController         : Mapped: Katy Trail - Weldon Spring Trailhead, Rating: 4.6, Reviews: 142, EntityType: hiking_area
2026-09-21T11:09:37.160-04:00  INFO 36544 --- [http-nio-8080-exec-1] c.m.m.c.GoogleApiProxyController         : Place types for Katy Trail - Augusta Trailhead: [hiking_area, tourist_attraction, sports_activity_location, point_of_interest, establishment]
2026-09-21T11:09:37.160-04:00  INFO 36544 --- [http-nio-8080-exec-1] c.m.m.c.GoogleApiProxyController         : Mapped: Katy Trail - Augusta Trailhead, Rating: 4.7, Reviews: 229, EntityType: hiking_area
2026-09-21T11:09:37.160-04:00  INFO 36544 --- [http-nio-8080-exec-1] c.m.m.c.GoogleApiProxyController         : Place types for Katy Trail - Marthasville Trailhead: [hiking_area, tourist_attraction, sports_activity_location, point_of_interest, establishment]
2026-09-21T11:09:37.160-04:00  INFO 36544 --- [http-nio-8080-exec-1] c.m.m.c.GoogleApiProxyController         : Mapped: Katy Trail - Marthasville Trailhead, Rating: 4.7, Reviews: 178, EntityType: hiking_area
2026-09-21T11:09:37.160-04:00  INFO 36544 --- [http-nio-8080-exec-1] c.m.m.c.GoogleApiProxyController         : Place types for Katy Trail - Green Bottom Trailhead: [hiking_area, sports_activity_location, point_of_interest, establishment]
2026-09-21T11:09:37.161-04:00  INFO 36544 --- [http-nio-8080-exec-1] c.m.m.c.GoogleApiProxyController         : Mapped: Katy Trail - Green Bottom Trailhead, Rating: 4.5, Reviews: 128, EntityType: hiking_area
2026-09-21T11:09:37.161-04:00  INFO 36544 --- [http-nio-8080-exec-1] c.m.m.c.GoogleApiProxyController         : Place types for Weldon Spring Lewis & Clark Hiking Trail: [hiking_area, sports_activity_location, point_of_interest, establishment]
2026-09-21T11:09:37.161-04:00  INFO 36544 --- [http-nio-8080-exec-1] c.m.m.c.GoogleApiProxyController         : Mapped: Weldon Spring Lewis & Clark Hiking Trail, Rating: 4.8, Reviews: 121, EntityType: hiking_area
2026-09-21T11:09:37.161-04:00  INFO 36544 --- [http-nio-8080-exec-1] c.m.m.c.GoogleApiProxyController         : Place types for Sodalis Park Trailhead: [hiking_area, sports_activity_location, point_of_interest, establishment]
2026-09-21T11:09:37.161-04:00  INFO 36544 --- [http-nio-8080-exec-1] c.m.m.c.GoogleApiProxyController         : Mapped: Sodalis Park Trailhead, Rating: 4.8, Reviews: 58, EntityType: hiking_area
2026-09-21T11:09:37.161-04:00  INFO 36544 --- [http-nio-8080-exec-1] c.m.m.c.GoogleApiProxyController         : Place types for Katy Trail - Dutzow Trailhead: [hiking_area, sports_activity_location, point_of_interest, establishment]
2026-09-21T11:09:37.161-04:00  INFO 36544 --- [http-nio-8080-exec-1] c.m.m.c.GoogleApiProxyController         : Mapped: Katy Trail - Dutzow Trailhead, Rating: 4.7, Reviews: 150, EntityType: hiking_area
2026-09-21T11:09:37.161-04:00  INFO 36544 --- [http-nio-8080-exec-1] c.m.m.c.GoogleApiProxyController         : Place types for Busch Greenway, Duckett Creek Trailhead: [hiking_area, sports_activity_location, point_of_interest, establishment]
2026-09-21T11:09:37.161-04:00  INFO 36544 --- [http-nio-8080-exec-1] c.m.m.c.GoogleApiProxyController         : Mapped: Busch Greenway, Duckett Creek Trailhead, Rating: 4.8, Reviews: 26, EntityType: hiking_area
2026-09-21T11:09:37.161-04:00  INFO 36544 --- [http-nio-8080-exec-1] c.m.m.c.GoogleApiProxyController         : Place types for Katy Trail - Black Walnut Trailhead: [hiking_area, sports_activity_location, point_of_interest, establishment]
2026-09-21T11:09:37.161-04:00  INFO 36544 --- [http-nio-8080-exec-1] c.m.m.c.GoogleApiProxyController         : Mapped: Katy Trail - Black Walnut Trailhead, Rating: 4.4, Reviews: 65, EntityType: hiking_area
2026-09-21T11:09:37.161-04:00  INFO 36544 --- [http-nio-8080-exec-1] c.m.m.c.GoogleApiProxyController         : Place types for Lost Valley Hiking Trail: [hiking_area, sports_activity_location, point_of_interest, establishment]
2026-09-21T11:09:37.161-04:00  INFO 36544 --- [http-nio-8080-exec-1] c.m.m.c.GoogleApiProxyController         : Mapped: Lost Valley Hiking Trail, Rating: 4.7, Reviews: 164, EntityType: hiking_area
2026-09-21T11:09:37.161-04:00  INFO 36544 --- [http-nio-8080-exec-1] c.m.m.c.GoogleApiProxyController         : Place types for Katy Trail: [hiking_area, sports_activity_location, point_of_interest, establishment]
2026-09-21T11:09:37.161-04:00  INFO 36544 --- [http-nio-8080-exec-1] c.m.m.c.GoogleApiProxyController         : Mapped: Katy Trail, Rating: 4.8, Reviews: 36, EntityType: hiking_area
2026-09-21T11:09:37.161-04:00  INFO 36544 --- [http-nio-8080-exec-1] c.m.m.c.GoogleApiProxyController         : Place types for DeClue Trail Trailhead: [hiking_area, sports_activity_location, point_of_interest, establishment]
2026-09-21T11:09:37.161-04:00  INFO 36544 --- [http-nio-8080-exec-1] c.m.m.c.GoogleApiProxyController         : Mapped: DeClue Trail Trailhead, Rating: 4.8, Reviews: 32, EntityType: hiking_area
2026-09-21T11:09:37.161-04:00  INFO 36544 --- [http-nio-8080-exec-1] c.m.m.c.GoogleApiProxyController         : Place types for Missouri Greenway Trailhead: Monarch Chesterfield Levee Trail: [hiking_area, tourist_attraction, sports_activity_location, point_of_interest, establishment]
2026-09-21T11:09:37.161-04:00  INFO 36544 --- [http-nio-8080-exec-1] c.m.m.c.GoogleApiProxyController         : Mapped: Missouri Greenway Trailhead: Monarch Chesterfield Levee Trail, Rating: 4.5, Reviews: 78, EntityType: hiking_area
2026-09-21T11:09:37.161-04:00  INFO 36544 --- [http-nio-8080-exec-1] c.m.m.c.GoogleApiProxyController         : Place types for Busch Greenway Howell Trailhead: [hiking_area, sports_activity_location, point_of_interest, establishment]
2026-09-21T11:09:37.161-04:00  INFO 36544 --- [http-nio-8080-exec-1] c.m.m.c.GoogleApiProxyController         : Mapped: Busch Greenway Howell Trailhead, Rating: 4.8, Reviews: 214, EntityType: hiking_area
2026-09-21T11:09:37.161-04:00  INFO 36544 --- [http-nio-8080-exec-1] c.m.m.c.GoogleApiProxyController         : Place types for Lime Kiln Trailhead: [hiking_area, sports_activity_location, point_of_interest, establishment]
2026-09-21T11:09:37.161-04:00  INFO 36544 --- [http-nio-8080-exec-1] c.m.m.c.GoogleApiProxyController         : Mapped: Lime Kiln Trailhead, Rating: 4.8, Reviews: 117, EntityType: hiking_area
2026-09-21T11:09:37.161-04:00  INFO 36544 --- [http-nio-8080-exec-1] c.m.m.c.GoogleApiProxyController         : Place types for MKT Trail - Forum Katy Parkway Connector Access: [hiking_area, sports_activity_location, point_of_interest, establishment]
2026-09-21T11:09:37.161-04:00  INFO 36544 --- [http-nio-8080-exec-1] c.m.m.c.GoogleApiProxyController         : Mapped: MKT Trail - Forum Katy Parkway Connector Access, Rating: 4.8, Reviews: 17, EntityType: hiking_area
2026-09-21T11:09:37.161-04:00  INFO 36544 --- [http-nio-8080-exec-1] c.m.m.c.GoogleApiProxyController         : Place types for Meramec Greenway Trailhead: Rock Hollow Trail: [hiking_area, sports_activity_location, point_of_interest, establishment]
2026-09-21T11:09:37.161-04:00  INFO 36544 --- [http-nio-8080-exec-1] c.m.m.c.GoogleApiProxyController         : Mapped: Meramec Greenway Trailhead: Rock Hollow Trail, Rating: 4.9, Reviews: 165, EntityType: hiking_area
2026-09-21T11:09:37.162-04:00  INFO 36544 --- [http-nio-8080-exec-1] c.m.m.c.GoogleApiProxyController         : Place types for Bootlegger's Run Trailhead: [hiking_area, sports_activity_location, point_of_interest, establishment]
2026-09-21T11:09:37.162-04:00  INFO 36544 --- [http-nio-8080-exec-1] c.m.m.c.GoogleApiProxyController         : Mapped: Bootlegger's Run Trailhead, Rating: 4.8, Reviews: 147, EntityType: hiking_area
2026-09-21T11:09:37.162-04:00  INFO 36544 --- [http-nio-8080-exec-1] c.m.m.c.GoogleApiProxyController         : Place types for Patchen Street Trailhead: [hiking_area, sports_activity_location, point_of_interest, establishment]
2026-09-21T11:09:37.162-04:00  INFO 36544 --- [http-nio-8080-exec-1] c.m.m.c.GoogleApiProxyController         : Mapped: Patchen Street Trailhead, Rating: 4.8, Reviews: 4, EntityType: hiking_area
2026-09-21T11:09:37.162-04:00  INFO 36544 --- [http-nio-8080-exec-1] c.m.m.c.GoogleApiProxyController         : Place types for Western Greenway Trailhead: Turkey Ridge Trail: [hiking_area, sports_activity_location, point_of_interest, establishment]
2026-09-21T11:09:37.162-04:00  INFO 36544 --- [http-nio-8080-exec-1] c.m.m.c.GoogleApiProxyController         : Mapped: Western Greenway Trailhead: Turkey Ridge Trail, Rating: 4.6, Reviews: 15, EntityType: hiking_area
2026-09-21T11:09:37.192-04:00  INFO 36544 --- [http-nio-8080-exec-1] c.m.m.service.PlacesCacheService         : Saved 20 spots to places_cache
2026-09-21T11:09:37.192-04:00  INFO 36544 --- [http-nio-8080-exec-1] c.m.m.c.GoogleApiProxyController         : Backfilled 20 keyword spots to MySQL cache
2026-09-21T11:09:37.193-04:00  INFO 36544 --- [http-nio-8080-exec-1] c.m.m.service.RouteBeautifierService     : Wide retry x2 at 1074.1km zone 17 — radius=20000
2026-09-21T11:09:37.195-04:00  INFO 36544 --- [http-nio-8080-exec-1] c.m.m.c.GoogleApiProxyController         : MySQL cache hit: 1 spots near (39.351459,-91.532129)
2026-09-21T11:09:37.198-04:00  INFO 36544 --- [http-nio-8080-exec-1] c.m.m.c.GoogleApiProxyController         : MySQL cache miss — calling Google Places searchText near (39.351459,-91.532129) keyword=trailhead trail access hiking
2026-09-21T11:09:37.692-04:00  INFO 36544 --- [http-nio-8080-exec-1] c.m.m.c.GoogleApiProxyController         : Place types for Katy Trail - Weldon Spring Trailhead: [hiking_area, sports_activity_location, point_of_interest, establishment]
2026-09-21T11:09:37.692-04:00  INFO 36544 --- [http-nio-8080-exec-1] c.m.m.c.GoogleApiProxyController         : Mapped: Katy Trail - Weldon Spring Trailhead, Rating: 4.6, Reviews: 142, EntityType: hiking_area
2026-09-21T11:09:37.692-04:00  INFO 36544 --- [http-nio-8080-exec-1] c.m.m.c.GoogleApiProxyController         : Place types for Weldon Spring Lewis & Clark Hiking Trail: [hiking_area, sports_activity_location, point_of_interest, establishment]
2026-09-21T11:09:37.692-04:00  INFO 36544 --- [http-nio-8080-exec-1] c.m.m.c.GoogleApiProxyController         : Mapped: Weldon Spring Lewis & Clark Hiking Trail, Rating: 4.8, Reviews: 121, EntityType: hiking_area
2026-09-21T11:09:37.692-04:00  INFO 36544 --- [http-nio-8080-exec-1] c.m.m.c.GoogleApiProxyController         : Place types for Sodalis Park Trailhead: [hiking_area, sports_activity_location, point_of_interest, establishment]
2026-09-21T11:09:37.692-04:00  INFO 36544 --- [http-nio-8080-exec-1] c.m.m.c.GoogleApiProxyController         : Mapped: Sodalis Park Trailhead, Rating: 4.8, Reviews: 58, EntityType: hiking_area
2026-09-21T11:09:37.692-04:00  INFO 36544 --- [http-nio-8080-exec-1] c.m.m.c.GoogleApiProxyController         : Place types for Katy Trail - Marthasville Trailhead: [hiking_area, tourist_attraction, sports_activity_location, point_of_interest, establishment]
2026-09-21T11:09:37.692-04:00  INFO 36544 --- [http-nio-8080-exec-1] c.m.m.c.GoogleApiProxyController         : Mapped: Katy Trail - Marthasville Trailhead, Rating: 4.7, Reviews: 178, EntityType: hiking_area
2026-09-21T11:09:37.692-04:00  INFO 36544 --- [http-nio-8080-exec-1] c.m.m.c.GoogleApiProxyController         : Place types for Katy Trail - Augusta Trailhead: [hiking_area, tourist_attraction, sports_activity_location, point_of_interest, establishment]
2026-09-21T11:09:37.692-04:00  INFO 36544 --- [http-nio-8080-exec-1] c.m.m.c.GoogleApiProxyController         : Mapped: Katy Trail - Augusta Trailhead, Rating: 4.7, Reviews: 229, EntityType: hiking_area
2026-09-21T11:09:37.692-04:00  INFO 36544 --- [http-nio-8080-exec-1] c.m.m.c.GoogleApiProxyController         : Place types for MKT Trail - Forum Katy Parkway Connector Access: [hiking_area, sports_activity_location, point_of_interest, establishment]
2026-09-21T11:09:37.693-04:00  INFO 36544 --- [http-nio-8080-exec-1] c.m.m.c.GoogleApiProxyController         : Mapped: MKT Trail - Forum Katy Parkway Connector Access, Rating: 4.8, Reviews: 17, EntityType: hiking_area
2026-09-21T11:09:37.693-04:00  INFO 36544 --- [http-nio-8080-exec-1] c.m.m.c.GoogleApiProxyController         : Place types for Katy Trail - Dutzow Trailhead: [hiking_area, sports_activity_location, point_of_interest, establishment]
2026-09-21T11:09:37.693-04:00  INFO 36544 --- [http-nio-8080-exec-1] c.m.m.c.GoogleApiProxyController         : Mapped: Katy Trail - Dutzow Trailhead, Rating: 4.7, Reviews: 150, EntityType: hiking_area
2026-09-21T11:09:37.693-04:00  INFO 36544 --- [http-nio-8080-exec-1] c.m.m.c.GoogleApiProxyController         : Place types for Gans Creek Wild Area - Wagon Wheel Trailhead: [hiking_area, sports_activity_location, point_of_interest, establishment]
2026-09-21T11:09:37.693-04:00  INFO 36544 --- [http-nio-8080-exec-1] c.m.m.c.GoogleApiProxyController         : Mapped: Gans Creek Wild Area - Wagon Wheel Trailhead, Rating: 4.7, Reviews: 38, EntityType: hiking_area
2026-09-21T11:09:37.693-04:00  INFO 36544 --- [http-nio-8080-exec-1] c.m.m.c.GoogleApiProxyController         : Place types for Katy Trail - Green Bottom Trailhead: [hiking_area, sports_activity_location, point_of_interest, establishment]
2026-09-21T11:09:37.693-04:00  INFO 36544 --- [http-nio-8080-exec-1] c.m.m.c.GoogleApiProxyController         : Mapped: Katy Trail - Green Bottom Trailhead, Rating: 4.5, Reviews: 128, EntityType: hiking_area
2026-09-21T11:09:37.693-04:00  INFO 36544 --- [http-nio-8080-exec-1] c.m.m.c.GoogleApiProxyController         : Place types for Lost Valley Hiking Trail: [hiking_area, sports_activity_location, point_of_interest, establishment]
2026-09-21T11:09:37.693-04:00  INFO 36544 --- [http-nio-8080-exec-1] c.m.m.c.GoogleApiProxyController         : Mapped: Lost Valley Hiking Trail, Rating: 4.7, Reviews: 164, EntityType: hiking_area
2026-09-21T11:09:37.693-04:00  INFO 36544 --- [http-nio-8080-exec-1] c.m.m.c.GoogleApiProxyController         : Place types for Katy Trail - Boonville Trailhead: [hiking_area, sports_activity_location, point_of_interest, establishment]
2026-09-21T11:09:37.693-04:00  INFO 36544 --- [http-nio-8080-exec-1] c.m.m.c.GoogleApiProxyController         : Mapped: Katy Trail - Boonville Trailhead, Rating: 4.7, Reviews: 155, EntityType: hiking_area
2026-09-21T11:09:37.693-04:00  INFO 36544 --- [http-nio-8080-exec-1] c.m.m.c.GoogleApiProxyController         : Place types for MKT Trail - Lakeshore Drive Access: [hiking_area, sports_activity_location, point_of_interest, establishment]
2026-09-21T11:09:37.693-04:00  INFO 36544 --- [http-nio-8080-exec-1] c.m.m.c.GoogleApiProxyController         : Mapped: MKT Trail - Lakeshore Drive Access, Rating: 4.8, Reviews: 25, EntityType: hiking_area
2026-09-21T11:09:37.693-04:00  INFO 36544 --- [http-nio-8080-exec-1] c.m.m.c.GoogleApiProxyController         : Place types for MKT Trail - Flat Branch Park Access: [hiking_area, sports_activity_location, point_of_interest, establishment]
2026-09-21T11:09:37.693-04:00  INFO 36544 --- [http-nio-8080-exec-1] c.m.m.c.GoogleApiProxyController         : Mapped: MKT Trail - Flat Branch Park Access, Rating: 4.6, Reviews: 23, EntityType: hiking_area
2026-09-21T11:09:37.693-04:00  INFO 36544 --- [http-nio-8080-exec-1] c.m.m.c.GoogleApiProxyController         : Place types for Patchen Street Trailhead: [hiking_area, sports_activity_location, point_of_interest, establishment]
2026-09-21T11:09:37.693-04:00  INFO 36544 --- [http-nio-8080-exec-1] c.m.m.c.GoogleApiProxyController         : Mapped: Patchen Street Trailhead, Rating: 4.8, Reviews: 4, EntityType: hiking_area
2026-09-21T11:09:37.693-04:00  INFO 36544 --- [http-nio-8080-exec-1] c.m.m.c.GoogleApiProxyController         : Place types for Shooting Star Trailhead: [hiking_area, tourist_attraction, sports_activity_location, point_of_interest, establishment]
2026-09-21T11:09:37.693-04:00  INFO 36544 --- [http-nio-8080-exec-1] c.m.m.c.GoogleApiProxyController         : Mapped: Shooting Star Trailhead, Rating: 4.8, Reviews: 77, EntityType: hiking_area
2026-09-21T11:09:37.693-04:00  INFO 36544 --- [http-nio-8080-exec-1] c.m.m.c.GoogleApiProxyController         : Place types for Busch Greenway, Duckett Creek Trailhead: [hiking_area, sports_activity_location, point_of_interest, establishment]
2026-09-21T11:09:37.693-04:00  INFO 36544 --- [http-nio-8080-exec-1] c.m.m.c.GoogleApiProxyController         : Mapped: Busch Greenway, Duckett Creek Trailhead, Rating: 4.8, Reviews: 26, EntityType: hiking_area
2026-09-21T11:09:37.694-04:00  INFO 36544 --- [http-nio-8080-exec-1] c.m.m.c.GoogleApiProxyController         : Place types for Katy Trail: [hiking_area, sports_activity_location, point_of_interest, establishment]
2026-09-21T11:09:37.694-04:00  INFO 36544 --- [http-nio-8080-exec-1] c.m.m.c.GoogleApiProxyController         : Mapped: Katy Trail, Rating: 4.8, Reviews: 36, EntityType: hiking_area
2026-09-21T11:09:37.694-04:00  INFO 36544 --- [http-nio-8080-exec-1] c.m.m.c.GoogleApiProxyController         : Place types for DeClue Trail Trailhead: [hiking_area, sports_activity_location, point_of_interest, establishment]
2026-09-21T11:09:37.694-04:00  INFO 36544 --- [http-nio-8080-exec-1] c.m.m.c.GoogleApiProxyController         : Mapped: DeClue Trail Trailhead, Rating: 4.8, Reviews: 32, EntityType: hiking_area
2026-09-21T11:09:37.694-04:00  INFO 36544 --- [http-nio-8080-exec-1] c.m.m.c.GoogleApiProxyController         : Place types for Eagle Bluffs Overlook Trailhead: [hiking_area, sports_activity_location, point_of_interest, establishment]
2026-09-21T11:09:37.694-04:00  INFO 36544 --- [http-nio-8080-exec-1] c.m.m.c.GoogleApiProxyController         : Mapped: Eagle Bluffs Overlook Trailhead, Rating: 4.0, Reviews: 28, EntityType: hiking_area
2026-09-21T11:09:37.694-04:00  INFO 36544 --- [http-nio-8080-exec-1] c.m.m.c.GoogleApiProxyController         : Place types for Katy Trail - Black Walnut Trailhead: [hiking_area, sports_activity_location, point_of_interest, establishment]
2026-09-21T11:09:37.694-04:00  INFO 36544 --- [http-nio-8080-exec-1] c.m.m.c.GoogleApiProxyController         : Mapped: Katy Trail - Black Walnut Trailhead, Rating: 4.4, Reviews: 65, EntityType: hiking_area
2026-09-21T11:09:37.723-04:00  INFO 36544 --- [http-nio-8080-exec-1] c.m.m.service.PlacesCacheService         : Saved 20 spots to places_cache
2026-09-21T11:09:37.723-04:00  INFO 36544 --- [http-nio-8080-exec-1] c.m.m.c.GoogleApiProxyController         : Backfilled 20 keyword spots to MySQL cache
2026-09-21T11:09:37.724-04:00  INFO 36544 --- [http-nio-8080-exec-1] c.m.m.service.RouteBeautifierService     : Wide retry x2 at 1095.7km zone 18 — radius=20000
2026-09-21T11:09:37.726-04:00  INFO 36544 --- [http-nio-8080-exec-1] c.m.m.c.GoogleApiProxyController         : MySQL cache hit: 3 spots near (39.458091,-91.837905)
2026-09-21T11:09:37.730-04:00  INFO 36544 --- [http-nio-8080-exec-1] c.m.m.c.GoogleApiProxyController         : MySQL cache hit (keyword): 1 spots near (39.458091,-91.837905)
2026-09-21T11:09:37.731-04:00  INFO 36544 --- [http-nio-8080-exec-1] c.m.m.service.RouteBeautifierService     : Wide retry x2 at 1217.8km zone 20 — radius=20000
2026-09-21T11:09:37.733-04:00  INFO 36544 --- [http-nio-8080-exec-1] c.m.m.c.GoogleApiProxyController         : MySQL cache hit: 4 spots near (40.448355,-92.274608)
2026-09-21T11:09:37.736-04:00  INFO 36544 --- [http-nio-8080-exec-1] c.m.m.c.GoogleApiProxyController         : MySQL cache miss — calling Google Places searchText near (40.448355,-92.274608) keyword=trailhead trail access hiking
2026-09-21T11:09:38.228-04:00  INFO 36544 --- [http-nio-8080-exec-1] c.m.m.c.GoogleApiProxyController         : Place types for Forest Lake Area Trail System: [hiking_area, sports_activity_location, point_of_interest, establishment]
2026-09-21T11:09:38.228-04:00  INFO 36544 --- [http-nio-8080-exec-1] c.m.m.c.GoogleApiProxyController         : Mapped: Forest Lake Area Trail System, Rating: 4.9, Reviews: 7, EntityType: hiking_area
2026-09-21T11:09:38.228-04:00  INFO 36544 --- [http-nio-8080-exec-1] c.m.m.c.GoogleApiProxyController         : Place types for Katy Trail - Weldon Spring Trailhead: [hiking_area, sports_activity_location, point_of_interest, establishment]
2026-09-21T11:09:38.228-04:00  INFO 36544 --- [http-nio-8080-exec-1] c.m.m.c.GoogleApiProxyController         : Mapped: Katy Trail - Weldon Spring Trailhead, Rating: 4.6, Reviews: 142, EntityType: hiking_area
2026-09-21T11:09:38.230-04:00  INFO 36544 --- [http-nio-8080-exec-1] c.m.m.c.GoogleApiProxyController         : Place types for Tom Harkin Trailhead: [hiking_area, sports_activity_location, point_of_interest, establishment]
2026-09-21T11:09:38.230-04:00  INFO 36544 --- [http-nio-8080-exec-1] c.m.m.c.GoogleApiProxyController         : Mapped: Tom Harkin Trailhead, Rating: 4.8, Reviews: 103, EntityType: hiking_area
2026-09-21T11:09:38.230-04:00  INFO 36544 --- [http-nio-8080-exec-1] c.m.m.c.GoogleApiProxyController         : Place types for Line Creek Trailhead: [hiking_area, sports_activity_location, point_of_interest, establishment]
2026-09-21T11:09:38.230-04:00  INFO 36544 --- [http-nio-8080-exec-1] c.m.m.c.GoogleApiProxyController         : Mapped: Line Creek Trailhead, Rating: 4.8, Reviews: 359, EntityType: hiking_area
2026-09-21T11:09:38.230-04:00  INFO 36544 --- [http-nio-8080-exec-1] c.m.m.c.GoogleApiProxyController         : Place types for Locust Creek Boardwalk Trailhead: [hiking_area, sports_activity_location, point_of_interest, establishment]
2026-09-21T11:09:38.230-04:00  INFO 36544 --- [http-nio-8080-exec-1] c.m.m.c.GoogleApiProxyController         : Mapped: Locust Creek Boardwalk Trailhead, Rating: 4.8, Reviews: 12, EntityType: hiking_area
2026-09-21T11:09:38.230-04:00  INFO 36544 --- [http-nio-8080-exec-1] c.m.m.c.GoogleApiProxyController         : Place types for Katy Trail - Boonville Trailhead: [hiking_area, sports_activity_location, point_of_interest, establishment]
2026-09-21T11:09:38.230-04:00  INFO 36544 --- [http-nio-8080-exec-1] c.m.m.c.GoogleApiProxyController         : Mapped: Katy Trail - Boonville Trailhead, Rating: 4.7, Reviews: 155, EntityType: hiking_area
2026-09-21T11:09:38.230-04:00  INFO 36544 --- [http-nio-8080-exec-1] c.m.m.c.GoogleApiProxyController         : Place types for MKT Trail - Forum Katy Parkway Connector Access: [hiking_area, sports_activity_location, point_of_interest, establishment]
2026-09-21T11:09:38.230-04:00  INFO 36544 --- [http-nio-8080-exec-1] c.m.m.c.GoogleApiProxyController         : Mapped: MKT Trail - Forum Katy Parkway Connector Access, Rating: 4.8, Reviews: 17, EntityType: hiking_area
2026-09-21T11:09:38.230-04:00  INFO 36544 --- [http-nio-8080-exec-1] c.m.m.c.GoogleApiProxyController         : Place types for Missouri Riverfront Trail Trailhead: [hiking_area, sports_activity_location, point_of_interest, establishment]
2026-09-21T11:09:38.230-04:00  INFO 36544 --- [http-nio-8080-exec-1] c.m.m.c.GoogleApiProxyController         : Mapped: Missouri Riverfront Trail Trailhead, Rating: 4.7, Reviews: 90, EntityType: hiking_area
2026-09-21T11:09:38.230-04:00  INFO 36544 --- [http-nio-8080-exec-1] c.m.m.c.GoogleApiProxyController         : Place types for Weldon Spring Lewis & Clark Hiking Trail: [hiking_area, sports_activity_location, point_of_interest, establishment]
2026-09-21T11:09:38.230-04:00  INFO 36544 --- [http-nio-8080-exec-1] c.m.m.c.GoogleApiProxyController         : Mapped: Weldon Spring Lewis & Clark Hiking Trail, Rating: 4.8, Reviews: 121, EntityType: hiking_area
2026-09-21T11:09:38.230-04:00  INFO 36544 --- [http-nio-8080-exec-1] c.m.m.c.GoogleApiProxyController         : Place types for MKT Trail - Lakeshore Drive Access: [hiking_area, sports_activity_location, point_of_interest, establishment]
2026-09-21T11:09:38.231-04:00  INFO 36544 --- [http-nio-8080-exec-1] c.m.m.c.GoogleApiProxyController         : Mapped: MKT Trail - Lakeshore Drive Access, Rating: 4.8, Reviews: 25, EntityType: hiking_area
2026-09-21T11:09:38.231-04:00  INFO 36544 --- [http-nio-8080-exec-1] c.m.m.c.GoogleApiProxyController         : Place types for Katy Trail - Green Ridge Trailhead: [hiking_area, sports_activity_location, point_of_interest, establishment]
2026-09-21T11:09:38.231-04:00  INFO 36544 --- [http-nio-8080-exec-1] c.m.m.c.GoogleApiProxyController         : Mapped: Katy Trail - Green Ridge Trailhead, Rating: 4.6, Reviews: 58, EntityType: hiking_area
2026-09-21T11:09:38.231-04:00  INFO 36544 --- [http-nio-8080-exec-1] c.m.m.c.GoogleApiProxyController         : Place types for Gans Creek Wild Area - Wagon Wheel Trailhead: [hiking_area, sports_activity_location, point_of_interest, establishment]
2026-09-21T11:09:38.231-04:00  INFO 36544 --- [http-nio-8080-exec-1] c.m.m.c.GoogleApiProxyController         : Mapped: Gans Creek Wild Area - Wagon Wheel Trailhead, Rating: 4.7, Reviews: 38, EntityType: hiking_area
2026-09-21T11:09:38.231-04:00  INFO 36544 --- [http-nio-8080-exec-1] c.m.m.c.GoogleApiProxyController         : Place types for Happy Rock Trail Trailhead Parking Lot: [hiking_area, sports_activity_location, point_of_interest, establishment]
2026-09-21T11:09:38.231-04:00  INFO 36544 --- [http-nio-8080-exec-1] c.m.m.c.GoogleApiProxyController         : Mapped: Happy Rock Trail Trailhead Parking Lot, Rating: 4.7, Reviews: 67, EntityType: hiking_area
2026-09-21T11:09:38.231-04:00  INFO 36544 --- [http-nio-8080-exec-1] c.m.m.c.GoogleApiProxyController         : Place types for Cedar Lake Nature Trail East Trailhead: [hiking_area, sports_activity_location, point_of_interest, establishment]
2026-09-21T11:09:38.231-04:00  INFO 36544 --- [http-nio-8080-exec-1] c.m.m.c.GoogleApiProxyController         : Mapped: Cedar Lake Nature Trail East Trailhead, Rating: 4.5, Reviews: 12, EntityType: hiking_area
2026-09-21T11:09:38.231-04:00  INFO 36544 --- [http-nio-8080-exec-1] c.m.m.c.GoogleApiProxyController         : Place types for MKT Trail - Flat Branch Park Access: [hiking_area, sports_activity_location, point_of_interest, establishment]
2026-09-21T11:09:38.231-04:00  INFO 36544 --- [http-nio-8080-exec-1] c.m.m.c.GoogleApiProxyController         : Mapped: MKT Trail - Flat Branch Park Access, Rating: 4.6, Reviews: 23, EntityType: hiking_area
2026-09-21T11:09:38.231-04:00  INFO 36544 --- [http-nio-8080-exec-1] c.m.m.c.GoogleApiProxyController         : Place types for Heart of Iowa Nature Trail - Main Trailhead: [hiking_area, sports_activity_location, point_of_interest, establishment]
2026-09-21T11:09:38.231-04:00  INFO 36544 --- [http-nio-8080-exec-1] c.m.m.c.GoogleApiProxyController         : Mapped: Heart of Iowa Nature Trail - Main Trailhead, Rating: 4.8, Reviews: 6, EntityType: hiking_area
2026-09-21T11:09:38.231-04:00  INFO 36544 --- [http-nio-8080-exec-1] c.m.m.c.GoogleApiProxyController         : Place types for Eagle Bluffs Overlook Trailhead: [hiking_area, sports_activity_location, point_of_interest, establishment]
2026-09-21T11:09:38.231-04:00  INFO 36544 --- [http-nio-8080-exec-1] c.m.m.c.GoogleApiProxyController         : Mapped: Eagle Bluffs Overlook Trailhead, Rating: 4.0, Reviews: 28, EntityType: hiking_area
2026-09-21T11:09:38.231-04:00  INFO 36544 --- [http-nio-8080-exec-1] c.m.m.c.GoogleApiProxyController         : Place types for Katy Trail - Green Bottom Trailhead: [hiking_area, sports_activity_location, point_of_interest, establishment]
2026-09-21T11:09:38.231-04:00  INFO 36544 --- [http-nio-8080-exec-1] c.m.m.c.GoogleApiProxyController         : Mapped: Katy Trail - Green Bottom Trailhead, Rating: 4.5, Reviews: 128, EntityType: hiking_area
2026-09-21T11:09:38.231-04:00  INFO 36544 --- [http-nio-8080-exec-1] c.m.m.c.GoogleApiProxyController         : Place types for Shooting Star Trailhead: [hiking_area, tourist_attraction, sports_activity_location, point_of_interest, establishment]
2026-09-21T11:09:38.231-04:00  INFO 36544 --- [http-nio-8080-exec-1] c.m.m.c.GoogleApiProxyController         : Mapped: Shooting Star Trailhead, Rating: 4.8, Reviews: 77, EntityType: hiking_area
2026-09-21T11:09:38.231-04:00  INFO 36544 --- [http-nio-8080-exec-1] c.m.m.c.GoogleApiProxyController         : Place types for Katy Trail - Sedalia Trailhead: [hiking_area, sports_activity_location, point_of_interest, establishment]
2026-09-21T11:09:38.232-04:00  INFO 36544 --- [http-nio-8080-exec-1] c.m.m.c.GoogleApiProxyController         : Mapped: Katy Trail - Sedalia Trailhead, Rating: 4.5, Reviews: 90, EntityType: hiking_area
2026-09-21T11:09:38.260-04:00  INFO 36544 --- [http-nio-8080-exec-1] c.m.m.service.PlacesCacheService         : Saved 20 spots to places_cache
2026-09-21T11:09:38.260-04:00  INFO 36544 --- [http-nio-8080-exec-1] c.m.m.c.GoogleApiProxyController         : Backfilled 20 keyword spots to MySQL cache
2026-09-21T11:09:38.261-04:00  INFO 36544 --- [http-nio-8080-exec-1] c.m.m.service.RouteBeautifierService     : Wide retry x2 at 1247.3km zone 20 — radius=20000
2026-09-21T11:09:38.265-04:00  INFO 36544 --- [http-nio-8080-exec-1] c.m.m.c.GoogleApiProxyController         : MySQL cache hit: 1 spots near (40.522289,-92.52363)
2026-09-21T11:09:38.267-04:00  INFO 36544 --- [http-nio-8080-exec-1] c.m.m.c.GoogleApiProxyController         : MySQL cache miss — calling Google Places searchText near (40.522289,-92.52363) keyword=trailhead trail access hiking
2026-09-21T11:09:38.715-04:00  INFO 36544 --- [http-nio-8080-exec-1] c.m.m.c.GoogleApiProxyController         : Place types for Forest Lake Area Trail System: [hiking_area, sports_activity_location, point_of_interest, establishment]
2026-09-21T11:09:38.716-04:00  INFO 36544 --- [http-nio-8080-exec-1] c.m.m.c.GoogleApiProxyController         : Mapped: Forest Lake Area Trail System, Rating: 4.9, Reviews: 7, EntityType: hiking_area
2026-09-21T11:09:38.716-04:00  INFO 36544 --- [http-nio-8080-exec-1] c.m.m.c.GoogleApiProxyController         : Place types for Tom Harkin Trailhead: [hiking_area, sports_activity_location, point_of_interest, establishment]
2026-09-21T11:09:38.716-04:00  INFO 36544 --- [http-nio-8080-exec-1] c.m.m.c.GoogleApiProxyController         : Mapped: Tom Harkin Trailhead, Rating: 4.8, Reviews: 103, EntityType: hiking_area
2026-09-21T11:09:38.716-04:00  INFO 36544 --- [http-nio-8080-exec-1] c.m.m.c.GoogleApiProxyController         : Place types for Katy Trail - Weldon Spring Trailhead: [hiking_area, sports_activity_location, point_of_interest, establishment]
2026-09-21T11:09:38.716-04:00  INFO 36544 --- [http-nio-8080-exec-1] c.m.m.c.GoogleApiProxyController         : Mapped: Katy Trail - Weldon Spring Trailhead, Rating: 4.6, Reviews: 142, EntityType: hiking_area
2026-09-21T11:09:38.716-04:00  INFO 36544 --- [http-nio-8080-exec-1] c.m.m.c.GoogleApiProxyController         : Place types for Locust Creek Boardwalk Trailhead: [hiking_area, sports_activity_location, point_of_interest, establishment]
2026-09-21T11:09:38.716-04:00  INFO 36544 --- [http-nio-8080-exec-1] c.m.m.c.GoogleApiProxyController         : Mapped: Locust Creek Boardwalk Trailhead, Rating: 4.8, Reviews: 12, EntityType: hiking_area
2026-09-21T11:09:38.716-04:00  INFO 36544 --- [http-nio-8080-exec-1] c.m.m.c.GoogleApiProxyController         : Place types for Line Creek Trailhead: [hiking_area, sports_activity_location, point_of_interest, establishment]
2026-09-21T11:09:38.716-04:00  INFO 36544 --- [http-nio-8080-exec-1] c.m.m.c.GoogleApiProxyController         : Mapped: Line Creek Trailhead, Rating: 4.8, Reviews: 359, EntityType: hiking_area
2026-09-21T11:09:38.716-04:00  INFO 36544 --- [http-nio-8080-exec-1] c.m.m.c.GoogleApiProxyController         : Place types for Katy Trail - Boonville Trailhead: [hiking_area, sports_activity_location, point_of_interest, establishment]
2026-09-21T11:09:38.716-04:00  INFO 36544 --- [http-nio-8080-exec-1] c.m.m.c.GoogleApiProxyController         : Mapped: Katy Trail - Boonville Trailhead, Rating: 4.7, Reviews: 155, EntityType: hiking_area
2026-09-21T11:09:38.716-04:00  INFO 36544 --- [http-nio-8080-exec-1] c.m.m.c.GoogleApiProxyController         : Place types for Missouri Riverfront Trail Trailhead: [hiking_area, sports_activity_location, point_of_interest, establishment]
2026-09-21T11:09:38.716-04:00  INFO 36544 --- [http-nio-8080-exec-1] c.m.m.c.GoogleApiProxyController         : Mapped: Missouri Riverfront Trail Trailhead, Rating: 4.7, Reviews: 90, EntityType: hiking_area
2026-09-21T11:09:38.716-04:00  INFO 36544 --- [http-nio-8080-exec-1] c.m.m.c.GoogleApiProxyController         : Place types for MKT Trail - Forum Katy Parkway Connector Access: [hiking_area, sports_activity_location, point_of_interest, establishment]
2026-09-21T11:09:38.716-04:00  INFO 36544 --- [http-nio-8080-exec-1] c.m.m.c.GoogleApiProxyController         : Mapped: MKT Trail - Forum Katy Parkway Connector Access, Rating: 4.8, Reviews: 17, EntityType: hiking_area
2026-09-21T11:09:38.716-04:00  INFO 36544 --- [http-nio-8080-exec-1] c.m.m.c.GoogleApiProxyController         : Place types for Heart of Iowa Nature Trail - Main Trailhead: [hiking_area, sports_activity_location, point_of_interest, establishment]
2026-09-21T11:09:38.716-04:00  INFO 36544 --- [http-nio-8080-exec-1] c.m.m.c.GoogleApiProxyController         : Mapped: Heart of Iowa Nature Trail - Main Trailhead, Rating: 4.8, Reviews: 6, EntityType: hiking_area
2026-09-21T11:09:38.716-04:00  INFO 36544 --- [http-nio-8080-exec-1] c.m.m.c.GoogleApiProxyController         : Place types for Cedar Lake Nature Trail East Trailhead: [hiking_area, sports_activity_location, point_of_interest, establishment]
2026-09-21T11:09:38.716-04:00  INFO 36544 --- [http-nio-8080-exec-1] c.m.m.c.GoogleApiProxyController         : Mapped: Cedar Lake Nature Trail East Trailhead, Rating: 4.5, Reviews: 12, EntityType: hiking_area
2026-09-21T11:09:38.716-04:00  INFO 36544 --- [http-nio-8080-exec-1] c.m.m.c.GoogleApiProxyController         : Place types for Happy Rock Trail Trailhead Parking Lot: [hiking_area, sports_activity_location, point_of_interest, establishment]
2026-09-21T11:09:38.717-04:00  INFO 36544 --- [http-nio-8080-exec-1] c.m.m.c.GoogleApiProxyController         : Mapped: Happy Rock Trail Trailhead Parking Lot, Rating: 4.7, Reviews: 67, EntityType: hiking_area
2026-09-21T11:09:38.717-04:00  INFO 36544 --- [http-nio-8080-exec-1] c.m.m.c.GoogleApiProxyController         : Place types for Weldon Spring Lewis & Clark Hiking Trail: [hiking_area, sports_activity_location, point_of_interest, establishment]
2026-09-21T11:09:38.717-04:00  INFO 36544 --- [http-nio-8080-exec-1] c.m.m.c.GoogleApiProxyController         : Mapped: Weldon Spring Lewis & Clark Hiking Trail, Rating: 4.8, Reviews: 121, EntityType: hiking_area
2026-09-21T11:09:38.717-04:00  INFO 36544 --- [http-nio-8080-exec-1] c.m.m.c.GoogleApiProxyController         : Place types for Katy Trail - Green Ridge Trailhead: [hiking_area, sports_activity_location, point_of_interest, establishment]
2026-09-21T11:09:38.717-04:00  INFO 36544 --- [http-nio-8080-exec-1] c.m.m.c.GoogleApiProxyController         : Mapped: Katy Trail - Green Ridge Trailhead, Rating: 4.6, Reviews: 58, EntityType: hiking_area
2026-09-21T11:09:38.717-04:00  INFO 36544 --- [http-nio-8080-exec-1] c.m.m.c.GoogleApiProxyController         : Place types for Gans Creek Wild Area - Wagon Wheel Trailhead: [hiking_area, sports_activity_location, point_of_interest, establishment]
2026-09-21T11:09:38.717-04:00  INFO 36544 --- [http-nio-8080-exec-1] c.m.m.c.GoogleApiProxyController         : Mapped: Gans Creek Wild Area - Wagon Wheel Trailhead, Rating: 4.7, Reviews: 38, EntityType: hiking_area
2026-09-21T11:09:38.717-04:00  INFO 36544 --- [http-nio-8080-exec-1] c.m.m.c.GoogleApiProxyController         : Place types for Shooting Star Trailhead: [hiking_area, tourist_attraction, sports_activity_location, point_of_interest, establishment]
2026-09-21T11:09:38.717-04:00  INFO 36544 --- [http-nio-8080-exec-1] c.m.m.c.GoogleApiProxyController         : Mapped: Shooting Star Trailhead, Rating: 4.8, Reviews: 77, EntityType: hiking_area
2026-09-21T11:09:38.717-04:00  INFO 36544 --- [http-nio-8080-exec-1] c.m.m.c.GoogleApiProxyController         : Place types for Blue River Parkway Trails - Blue Ridge Blvd Trail Head: [hiking_area, sports_activity_location, point_of_interest, establishment]
2026-09-21T11:09:38.717-04:00  INFO 36544 --- [http-nio-8080-exec-1] c.m.m.c.GoogleApiProxyController         : Mapped: Blue River Parkway Trails - Blue Ridge Blvd Trail Head, Rating: 4.7, Reviews: 94, EntityType: hiking_area
2026-09-21T11:09:38.717-04:00  INFO 36544 --- [http-nio-8080-exec-1] c.m.m.c.GoogleApiProxyController         : Place types for Eagle Bluffs Overlook Trailhead: [hiking_area, sports_activity_location, point_of_interest, establishment]
2026-09-21T11:09:38.717-04:00  INFO 36544 --- [http-nio-8080-exec-1] c.m.m.c.GoogleApiProxyController         : Mapped: Eagle Bluffs Overlook Trailhead, Rating: 4.0, Reviews: 28, EntityType: hiking_area
2026-09-21T11:09:38.717-04:00  INFO 36544 --- [http-nio-8080-exec-1] c.m.m.c.GoogleApiProxyController         : Place types for Katy Trail - Sedalia Trailhead: [hiking_area, sports_activity_location, point_of_interest, establishment]
2026-09-21T11:09:38.717-04:00  INFO 36544 --- [http-nio-8080-exec-1] c.m.m.c.GoogleApiProxyController         : Mapped: Katy Trail - Sedalia Trailhead, Rating: 4.5, Reviews: 90, EntityType: hiking_area
2026-09-21T11:09:38.717-04:00  INFO 36544 --- [http-nio-8080-exec-1] c.m.m.c.GoogleApiProxyController         : Place types for MKT Trail - Flat Branch Park Access: [hiking_area, sports_activity_location, point_of_interest, establishment]
2026-09-21T11:09:38.717-04:00  INFO 36544 --- [http-nio-8080-exec-1] c.m.m.c.GoogleApiProxyController         : Mapped: MKT Trail - Flat Branch Park Access, Rating: 4.6, Reviews: 23, EntityType: hiking_area
2026-09-21T11:09:38.717-04:00  INFO 36544 --- [http-nio-8080-exec-1] c.m.m.c.GoogleApiProxyController         : Place types for Trails at Hodge Park: [hiking_area, sports_activity_location, point_of_interest, establishment]
2026-09-21T11:09:38.717-04:00  INFO 36544 --- [http-nio-8080-exec-1] c.m.m.c.GoogleApiProxyController         : Mapped: Trails at Hodge Park, Rating: 4.6, Reviews: 19, EntityType: hiking_area
2026-09-21T11:09:38.740-04:00  INFO 36544 --- [http-nio-8080-exec-1] c.m.m.service.PlacesCacheService         : Saved 20 spots to places_cache
2026-09-21T11:09:38.740-04:00  INFO 36544 --- [http-nio-8080-exec-1] c.m.m.c.GoogleApiProxyController         : Backfilled 20 keyword spots to MySQL cache
2026-09-21T11:09:38.741-04:00  INFO 36544 --- [http-nio-8080-exec-1] c.m.m.service.RouteBeautifierService     : Wide retry x2 at 1398.5km zone 23 — radius=20000
2026-09-21T11:09:38.743-04:00  INFO 36544 --- [http-nio-8080-exec-1] c.m.m.c.GoogleApiProxyController         : MySQL cache hit: 7 spots near (40.71071,-94.136642)
2026-09-21T11:09:38.745-04:00  INFO 36544 --- [http-nio-8080-exec-1] c.m.m.c.GoogleApiProxyController         : MySQL cache miss — calling Google Places searchText near (40.71071,-94.136642) keyword=trailhead trail access hiking
2026-09-21T11:09:39.281-04:00  INFO 36544 --- [http-nio-8080-exec-1] c.m.m.c.GoogleApiProxyController         : Place types for Heart of Iowa Nature Trail - Main Trailhead: [hiking_area, sports_activity_location, point_of_interest, establishment]
2026-09-21T11:09:39.282-04:00  INFO 36544 --- [http-nio-8080-exec-1] c.m.m.c.GoogleApiProxyController         : Mapped: Heart of Iowa Nature Trail - Main Trailhead, Rating: 4.8, Reviews: 6, EntityType: hiking_area
2026-09-21T11:09:39.282-04:00  INFO 36544 --- [http-nio-8080-exec-1] c.m.m.c.GoogleApiProxyController         : Place types for Cedar Lake Nature Trail East Trailhead: [hiking_area, sports_activity_location, point_of_interest, establishment]
2026-09-21T11:09:39.282-04:00  INFO 36544 --- [http-nio-8080-exec-1] c.m.m.c.GoogleApiProxyController         : Mapped: Cedar Lake Nature Trail East Trailhead, Rating: 4.5, Reviews: 12, EntityType: hiking_area
2026-09-21T11:09:39.282-04:00  INFO 36544 --- [http-nio-8080-exec-1] c.m.m.c.GoogleApiProxyController         : Place types for Line Creek Trailhead: [hiking_area, sports_activity_location, point_of_interest, establishment]
2026-09-21T11:09:39.282-04:00  INFO 36544 --- [http-nio-8080-exec-1] c.m.m.c.GoogleApiProxyController         : Mapped: Line Creek Trailhead, Rating: 4.8, Reviews: 359, EntityType: hiking_area
2026-09-21T11:09:39.282-04:00  INFO 36544 --- [http-nio-8080-exec-1] c.m.m.c.GoogleApiProxyController         : Place types for Twin Creek Trailhead: [hiking_area, sports_activity_location, point_of_interest, establishment]
2026-09-21T11:09:39.282-04:00  INFO 36544 --- [http-nio-8080-exec-1] c.m.m.c.GoogleApiProxyController         : Mapped: Twin Creek Trailhead, Rating: 4.8, Reviews: 70, EntityType: hiking_area
2026-09-21T11:09:39.282-04:00  INFO 36544 --- [http-nio-8080-exec-1] c.m.m.c.GoogleApiProxyController         : Place types for North Access to Sycamore Trail: [hiking_area, sports_activity_location, point_of_interest, establishment]
2026-09-21T11:09:39.282-04:00  INFO 36544 --- [http-nio-8080-exec-1] c.m.m.c.GoogleApiProxyController         : Mapped: North Access to Sycamore Trail, Rating: 4.5, Reviews: 17, EntityType: hiking_area
2026-09-21T11:09:39.282-04:00  INFO 36544 --- [http-nio-8080-exec-1] c.m.m.c.GoogleApiProxyController         : Place types for Trail head: [hiking_area, sports_activity_location, point_of_interest, establishment]
2026-09-21T11:09:39.282-04:00  INFO 36544 --- [http-nio-8080-exec-1] c.m.m.c.GoogleApiProxyController         : Mapped: Trail head, Rating: 5.0, Reviews: 1, EntityType: hiking_area
2026-09-21T11:09:39.282-04:00  INFO 36544 --- [http-nio-8080-exec-1] c.m.m.c.GoogleApiProxyController         : Place types for Missouri Riverfront Trail Trailhead: [hiking_area, sports_activity_location, point_of_interest, establishment]
2026-09-21T11:09:39.282-04:00  INFO 36544 --- [http-nio-8080-exec-1] c.m.m.c.GoogleApiProxyController         : Mapped: Missouri Riverfront Trail Trailhead, Rating: 4.7, Reviews: 90, EntityType: hiking_area
2026-09-21T11:09:39.282-04:00  INFO 36544 --- [http-nio-8080-exec-1] c.m.m.c.GoogleApiProxyController         : Place types for South Trailhead: [hiking_area, sports_activity_location, point_of_interest, establishment]
2026-09-21T11:09:39.282-04:00  INFO 36544 --- [http-nio-8080-exec-1] c.m.m.c.GoogleApiProxyController         : Mapped: South Trailhead, Rating: 4.0, Reviews: 1, EntityType: hiking_area
2026-09-21T11:09:39.282-04:00  INFO 36544 --- [http-nio-8080-exec-1] c.m.m.c.GoogleApiProxyController         : Place types for Happy Rock Trail Trailhead Parking Lot: [hiking_area, sports_activity_location, point_of_interest, establishment]
2026-09-21T11:09:39.282-04:00  INFO 36544 --- [http-nio-8080-exec-1] c.m.m.c.GoogleApiProxyController         : Mapped: Happy Rock Trail Trailhead Parking Lot, Rating: 4.7, Reviews: 67, EntityType: hiking_area
2026-09-21T11:09:39.282-04:00  INFO 36544 --- [http-nio-8080-exec-1] c.m.m.c.GoogleApiProxyController         : Place types for Great Western Trail Head: [hiking_area, sports_activity_location, point_of_interest, establishment]
2026-09-21T11:09:39.282-04:00  INFO 36544 --- [http-nio-8080-exec-1] c.m.m.c.GoogleApiProxyController         : Mapped: Great Western Trail Head, Rating: 4.7, Reviews: 31, EntityType: hiking_area
2026-09-21T11:09:39.282-04:00  INFO 36544 --- [http-nio-8080-exec-1] c.m.m.c.GoogleApiProxyController         : Place types for Mopac Trail (Trailhead): [hiking_area, sports_activity_location, point_of_interest, establishment]
2026-09-21T11:09:39.282-04:00  INFO 36544 --- [http-nio-8080-exec-1] c.m.m.c.GoogleApiProxyController         : Mapped: Mopac Trail (Trailhead), Rating: 4.7, Reviews: 32, EntityType: hiking_area
2026-09-21T11:09:39.283-04:00  INFO 36544 --- [http-nio-8080-exec-1] c.m.m.c.GoogleApiProxyController         : Place types for Lost Lake Trail Head: [hiking_area, sports_activity_location, point_of_interest, establishment]
2026-09-21T11:09:39.283-04:00  INFO 36544 --- [http-nio-8080-exec-1] c.m.m.c.GoogleApiProxyController         : Mapped: Lost Lake Trail Head, Rating: 4.6, Reviews: 14, EntityType: hiking_area
2026-09-21T11:09:39.283-04:00  INFO 36544 --- [http-nio-8080-exec-1] c.m.m.c.GoogleApiProxyController         : Place types for Trails at Hodge Park: [hiking_area, sports_activity_location, point_of_interest, establishment]
2026-09-21T11:09:39.283-04:00  INFO 36544 --- [http-nio-8080-exec-1] c.m.m.c.GoogleApiProxyController         : Mapped: Trails at Hodge Park, Rating: 4.6, Reviews: 19, EntityType: hiking_area
2026-09-21T11:09:39.283-04:00  INFO 36544 --- [http-nio-8080-exec-1] c.m.m.c.GoogleApiProxyController         : Place types for Paved Trailhead: [hiking_area, sports_activity_location, point_of_interest, establishment]
2026-09-21T11:09:39.283-04:00  INFO 36544 --- [http-nio-8080-exec-1] c.m.m.c.GoogleApiProxyController         : Mapped: Paved Trailhead, Rating: 4.9, Reviews: 60, EntityType: hiking_area
2026-09-21T11:09:39.283-04:00  INFO 36544 --- [http-nio-8080-exec-1] c.m.m.c.GoogleApiProxyController         : Place types for Blue River Parkway Trails - Blue Ridge Blvd Trail Head: [hiking_area, sports_activity_location, point_of_interest, establishment]
2026-09-21T11:09:39.283-04:00  INFO 36544 --- [http-nio-8080-exec-1] c.m.m.c.GoogleApiProxyController         : Mapped: Blue River Parkway Trails - Blue Ridge Blvd Trail Head, Rating: 4.7, Reviews: 94, EntityType: hiking_area
2026-09-21T11:09:39.283-04:00  INFO 36544 --- [http-nio-8080-exec-1] c.m.m.c.GoogleApiProxyController         : Place types for Locust Creek Boardwalk Trailhead: [hiking_area, sports_activity_location, point_of_interest, establishment]
2026-09-21T11:09:39.283-04:00  INFO 36544 --- [http-nio-8080-exec-1] c.m.m.c.GoogleApiProxyController         : Mapped: Locust Creek Boardwalk Trailhead, Rating: 4.8, Reviews: 12, EntityType: hiking_area
2026-09-21T11:09:39.283-04:00  INFO 36544 --- [http-nio-8080-exec-1] c.m.m.c.GoogleApiProxyController         : Place types for West Papio Trail Giles Avenue Trailhead: [hiking_area, sports_activity_location, point_of_interest, establishment]
2026-09-21T11:09:39.283-04:00  INFO 36544 --- [http-nio-8080-exec-1] c.m.m.c.GoogleApiProxyController         : Mapped: West Papio Trail Giles Avenue Trailhead, Rating: 4.8, Reviews: 46, EntityType: hiking_area
2026-09-21T11:09:39.283-04:00  INFO 36544 --- [http-nio-8080-exec-1] c.m.m.c.GoogleApiProxyController         : Place types for Blue River Parkway Trailhead in Minor Park: [hiking_area, sports_activity_location, point_of_interest, establishment]
2026-09-21T11:09:39.283-04:00  INFO 36544 --- [http-nio-8080-exec-1] c.m.m.c.GoogleApiProxyController         : Mapped: Blue River Parkway Trailhead in Minor Park, Rating: 4.7, Reviews: 146, EntityType: hiking_area
2026-09-21T11:09:39.283-04:00  INFO 36544 --- [http-nio-8080-exec-1] c.m.m.c.GoogleApiProxyController         : Place types for Rock Island Rail Trailhead: [hiking_area, sports_activity_location, point_of_interest, establishment]
2026-09-21T11:09:39.283-04:00  INFO 36544 --- [http-nio-8080-exec-1] c.m.m.c.GoogleApiProxyController         : Mapped: Rock Island Rail Trailhead, Rating: 4.8, Reviews: 237, EntityType: hiking_area
2026-09-21T11:09:39.283-04:00  INFO 36544 --- [http-nio-8080-exec-1] c.m.m.c.GoogleApiProxyController         : Place types for Wabash Trace Depot Trailhead, Shenandoah, IA: [hiking_area, sports_activity_location, point_of_interest, establishment]
2026-09-21T11:09:39.283-04:00  INFO 36544 --- [http-nio-8080-exec-1] c.m.m.c.GoogleApiProxyController         : Mapped: Wabash Trace Depot Trailhead, Shenandoah, IA, Rating: 4.8, Reviews: 5, EntityType: hiking_area
2026-09-21T11:09:39.307-04:00  INFO 36544 --- [http-nio-8080-exec-1] c.m.m.service.PlacesCacheService         : Saved 20 spots to places_cache
2026-09-21T11:09:39.307-04:00  INFO 36544 --- [http-nio-8080-exec-1] c.m.m.c.GoogleApiProxyController         : Backfilled 20 keyword spots to MySQL cache
2026-09-21T11:09:39.308-04:00  INFO 36544 --- [http-nio-8080-exec-1] c.m.m.service.RouteBeautifierService     : Wide retry x2 at 1429.8km zone 23 — radius=20000
2026-09-21T11:09:39.310-04:00  INFO 36544 --- [http-nio-8080-exec-1] c.m.m.c.GoogleApiProxyController         : MySQL cache hit: 5 spots near (40.844746,-94.47166)
2026-09-21T11:09:39.312-04:00  INFO 36544 --- [http-nio-8080-exec-1] c.m.m.c.GoogleApiProxyController         : MySQL cache hit (keyword): 1 spots near (40.844746,-94.47166)
2026-09-21T11:09:39.312-04:00  INFO 36544 --- [http-nio-8080-exec-1] c.m.m.service.RouteBeautifierService     : Wide retry x3 at 970.6km zone 16 — radius=30000
2026-09-21T11:09:39.314-04:00  INFO 36544 --- [http-nio-8080-exec-1] c.m.m.c.GoogleApiProxyController         : MySQL cache hit: 5 spots near (39.349641,-90.623042)
2026-09-21T11:09:39.315-04:00  INFO 36544 --- [http-nio-8080-exec-1] c.m.m.c.GoogleApiProxyController         : MySQL cache miss — calling Google Places searchText near (39.349641,-90.623042) keyword=trailhead trail access hiking
2026-09-21T11:09:39.668-04:00  INFO 36544 --- [http-nio-8080-exec-1] c.m.m.c.GoogleApiProxyController         : Place types for Katy Trail - Weldon Spring Trailhead: [hiking_area, sports_activity_location, point_of_interest, establishment]
2026-09-21T11:09:39.668-04:00  INFO 36544 --- [http-nio-8080-exec-1] c.m.m.c.GoogleApiProxyController         : Mapped: Katy Trail - Weldon Spring Trailhead, Rating: 4.6, Reviews: 142, EntityType: hiking_area
2026-09-21T11:09:39.668-04:00  INFO 36544 --- [http-nio-8080-exec-1] c.m.m.c.GoogleApiProxyController         : Place types for Weldon Spring Lewis & Clark Hiking Trail: [hiking_area, sports_activity_location, point_of_interest, establishment]
2026-09-21T11:09:39.668-04:00  INFO 36544 --- [http-nio-8080-exec-1] c.m.m.c.GoogleApiProxyController         : Mapped: Weldon Spring Lewis & Clark Hiking Trail, Rating: 4.8, Reviews: 121, EntityType: hiking_area
2026-09-21T11:09:39.668-04:00  INFO 36544 --- [http-nio-8080-exec-1] c.m.m.c.GoogleApiProxyController         : Place types for Lost Valley Hiking Trail: [hiking_area, sports_activity_location, point_of_interest, establishment]
2026-09-21T11:09:39.668-04:00  INFO 36544 --- [http-nio-8080-exec-1] c.m.m.c.GoogleApiProxyController         : Mapped: Lost Valley Hiking Trail, Rating: 4.7, Reviews: 164, EntityType: hiking_area
2026-09-21T11:09:39.668-04:00  INFO 36544 --- [http-nio-8080-exec-1] c.m.m.c.GoogleApiProxyController         : Place types for Busch Greenway Howell Trailhead: [hiking_area, sports_activity_location, point_of_interest, establishment]
2026-09-21T11:09:39.668-04:00  INFO 36544 --- [http-nio-8080-exec-1] c.m.m.c.GoogleApiProxyController         : Mapped: Busch Greenway Howell Trailhead, Rating: 4.8, Reviews: 214, EntityType: hiking_area
2026-09-21T11:09:39.668-04:00  INFO 36544 --- [http-nio-8080-exec-1] c.m.m.c.GoogleApiProxyController         : Place types for Bootlegger's Run Trailhead: [hiking_area, sports_activity_location, point_of_interest, establishment]
2026-09-21T11:09:39.668-04:00  INFO 36544 --- [http-nio-8080-exec-1] c.m.m.c.GoogleApiProxyController         : Mapped: Bootlegger's Run Trailhead, Rating: 4.8, Reviews: 147, EntityType: hiking_area
2026-09-21T11:09:39.668-04:00  INFO 36544 --- [http-nio-8080-exec-1] c.m.m.c.GoogleApiProxyController         : Place types for Katy Trail - Augusta Trailhead: [hiking_area, tourist_attraction, sports_activity_location, point_of_interest, establishment]
2026-09-21T11:09:39.668-04:00  INFO 36544 --- [http-nio-8080-exec-1] c.m.m.c.GoogleApiProxyController         : Mapped: Katy Trail - Augusta Trailhead, Rating: 4.7, Reviews: 229, EntityType: hiking_area
2026-09-21T11:09:39.668-04:00  INFO 36544 --- [http-nio-8080-exec-1] c.m.m.c.GoogleApiProxyController         : Place types for Katy Trail - Marthasville Trailhead: [hiking_area, tourist_attraction, sports_activity_location, point_of_interest, establishment]
2026-09-21T11:09:39.668-04:00  INFO 36544 --- [http-nio-8080-exec-1] c.m.m.c.GoogleApiProxyController         : Mapped: Katy Trail - Marthasville Trailhead, Rating: 4.7, Reviews: 178, EntityType: hiking_area
2026-09-21T11:09:39.668-04:00  INFO 36544 --- [http-nio-8080-exec-1] c.m.m.c.GoogleApiProxyController         : Place types for Katy Trail - Green Bottom Trailhead: [hiking_area, sports_activity_location, point_of_interest, establishment]
2026-09-21T11:09:39.668-04:00  INFO 36544 --- [http-nio-8080-exec-1] c.m.m.c.GoogleApiProxyController         : Mapped: Katy Trail - Green Bottom Trailhead, Rating: 4.5, Reviews: 128, EntityType: hiking_area
2026-09-21T11:09:39.668-04:00  INFO 36544 --- [http-nio-8080-exec-1] c.m.m.c.GoogleApiProxyController         : Place types for Katy Trail - Black Walnut Trailhead: [hiking_area, sports_activity_location, point_of_interest, establishment]
2026-09-21T11:09:39.669-04:00  INFO 36544 --- [http-nio-8080-exec-1] c.m.m.c.GoogleApiProxyController         : Mapped: Katy Trail - Black Walnut Trailhead, Rating: 4.4, Reviews: 65, EntityType: hiking_area
2026-09-21T11:09:39.669-04:00  INFO 36544 --- [http-nio-8080-exec-1] c.m.m.c.GoogleApiProxyController         : Place types for Busch Greenway, Duckett Creek Trailhead: [hiking_area, sports_activity_location, point_of_interest, establishment]
2026-09-21T11:09:39.669-04:00  INFO 36544 --- [http-nio-8080-exec-1] c.m.m.c.GoogleApiProxyController         : Mapped: Busch Greenway, Duckett Creek Trailhead, Rating: 4.8, Reviews: 26, EntityType: hiking_area
2026-09-21T11:09:39.669-04:00  INFO 36544 --- [http-nio-8080-exec-1] c.m.m.c.GoogleApiProxyController         : Place types for Katy Trail: [hiking_area, sports_activity_location, point_of_interest, establishment]
2026-09-21T11:09:39.669-04:00  INFO 36544 --- [http-nio-8080-exec-1] c.m.m.c.GoogleApiProxyController         : Mapped: Katy Trail, Rating: 4.8, Reviews: 36, EntityType: hiking_area
2026-09-21T11:09:39.669-04:00  INFO 36544 --- [http-nio-8080-exec-1] c.m.m.c.GoogleApiProxyController         : Place types for River Scene Trail: [hiking_area, tourist_attraction, sports_activity_location, point_of_interest, establishment]
2026-09-21T11:09:39.669-04:00  INFO 36544 --- [http-nio-8080-exec-1] c.m.m.c.GoogleApiProxyController         : Mapped: River Scene Trail, Rating: 4.8, Reviews: 366, EntityType: hiking_area
2026-09-21T11:09:39.669-04:00  INFO 36544 --- [http-nio-8080-exec-1] c.m.m.c.GoogleApiProxyController         : Place types for Katy Trail - Dutzow Trailhead: [hiking_area, sports_activity_location, point_of_interest, establishment]
2026-09-21T11:09:39.669-04:00  INFO 36544 --- [http-nio-8080-exec-1] c.m.m.c.GoogleApiProxyController         : Mapped: Katy Trail - Dutzow Trailhead, Rating: 4.7, Reviews: 150, EntityType: hiking_area
2026-09-21T11:09:39.669-04:00  INFO 36544 --- [http-nio-8080-exec-1] c.m.m.c.GoogleApiProxyController         : Place types for Trail Among the Trees trailhead: [hiking_area, sports_activity_location, point_of_interest, establishment]
2026-09-21T11:09:39.669-04:00  INFO 36544 --- [http-nio-8080-exec-1] c.m.m.c.GoogleApiProxyController         : Mapped: Trail Among the Trees trailhead, Rating: 4.8, Reviews: 44, EntityType: hiking_area
2026-09-21T11:09:39.669-04:00  INFO 36544 --- [http-nio-8080-exec-1] c.m.m.c.GoogleApiProxyController         : Place types for Bluffview Trail: [hiking_area, tourist_attraction, sports_activity_location, point_of_interest, establishment]
2026-09-21T11:09:39.669-04:00  INFO 36544 --- [http-nio-8080-exec-1] c.m.m.c.GoogleApiProxyController         : Mapped: Bluffview Trail, Rating: 4.7, Reviews: 83, EntityType: hiking_area
2026-09-21T11:09:39.669-04:00  INFO 36544 --- [http-nio-8080-exec-1] c.m.m.c.GoogleApiProxyController         : Place types for Missouri Greenway Trailhead: Monarch Chesterfield Levee Trail: [hiking_area, tourist_attraction, sports_activity_location, point_of_interest, establishment]
2026-09-21T11:09:39.669-04:00  INFO 36544 --- [http-nio-8080-exec-1] c.m.m.c.GoogleApiProxyController         : Mapped: Missouri Greenway Trailhead: Monarch Chesterfield Levee Trail, Rating: 4.5, Reviews: 78, EntityType: hiking_area
2026-09-21T11:09:39.669-04:00  INFO 36544 --- [http-nio-8080-exec-1] c.m.m.c.GoogleApiProxyController         : Place types for DeClue Trail Trailhead: [hiking_area, sports_activity_location, point_of_interest, establishment]
2026-09-21T11:09:39.669-04:00  INFO 36544 --- [http-nio-8080-exec-1] c.m.m.c.GoogleApiProxyController         : Mapped: DeClue Trail Trailhead, Rating: 4.8, Reviews: 32, EntityType: hiking_area
2026-09-21T11:09:39.669-04:00  INFO 36544 --- [http-nio-8080-exec-1] c.m.m.c.GoogleApiProxyController         : Place types for Lime Kiln Trailhead: [hiking_area, sports_activity_location, point_of_interest, establishment]
2026-09-21T11:09:39.669-04:00  INFO 36544 --- [http-nio-8080-exec-1] c.m.m.c.GoogleApiProxyController         : Mapped: Lime Kiln Trailhead, Rating: 4.8, Reviews: 117, EntityType: hiking_area
2026-09-21T11:09:39.669-04:00  INFO 36544 --- [http-nio-8080-exec-1] c.m.m.c.GoogleApiProxyController         : Place types for Meramec Greenway Trailhead: Rock Hollow Trail: [hiking_area, sports_activity_location, point_of_interest, establishment]
2026-09-21T11:09:39.669-04:00  INFO 36544 --- [http-nio-8080-exec-1] c.m.m.c.GoogleApiProxyController         : Mapped: Meramec Greenway Trailhead: Rock Hollow Trail, Rating: 4.9, Reviews: 165, EntityType: hiking_area
2026-09-21T11:09:39.669-04:00  INFO 36544 --- [http-nio-8080-exec-1] c.m.m.c.GoogleApiProxyController         : Place types for Hickory South Trailhead: [hiking_area, sports_activity_location, point_of_interest, establishment]
2026-09-21T11:09:39.669-04:00  INFO 36544 --- [http-nio-8080-exec-1] c.m.m.c.GoogleApiProxyController         : Mapped: Hickory South Trailhead, Rating: 4.0, Reviews: 2, EntityType: hiking_area
2026-09-21T11:09:39.746-04:00  INFO 36544 --- [http-nio-8080-exec-1] c.m.m.service.PlacesCacheService         : Saved 20 spots to places_cache
2026-09-21T11:09:39.747-04:00  INFO 36544 --- [http-nio-8080-exec-1] c.m.m.c.GoogleApiProxyController         : Backfilled 20 keyword spots to MySQL cache
2026-09-21T11:09:39.748-04:00  INFO 36544 --- [http-nio-8080-exec-1] c.m.m.service.RouteBeautifierService     : Wide retry x3 at 994.5km zone 16 — radius=30000
2026-09-21T11:09:39.750-04:00  INFO 36544 --- [http-nio-8080-exec-1] c.m.m.c.GoogleApiProxyController         : MySQL cache hit: 3 spots near (39.614858,-90.734822)
2026-09-21T11:09:39.753-04:00  INFO 36544 --- [http-nio-8080-exec-1] c.m.m.c.GoogleApiProxyController         : MySQL cache miss — calling Google Places searchText near (39.614858,-90.734822) keyword=trailhead trail access hiking
2026-09-21T11:09:40.051-04:00  INFO 36544 --- [http-nio-8080-exec-1] c.m.m.c.GoogleApiProxyController         : Place types for Katy Trail - Weldon Spring Trailhead: [hiking_area, sports_activity_location, point_of_interest, establishment]
2026-09-21T11:09:40.051-04:00  INFO 36544 --- [http-nio-8080-exec-1] c.m.m.c.GoogleApiProxyController         : Mapped: Katy Trail - Weldon Spring Trailhead, Rating: 4.6, Reviews: 142, EntityType: hiking_area
2026-09-21T11:09:40.051-04:00  INFO 36544 --- [http-nio-8080-exec-1] c.m.m.c.GoogleApiProxyController         : Place types for Katy Trail - Augusta Trailhead: [hiking_area, tourist_attraction, sports_activity_location, point_of_interest, establishment]
2026-09-21T11:09:40.051-04:00  INFO 36544 --- [http-nio-8080-exec-1] c.m.m.c.GoogleApiProxyController         : Mapped: Katy Trail - Augusta Trailhead, Rating: 4.7, Reviews: 229, EntityType: hiking_area
2026-09-21T11:09:40.052-04:00  INFO 36544 --- [http-nio-8080-exec-1] c.m.m.c.GoogleApiProxyController         : Place types for Katy Trail - Marthasville Trailhead: [hiking_area, tourist_attraction, sports_activity_location, point_of_interest, establishment]
2026-09-21T11:09:40.052-04:00  INFO 36544 --- [http-nio-8080-exec-1] c.m.m.c.GoogleApiProxyController         : Mapped: Katy Trail - Marthasville Trailhead, Rating: 4.7, Reviews: 178, EntityType: hiking_area
2026-09-21T11:09:40.052-04:00  INFO 36544 --- [http-nio-8080-exec-1] c.m.m.c.GoogleApiProxyController         : Place types for Katy Trail - Green Bottom Trailhead: [hiking_area, sports_activity_location, point_of_interest, establishment]
2026-09-21T11:09:40.052-04:00  INFO 36544 --- [http-nio-8080-exec-1] c.m.m.c.GoogleApiProxyController         : Mapped: Katy Trail - Green Bottom Trailhead, Rating: 4.5, Reviews: 128, EntityType: hiking_area
2026-09-21T11:09:40.052-04:00  INFO 36544 --- [http-nio-8080-exec-1] c.m.m.c.GoogleApiProxyController         : Place types for Weldon Spring Lewis & Clark Hiking Trail: [hiking_area, sports_activity_location, point_of_interest, establishment]
2026-09-21T11:09:40.052-04:00  INFO 36544 --- [http-nio-8080-exec-1] c.m.m.c.GoogleApiProxyController         : Mapped: Weldon Spring Lewis & Clark Hiking Trail, Rating: 4.8, Reviews: 121, EntityType: hiking_area
2026-09-21T11:09:40.052-04:00  INFO 36544 --- [http-nio-8080-exec-1] c.m.m.c.GoogleApiProxyController         : Place types for Katy Trail - Black Walnut Trailhead: [hiking_area, sports_activity_location, point_of_interest, establishment]
2026-09-21T11:09:40.052-04:00  INFO 36544 --- [http-nio-8080-exec-1] c.m.m.c.GoogleApiProxyController         : Mapped: Katy Trail - Black Walnut Trailhead, Rating: 4.4, Reviews: 65, EntityType: hiking_area
2026-09-21T11:09:40.052-04:00  INFO 36544 --- [http-nio-8080-exec-1] c.m.m.c.GoogleApiProxyController         : Place types for Katy Trail - Dutzow Trailhead: [hiking_area, sports_activity_location, point_of_interest, establishment]
2026-09-21T11:09:40.052-04:00  INFO 36544 --- [http-nio-8080-exec-1] c.m.m.c.GoogleApiProxyController         : Mapped: Katy Trail - Dutzow Trailhead, Rating: 4.7, Reviews: 150, EntityType: hiking_area
2026-09-21T11:09:40.052-04:00  INFO 36544 --- [http-nio-8080-exec-1] c.m.m.c.GoogleApiProxyController         : Place types for Busch Greenway, Duckett Creek Trailhead: [hiking_area, sports_activity_location, point_of_interest, establishment]
2026-09-21T11:09:40.052-04:00  INFO 36544 --- [http-nio-8080-exec-1] c.m.m.c.GoogleApiProxyController         : Mapped: Busch Greenway, Duckett Creek Trailhead, Rating: 4.8, Reviews: 26, EntityType: hiking_area
2026-09-21T11:09:40.052-04:00  INFO 36544 --- [http-nio-8080-exec-1] c.m.m.c.GoogleApiProxyController         : Place types for Lost Valley Hiking Trail: [hiking_area, sports_activity_location, point_of_interest, establishment]
2026-09-21T11:09:40.052-04:00  INFO 36544 --- [http-nio-8080-exec-1] c.m.m.c.GoogleApiProxyController         : Mapped: Lost Valley Hiking Trail, Rating: 4.7, Reviews: 164, EntityType: hiking_area
2026-09-21T11:09:40.052-04:00  INFO 36544 --- [http-nio-8080-exec-1] c.m.m.c.GoogleApiProxyController         : Place types for Katy Trail: [hiking_area, sports_activity_location, point_of_interest, establishment]
2026-09-21T11:09:40.052-04:00  INFO 36544 --- [http-nio-8080-exec-1] c.m.m.c.GoogleApiProxyController         : Mapped: Katy Trail, Rating: 4.8, Reviews: 36, EntityType: hiking_area
2026-09-21T11:09:40.052-04:00  INFO 36544 --- [http-nio-8080-exec-1] c.m.m.c.GoogleApiProxyController         : Place types for DeClue Trail Trailhead: [hiking_area, sports_activity_location, point_of_interest, establishment]
2026-09-21T11:09:40.052-04:00  INFO 36544 --- [http-nio-8080-exec-1] c.m.m.c.GoogleApiProxyController         : Mapped: DeClue Trail Trailhead, Rating: 4.8, Reviews: 32, EntityType: hiking_area
2026-09-21T11:09:40.052-04:00  INFO 36544 --- [http-nio-8080-exec-1] c.m.m.c.GoogleApiProxyController         : Place types for Missouri Greenway Trailhead: Monarch Chesterfield Levee Trail: [hiking_area, tourist_attraction, sports_activity_location, point_of_interest, establishment]
2026-09-21T11:09:40.052-04:00  INFO 36544 --- [http-nio-8080-exec-1] c.m.m.c.GoogleApiProxyController         : Mapped: Missouri Greenway Trailhead: Monarch Chesterfield Levee Trail, Rating: 4.5, Reviews: 78, EntityType: hiking_area
2026-09-21T11:09:40.052-04:00  INFO 36544 --- [http-nio-8080-exec-1] c.m.m.c.GoogleApiProxyController         : Place types for Alta Rd. Trailhead Rock Island Trail: [hiking_area, sports_activity_location, point_of_interest, establishment]
2026-09-21T11:09:40.052-04:00  INFO 36544 --- [http-nio-8080-exec-1] c.m.m.c.GoogleApiProxyController         : Mapped: Alta Rd. Trailhead Rock Island Trail, Rating: 4.7, Reviews: 138, EntityType: hiking_area
2026-09-21T11:09:40.052-04:00  INFO 36544 --- [http-nio-8080-exec-1] c.m.m.c.GoogleApiProxyController         : Place types for Busch Greenway Howell Trailhead: [hiking_area, sports_activity_location, point_of_interest, establishment]
2026-09-21T11:09:40.053-04:00  INFO 36544 --- [http-nio-8080-exec-1] c.m.m.c.GoogleApiProxyController         : Mapped: Busch Greenway Howell Trailhead, Rating: 4.8, Reviews: 214, EntityType: hiking_area
2026-09-21T11:09:40.053-04:00  INFO 36544 --- [http-nio-8080-exec-1] c.m.m.c.GoogleApiProxyController         : Place types for Lime Kiln Trailhead: [hiking_area, sports_activity_location, point_of_interest, establishment]
2026-09-21T11:09:40.053-04:00  INFO 36544 --- [http-nio-8080-exec-1] c.m.m.c.GoogleApiProxyController         : Mapped: Lime Kiln Trailhead, Rating: 4.8, Reviews: 117, EntityType: hiking_area
2026-09-21T11:09:40.053-04:00  INFO 36544 --- [http-nio-8080-exec-1] c.m.m.c.GoogleApiProxyController         : Place types for Route 66 Hike & Bike Trail at Lake Lou Yaeger: [hiking_area, sports_activity_location, point_of_interest, establishment]
2026-09-21T11:09:40.053-04:00  INFO 36544 --- [http-nio-8080-exec-1] c.m.m.c.GoogleApiProxyController         : Mapped: Route 66 Hike & Bike Trail at Lake Lou Yaeger, Rating: 4.6, Reviews: 36, EntityType: hiking_area
2026-09-21T11:09:40.053-04:00  INFO 36544 --- [http-nio-8080-exec-1] c.m.m.c.GoogleApiProxyController         : Place types for Bootlegger's Run Trailhead: [hiking_area, sports_activity_location, point_of_interest, establishment]
2026-09-21T11:09:40.053-04:00  INFO 36544 --- [http-nio-8080-exec-1] c.m.m.c.GoogleApiProxyController         : Mapped: Bootlegger's Run Trailhead, Rating: 4.8, Reviews: 147, EntityType: hiking_area
2026-09-21T11:09:40.053-04:00  INFO 36544 --- [http-nio-8080-exec-1] c.m.m.c.GoogleApiProxyController         : Place types for Meramec Greenway Trailhead: Rock Hollow Trail: [hiking_area, sports_activity_location, point_of_interest, establishment]
2026-09-21T11:09:40.053-04:00  INFO 36544 --- [http-nio-8080-exec-1] c.m.m.c.GoogleApiProxyController         : Mapped: Meramec Greenway Trailhead: Rock Hollow Trail, Rating: 4.9, Reviews: 165, EntityType: hiking_area
2026-09-21T11:09:40.053-04:00  INFO 36544 --- [http-nio-8080-exec-1] c.m.m.c.GoogleApiProxyController         : Place types for Sodalis Park Trailhead: [hiking_area, sports_activity_location, point_of_interest, establishment]
2026-09-21T11:09:40.053-04:00  INFO 36544 --- [http-nio-8080-exec-1] c.m.m.c.GoogleApiProxyController         : Mapped: Sodalis Park Trailhead, Rating: 4.8, Reviews: 58, EntityType: hiking_area
2026-09-21T11:09:40.053-04:00  INFO 36544 --- [http-nio-8080-exec-1] c.m.m.c.GoogleApiProxyController         : Place types for Historic Stone Shelter and parking/Trailhead: [hiking_area, sports_activity_location, point_of_interest, establishment]
2026-09-21T11:09:40.053-04:00  INFO 36544 --- [http-nio-8080-exec-1] c.m.m.c.GoogleApiProxyController         : Mapped: Historic Stone Shelter and parking/Trailhead, Rating: 4.7, Reviews: 69, EntityType: hiking_area
2026-09-21T11:09:40.083-04:00  INFO 36544 --- [http-nio-8080-exec-1] c.m.m.service.PlacesCacheService         : Saved 20 spots to places_cache
2026-09-21T11:09:40.084-04:00  INFO 36544 --- [http-nio-8080-exec-1] c.m.m.c.GoogleApiProxyController         : Backfilled 20 keyword spots to MySQL cache
2026-09-21T11:09:40.084-04:00  INFO 36544 --- [http-nio-8080-exec-1] c.m.m.service.RouteBeautifierService     : Wide retry x3 at 1045.3km zone 17 — radius=30000
2026-09-21T11:09:40.087-04:00  INFO 36544 --- [http-nio-8080-exec-1] c.m.m.c.GoogleApiProxyController         : MySQL cache hit: 5 spots near (39.509558,-90.977212)
2026-09-21T11:09:40.090-04:00  INFO 36544 --- [http-nio-8080-exec-1] c.m.m.c.GoogleApiProxyController         : MySQL cache miss — calling Google Places searchText near (39.509558,-90.977212) keyword=trailhead trail access hiking
2026-09-21T11:09:40.395-04:00  INFO 36544 --- [http-nio-8080-exec-1] c.m.m.c.GoogleApiProxyController         : Place types for Katy Trail - Weldon Spring Trailhead: [hiking_area, sports_activity_location, point_of_interest, establishment]
2026-09-21T11:09:40.395-04:00  INFO 36544 --- [http-nio-8080-exec-1] c.m.m.c.GoogleApiProxyController         : Mapped: Katy Trail - Weldon Spring Trailhead, Rating: 4.6, Reviews: 142, EntityType: hiking_area
2026-09-21T11:09:40.395-04:00  INFO 36544 --- [http-nio-8080-exec-1] c.m.m.c.GoogleApiProxyController         : Place types for Katy Trail - Augusta Trailhead: [hiking_area, tourist_attraction, sports_activity_location, point_of_interest, establishment]
2026-09-21T11:09:40.395-04:00  INFO 36544 --- [http-nio-8080-exec-1] c.m.m.c.GoogleApiProxyController         : Mapped: Katy Trail - Augusta Trailhead, Rating: 4.7, Reviews: 229, EntityType: hiking_area
2026-09-21T11:09:40.397-04:00  INFO 36544 --- [http-nio-8080-exec-1] c.m.m.c.GoogleApiProxyController         : Place types for Katy Trail - Marthasville Trailhead: [hiking_area, tourist_attraction, sports_activity_location, point_of_interest, establishment]
2026-09-21T11:09:40.397-04:00  INFO 36544 --- [http-nio-8080-exec-1] c.m.m.c.GoogleApiProxyController         : Mapped: Katy Trail - Marthasville Trailhead, Rating: 4.7, Reviews: 178, EntityType: hiking_area
2026-09-21T11:09:40.397-04:00  INFO 36544 --- [http-nio-8080-exec-1] c.m.m.c.GoogleApiProxyController         : Place types for Katy Trail - Green Bottom Trailhead: [hiking_area, sports_activity_location, point_of_interest, establishment]
2026-09-21T11:09:40.397-04:00  INFO 36544 --- [http-nio-8080-exec-1] c.m.m.c.GoogleApiProxyController         : Mapped: Katy Trail - Green Bottom Trailhead, Rating: 4.5, Reviews: 128, EntityType: hiking_area
2026-09-21T11:09:40.398-04:00  INFO 36544 --- [http-nio-8080-exec-1] c.m.m.c.GoogleApiProxyController         : Place types for Weldon Spring Lewis & Clark Hiking Trail: [hiking_area, sports_activity_location, point_of_interest, establishment]
2026-09-21T11:09:40.398-04:00  INFO 36544 --- [http-nio-8080-exec-1] c.m.m.c.GoogleApiProxyController         : Mapped: Weldon Spring Lewis & Clark Hiking Trail, Rating: 4.8, Reviews: 121, EntityType: hiking_area
2026-09-21T11:09:40.398-04:00  INFO 36544 --- [http-nio-8080-exec-1] c.m.m.c.GoogleApiProxyController         : Place types for Sodalis Park Trailhead: [hiking_area, sports_activity_location, point_of_interest, establishment]
2026-09-21T11:09:40.398-04:00  INFO 36544 --- [http-nio-8080-exec-1] c.m.m.c.GoogleApiProxyController         : Mapped: Sodalis Park Trailhead, Rating: 4.8, Reviews: 58, EntityType: hiking_area
2026-09-21T11:09:40.398-04:00  INFO 36544 --- [http-nio-8080-exec-1] c.m.m.c.GoogleApiProxyController         : Place types for Katy Trail - Black Walnut Trailhead: [hiking_area, sports_activity_location, point_of_interest, establishment]
2026-09-21T11:09:40.398-04:00  INFO 36544 --- [http-nio-8080-exec-1] c.m.m.c.GoogleApiProxyController         : Mapped: Katy Trail - Black Walnut Trailhead, Rating: 4.4, Reviews: 65, EntityType: hiking_area
2026-09-21T11:09:40.398-04:00  INFO 36544 --- [http-nio-8080-exec-1] c.m.m.c.GoogleApiProxyController         : Place types for Katy Trail - Dutzow Trailhead: [hiking_area, sports_activity_location, point_of_interest, establishment]
2026-09-21T11:09:40.398-04:00  INFO 36544 --- [http-nio-8080-exec-1] c.m.m.c.GoogleApiProxyController         : Mapped: Katy Trail - Dutzow Trailhead, Rating: 4.7, Reviews: 150, EntityType: hiking_area
2026-09-21T11:09:40.398-04:00  INFO 36544 --- [http-nio-8080-exec-1] c.m.m.c.GoogleApiProxyController         : Place types for Busch Greenway, Duckett Creek Trailhead: [hiking_area, sports_activity_location, point_of_interest, establishment]
2026-09-21T11:09:40.398-04:00  INFO 36544 --- [http-nio-8080-exec-1] c.m.m.c.GoogleApiProxyController         : Mapped: Busch Greenway, Duckett Creek Trailhead, Rating: 4.8, Reviews: 26, EntityType: hiking_area
2026-09-21T11:09:40.398-04:00  INFO 36544 --- [http-nio-8080-exec-1] c.m.m.c.GoogleApiProxyController         : Place types for Lost Valley Hiking Trail: [hiking_area, sports_activity_location, point_of_interest, establishment]
2026-09-21T11:09:40.398-04:00  INFO 36544 --- [http-nio-8080-exec-1] c.m.m.c.GoogleApiProxyController         : Mapped: Lost Valley Hiking Trail, Rating: 4.7, Reviews: 164, EntityType: hiking_area
2026-09-21T11:09:40.398-04:00  INFO 36544 --- [http-nio-8080-exec-1] c.m.m.c.GoogleApiProxyController         : Place types for Katy Trail: [hiking_area, sports_activity_location, point_of_interest, establishment]
2026-09-21T11:09:40.398-04:00  INFO 36544 --- [http-nio-8080-exec-1] c.m.m.c.GoogleApiProxyController         : Mapped: Katy Trail, Rating: 4.8, Reviews: 36, EntityType: hiking_area
2026-09-21T11:09:40.398-04:00  INFO 36544 --- [http-nio-8080-exec-1] c.m.m.c.GoogleApiProxyController         : Place types for DeClue Trail Trailhead: [hiking_area, sports_activity_location, point_of_interest, establishment]
2026-09-21T11:09:40.398-04:00  INFO 36544 --- [http-nio-8080-exec-1] c.m.m.c.GoogleApiProxyController         : Mapped: DeClue Trail Trailhead, Rating: 4.8, Reviews: 32, EntityType: hiking_area
2026-09-21T11:09:40.398-04:00  INFO 36544 --- [http-nio-8080-exec-1] c.m.m.c.GoogleApiProxyController         : Place types for Missouri Greenway Trailhead: Monarch Chesterfield Levee Trail: [hiking_area, tourist_attraction, sports_activity_location, point_of_interest, establishment]
2026-09-21T11:09:40.399-04:00  INFO 36544 --- [http-nio-8080-exec-1] c.m.m.c.GoogleApiProxyController         : Mapped: Missouri Greenway Trailhead: Monarch Chesterfield Levee Trail, Rating: 4.5, Reviews: 78, EntityType: hiking_area
2026-09-21T11:09:40.399-04:00  INFO 36544 --- [http-nio-8080-exec-1] c.m.m.c.GoogleApiProxyController         : Place types for Busch Greenway Howell Trailhead: [hiking_area, sports_activity_location, point_of_interest, establishment]
2026-09-21T11:09:40.399-04:00  INFO 36544 --- [http-nio-8080-exec-1] c.m.m.c.GoogleApiProxyController         : Mapped: Busch Greenway Howell Trailhead, Rating: 4.8, Reviews: 214, EntityType: hiking_area
2026-09-21T11:09:40.399-04:00  INFO 36544 --- [http-nio-8080-exec-1] c.m.m.c.GoogleApiProxyController         : Place types for MKT Trail - Forum Katy Parkway Connector Access: [hiking_area, sports_activity_location, point_of_interest, establishment]
2026-09-21T11:09:40.399-04:00  INFO 36544 --- [http-nio-8080-exec-1] c.m.m.c.GoogleApiProxyController         : Mapped: MKT Trail - Forum Katy Parkway Connector Access, Rating: 4.8, Reviews: 17, EntityType: hiking_area
2026-09-21T11:09:40.399-04:00  INFO 36544 --- [http-nio-8080-exec-1] c.m.m.c.GoogleApiProxyController         : Place types for Lime Kiln Trailhead: [hiking_area, sports_activity_location, point_of_interest, establishment]
2026-09-21T11:09:40.399-04:00  INFO 36544 --- [http-nio-8080-exec-1] c.m.m.c.GoogleApiProxyController         : Mapped: Lime Kiln Trailhead, Rating: 4.8, Reviews: 117, EntityType: hiking_area
2026-09-21T11:09:40.399-04:00  INFO 36544 --- [http-nio-8080-exec-1] c.m.m.c.GoogleApiProxyController         : Place types for Bootlegger's Run Trailhead: [hiking_area, sports_activity_location, point_of_interest, establishment]
2026-09-21T11:09:40.399-04:00  INFO 36544 --- [http-nio-8080-exec-1] c.m.m.c.GoogleApiProxyController         : Mapped: Bootlegger's Run Trailhead, Rating: 4.8, Reviews: 147, EntityType: hiking_area
2026-09-21T11:09:40.399-04:00  INFO 36544 --- [http-nio-8080-exec-1] c.m.m.c.GoogleApiProxyController         : Place types for Meramec Greenway Trailhead: Rock Hollow Trail: [hiking_area, sports_activity_location, point_of_interest, establishment]
2026-09-21T11:09:40.399-04:00  INFO 36544 --- [http-nio-8080-exec-1] c.m.m.c.GoogleApiProxyController         : Mapped: Meramec Greenway Trailhead: Rock Hollow Trail, Rating: 4.9, Reviews: 165, EntityType: hiking_area
2026-09-21T11:09:40.399-04:00  INFO 36544 --- [http-nio-8080-exec-1] c.m.m.c.GoogleApiProxyController         : Place types for Gans Creek Wild Area - Wagon Wheel Trailhead: [hiking_area, sports_activity_location, point_of_interest, establishment]
2026-09-21T11:09:40.399-04:00  INFO 36544 --- [http-nio-8080-exec-1] c.m.m.c.GoogleApiProxyController         : Mapped: Gans Creek Wild Area - Wagon Wheel Trailhead, Rating: 4.7, Reviews: 38, EntityType: hiking_area
2026-09-21T11:09:40.399-04:00  INFO 36544 --- [http-nio-8080-exec-1] c.m.m.c.GoogleApiProxyController         : Place types for Western Greenway Trailhead: Turkey Ridge Trail: [hiking_area, sports_activity_location, point_of_interest, establishment]
2026-09-21T11:09:40.399-04:00  INFO 36544 --- [http-nio-8080-exec-1] c.m.m.c.GoogleApiProxyController         : Mapped: Western Greenway Trailhead: Turkey Ridge Trail, Rating: 4.6, Reviews: 15, EntityType: hiking_area
2026-09-21T11:09:40.432-04:00  INFO 36544 --- [http-nio-8080-exec-1] c.m.m.service.PlacesCacheService         : Saved 20 spots to places_cache
2026-09-21T11:09:40.432-04:00  INFO 36544 --- [http-nio-8080-exec-1] c.m.m.c.GoogleApiProxyController         : Backfilled 20 keyword spots to MySQL cache
2026-09-21T11:09:40.433-04:00  INFO 36544 --- [http-nio-8080-exec-1] c.m.m.service.RouteBeautifierService     : Wide retry x3 at 1074.1km zone 17 — radius=30000
2026-09-21T11:09:40.435-04:00  INFO 36544 --- [http-nio-8080-exec-1] c.m.m.c.GoogleApiProxyController         : MySQL cache hit: 3 spots near (39.351459,-91.532129)
2026-09-21T11:09:40.437-04:00  INFO 36544 --- [http-nio-8080-exec-1] c.m.m.c.GoogleApiProxyController         : MySQL cache hit (keyword): 1 spots near (39.351459,-91.532129)
2026-09-21T11:09:40.437-04:00  INFO 36544 --- [http-nio-8080-exec-1] c.m.m.service.RouteBeautifierService     : Wide retry x3 at 1095.7km zone 18 — radius=30000
2026-09-21T11:09:40.440-04:00  INFO 36544 --- [http-nio-8080-exec-1] c.m.m.c.GoogleApiProxyController         : MySQL cache hit: 5 spots near (39.458091,-91.837905)
2026-09-21T11:09:40.442-04:00  INFO 36544 --- [http-nio-8080-exec-1] c.m.m.c.GoogleApiProxyController         : MySQL cache hit (keyword): 1 spots near (39.458091,-91.837905)
2026-09-21T11:09:40.448-04:00  INFO 36544 --- [http-nio-8080-exec-1] c.m.m.service.RouteBeautifierService     : Qualified spot: Union Covered Bridge State Historic Site at 39.432962599999996,-92.1025791 distFromStart=1095.7km source=NB-WR
2026-09-21T11:09:40.449-04:00  INFO 36544 --- [http-nio-8080-exec-1] c.m.m.service.RouteBeautifierService     : Wide retry x3 at 1217.8km zone 20 — radius=30000
2026-09-21T11:09:40.452-04:00  INFO 36544 --- [http-nio-8080-exec-1] c.m.m.c.GoogleApiProxyController         : MySQL cache hit: 4 spots near (40.448355,-92.274608)
2026-09-21T11:09:40.454-04:00  INFO 36544 --- [http-nio-8080-exec-1] c.m.m.c.GoogleApiProxyController         : MySQL cache hit (keyword): 1 spots near (40.448355,-92.274608)
2026-09-21T11:09:40.455-04:00  INFO 36544 --- [http-nio-8080-exec-1] c.m.m.service.RouteBeautifierService     : Wide retry x3 at 1247.3km zone 20 — radius=30000
2026-09-21T11:09:40.458-04:00  INFO 36544 --- [http-nio-8080-exec-1] c.m.m.c.GoogleApiProxyController         : MySQL cache hit: 10 spots near (40.522289,-92.52363)
2026-09-21T11:09:40.460-04:00  INFO 36544 --- [http-nio-8080-exec-1] c.m.m.c.GoogleApiProxyController         : MySQL cache miss — calling Google Places searchText near (40.522289,-92.52363) keyword=trailhead trail access hiking
2026-09-21T11:09:40.749-04:00  INFO 36544 --- [http-nio-8080-exec-1] c.m.m.c.GoogleApiProxyController         : Place types for Forest Lake Area Trail System: [hiking_area, sports_activity_location, point_of_interest, establishment]
2026-09-21T11:09:40.750-04:00  INFO 36544 --- [http-nio-8080-exec-1] c.m.m.c.GoogleApiProxyController         : Mapped: Forest Lake Area Trail System, Rating: 4.9, Reviews: 7, EntityType: hiking_area
2026-09-21T11:09:40.750-04:00  INFO 36544 --- [http-nio-8080-exec-1] c.m.m.c.GoogleApiProxyController         : Place types for Tom Harkin Trailhead: [hiking_area, sports_activity_location, point_of_interest, establishment]
2026-09-21T11:09:40.750-04:00  INFO 36544 --- [http-nio-8080-exec-1] c.m.m.c.GoogleApiProxyController         : Mapped: Tom Harkin Trailhead, Rating: 4.8, Reviews: 103, EntityType: hiking_area
2026-09-21T11:09:40.750-04:00  INFO 36544 --- [http-nio-8080-exec-1] c.m.m.c.GoogleApiProxyController         : Place types for Locust Creek Boardwalk Trailhead: [hiking_area, sports_activity_location, point_of_interest, establishment]
2026-09-21T11:09:40.750-04:00  INFO 36544 --- [http-nio-8080-exec-1] c.m.m.c.GoogleApiProxyController         : Mapped: Locust Creek Boardwalk Trailhead, Rating: 4.8, Reviews: 12, EntityType: hiking_area
2026-09-21T11:09:40.750-04:00  INFO 36544 --- [http-nio-8080-exec-1] c.m.m.c.GoogleApiProxyController         : Place types for Katy Trail - Weldon Spring Trailhead: [hiking_area, sports_activity_location, point_of_interest, establishment]
2026-09-21T11:09:40.750-04:00  INFO 36544 --- [http-nio-8080-exec-1] c.m.m.c.GoogleApiProxyController         : Mapped: Katy Trail - Weldon Spring Trailhead, Rating: 4.6, Reviews: 142, EntityType: hiking_area
2026-09-21T11:09:40.750-04:00  INFO 36544 --- [http-nio-8080-exec-1] c.m.m.c.GoogleApiProxyController         : Place types for Line Creek Trailhead: [hiking_area, sports_activity_location, point_of_interest, establishment]
2026-09-21T11:09:40.750-04:00  INFO 36544 --- [http-nio-8080-exec-1] c.m.m.c.GoogleApiProxyController         : Mapped: Line Creek Trailhead, Rating: 4.8, Reviews: 359, EntityType: hiking_area
2026-09-21T11:09:40.750-04:00  INFO 36544 --- [http-nio-8080-exec-1] c.m.m.c.GoogleApiProxyController         : Place types for Cedar Lake Nature Trail East Trailhead: [hiking_area, sports_activity_location, point_of_interest, establishment]
2026-09-21T11:09:40.750-04:00  INFO 36544 --- [http-nio-8080-exec-1] c.m.m.c.GoogleApiProxyController         : Mapped: Cedar Lake Nature Trail East Trailhead, Rating: 4.5, Reviews: 12, EntityType: hiking_area
2026-09-21T11:09:40.750-04:00  INFO 36544 --- [http-nio-8080-exec-1] c.m.m.c.GoogleApiProxyController         : Place types for MKT Trail - Forum Katy Parkway Connector Access: [hiking_area, sports_activity_location, point_of_interest, establishment]
2026-09-21T11:09:40.750-04:00  INFO 36544 --- [http-nio-8080-exec-1] c.m.m.c.GoogleApiProxyController         : Mapped: MKT Trail - Forum Katy Parkway Connector Access, Rating: 4.8, Reviews: 17, EntityType: hiking_area
2026-09-21T11:09:40.750-04:00  INFO 36544 --- [http-nio-8080-exec-1] c.m.m.c.GoogleApiProxyController         : Place types for Missouri Riverfront Trail Trailhead: [hiking_area, sports_activity_location, point_of_interest, establishment]
2026-09-21T11:09:40.750-04:00  INFO 36544 --- [http-nio-8080-exec-1] c.m.m.c.GoogleApiProxyController         : Mapped: Missouri Riverfront Trail Trailhead, Rating: 4.7, Reviews: 90, EntityType: hiking_area
2026-09-21T11:09:40.750-04:00  INFO 36544 --- [http-nio-8080-exec-1] c.m.m.c.GoogleApiProxyController         : Place types for Heart of Iowa Nature Trail - Main Trailhead: [hiking_area, sports_activity_location, point_of_interest, establishment]
2026-09-21T11:09:40.750-04:00  INFO 36544 --- [http-nio-8080-exec-1] c.m.m.c.GoogleApiProxyController         : Mapped: Heart of Iowa Nature Trail - Main Trailhead, Rating: 4.8, Reviews: 6, EntityType: hiking_area
2026-09-21T11:09:40.750-04:00  INFO 36544 --- [http-nio-8080-exec-1] c.m.m.c.GoogleApiProxyController         : Place types for Katy Trail - Boonville Trailhead: [hiking_area, sports_activity_location, point_of_interest, establishment]
2026-09-21T11:09:40.750-04:00  INFO 36544 --- [http-nio-8080-exec-1] c.m.m.c.GoogleApiProxyController         : Mapped: Katy Trail - Boonville Trailhead, Rating: 4.7, Reviews: 155, EntityType: hiking_area
2026-09-21T11:09:40.750-04:00  INFO 36544 --- [http-nio-8080-exec-1] c.m.m.c.GoogleApiProxyController         : Place types for Katy Trail - Green Ridge Trailhead: [hiking_area, sports_activity_location, point_of_interest, establishment]
2026-09-21T11:09:40.750-04:00  INFO 36544 --- [http-nio-8080-exec-1] c.m.m.c.GoogleApiProxyController         : Mapped: Katy Trail - Green Ridge Trailhead, Rating: 4.6, Reviews: 58, EntityType: hiking_area
2026-09-21T11:09:40.750-04:00  INFO 36544 --- [http-nio-8080-exec-1] c.m.m.c.GoogleApiProxyController         : Place types for Happy Rock Trail Trailhead Parking Lot: [hiking_area, sports_activity_location, point_of_interest, establishment]
2026-09-21T11:09:40.750-04:00  INFO 36544 --- [http-nio-8080-exec-1] c.m.m.c.GoogleApiProxyController         : Mapped: Happy Rock Trail Trailhead Parking Lot, Rating: 4.7, Reviews: 67, EntityType: hiking_area
2026-09-21T11:09:40.750-04:00  INFO 36544 --- [http-nio-8080-exec-1] c.m.m.c.GoogleApiProxyController         : Place types for Trail head: [hiking_area, sports_activity_location, point_of_interest, establishment]
2026-09-21T11:09:40.750-04:00  INFO 36544 --- [http-nio-8080-exec-1] c.m.m.c.GoogleApiProxyController         : Mapped: Trail head, Rating: 5.0, Reviews: 1, EntityType: hiking_area
2026-09-21T11:09:40.750-04:00  INFO 36544 --- [http-nio-8080-exec-1] c.m.m.c.GoogleApiProxyController         : Place types for Gans Creek Wild Area - Wagon Wheel Trailhead: [hiking_area, sports_activity_location, point_of_interest, establishment]
2026-09-21T11:09:40.750-04:00  INFO 36544 --- [http-nio-8080-exec-1] c.m.m.c.GoogleApiProxyController         : Mapped: Gans Creek Wild Area - Wagon Wheel Trailhead, Rating: 4.7, Reviews: 38, EntityType: hiking_area
2026-09-21T11:09:40.750-04:00  INFO 36544 --- [http-nio-8080-exec-1] c.m.m.c.GoogleApiProxyController         : Place types for Katy Trail - Sedalia Trailhead: [hiking_area, sports_activity_location, point_of_interest, establishment]
2026-09-21T11:09:40.750-04:00  INFO 36544 --- [http-nio-8080-exec-1] c.m.m.c.GoogleApiProxyController         : Mapped: Katy Trail - Sedalia Trailhead, Rating: 4.5, Reviews: 90, EntityType: hiking_area
2026-09-21T11:09:40.750-04:00  INFO 36544 --- [http-nio-8080-exec-1] c.m.m.c.GoogleApiProxyController         : Place types for Katy Trail - Green Bottom Trailhead: [hiking_area, sports_activity_location, point_of_interest, establishment]
2026-09-21T11:09:40.750-04:00  INFO 36544 --- [http-nio-8080-exec-1] c.m.m.c.GoogleApiProxyController         : Mapped: Katy Trail - Green Bottom Trailhead, Rating: 4.5, Reviews: 128, EntityType: hiking_area
2026-09-21T11:09:40.750-04:00  INFO 36544 --- [http-nio-8080-exec-1] c.m.m.c.GoogleApiProxyController         : Place types for MKT Trail - Flat Branch Park Access: [hiking_area, sports_activity_location, point_of_interest, establishment]
2026-09-21T11:09:40.750-04:00  INFO 36544 --- [http-nio-8080-exec-1] c.m.m.c.GoogleApiProxyController         : Mapped: MKT Trail - Flat Branch Park Access, Rating: 4.6, Reviews: 23, EntityType: hiking_area
2026-09-21T11:09:40.750-04:00  INFO 36544 --- [http-nio-8080-exec-1] c.m.m.c.GoogleApiProxyController         : Place types for Trails at Hodge Park: [hiking_area, sports_activity_location, point_of_interest, establishment]
2026-09-21T11:09:40.750-04:00  INFO 36544 --- [http-nio-8080-exec-1] c.m.m.c.GoogleApiProxyController         : Mapped: Trails at Hodge Park, Rating: 4.6, Reviews: 19, EntityType: hiking_area
2026-09-21T11:09:40.750-04:00  INFO 36544 --- [http-nio-8080-exec-1] c.m.m.c.GoogleApiProxyController         : Place types for Weldon Spring Lewis & Clark Hiking Trail: [hiking_area, sports_activity_location, point_of_interest, establishment]
2026-09-21T11:09:40.750-04:00  INFO 36544 --- [http-nio-8080-exec-1] c.m.m.c.GoogleApiProxyController         : Mapped: Weldon Spring Lewis & Clark Hiking Trail, Rating: 4.8, Reviews: 121, EntityType: hiking_area
2026-09-21T11:09:40.750-04:00  INFO 36544 --- [http-nio-8080-exec-1] c.m.m.c.GoogleApiProxyController         : Place types for MKT Trail - Forum Boulevard Access: [hiking_area, sports_activity_location, point_of_interest, establishment]
2026-09-21T11:09:40.750-04:00  INFO 36544 --- [http-nio-8080-exec-1] c.m.m.c.GoogleApiProxyController         : Mapped: MKT Trail - Forum Boulevard Access, Rating: 4.9, Reviews: 35, EntityType: hiking_area
2026-09-21T11:09:40.781-04:00  INFO 36544 --- [http-nio-8080-exec-1] c.m.m.service.PlacesCacheService         : Saved 20 spots to places_cache
2026-09-21T11:09:40.781-04:00  INFO 36544 --- [http-nio-8080-exec-1] c.m.m.c.GoogleApiProxyController         : Backfilled 20 keyword spots to MySQL cache
2026-09-21T11:09:40.782-04:00  INFO 36544 --- [http-nio-8080-exec-1] c.m.m.service.RouteBeautifierService     : Wide retry x3 at 1398.5km zone 23 — radius=30000
2026-09-21T11:09:40.784-04:00  INFO 36544 --- [http-nio-8080-exec-1] c.m.m.c.GoogleApiProxyController         : MySQL cache hit: 8 spots near (40.71071,-94.136642)
2026-09-21T11:09:40.787-04:00  INFO 36544 --- [http-nio-8080-exec-1] c.m.m.c.GoogleApiProxyController         : MySQL cache miss — calling Google Places searchText near (40.71071,-94.136642) keyword=trailhead trail access hiking
2026-09-21T11:09:41.137-04:00  INFO 36544 --- [http-nio-8080-exec-1] c.m.m.c.GoogleApiProxyController         : Place types for Cedar Lake Nature Trail East Trailhead: [hiking_area, sports_activity_location, point_of_interest, establishment]
2026-09-21T11:09:41.137-04:00  INFO 36544 --- [http-nio-8080-exec-1] c.m.m.c.GoogleApiProxyController         : Mapped: Cedar Lake Nature Trail East Trailhead, Rating: 4.5, Reviews: 12, EntityType: hiking_area
2026-09-21T11:09:41.137-04:00  INFO 36544 --- [http-nio-8080-exec-1] c.m.m.c.GoogleApiProxyController         : Place types for Heart of Iowa Nature Trail - Main Trailhead: [hiking_area, sports_activity_location, point_of_interest, establishment]
2026-09-21T11:09:41.137-04:00  INFO 36544 --- [http-nio-8080-exec-1] c.m.m.c.GoogleApiProxyController         : Mapped: Heart of Iowa Nature Trail - Main Trailhead, Rating: 4.8, Reviews: 6, EntityType: hiking_area
2026-09-21T11:09:41.137-04:00  INFO 36544 --- [http-nio-8080-exec-1] c.m.m.c.GoogleApiProxyController         : Place types for Trail head: [hiking_area, sports_activity_location, point_of_interest, establishment]
2026-09-21T11:09:41.137-04:00  INFO 36544 --- [http-nio-8080-exec-1] c.m.m.c.GoogleApiProxyController         : Mapped: Trail head, Rating: 5.0, Reviews: 1, EntityType: hiking_area
2026-09-21T11:09:41.137-04:00  INFO 36544 --- [http-nio-8080-exec-1] c.m.m.c.GoogleApiProxyController         : Place types for North Access to Sycamore Trail: [hiking_area, sports_activity_location, point_of_interest, establishment]
2026-09-21T11:09:41.137-04:00  INFO 36544 --- [http-nio-8080-exec-1] c.m.m.c.GoogleApiProxyController         : Mapped: North Access to Sycamore Trail, Rating: 4.5, Reviews: 17, EntityType: hiking_area
2026-09-21T11:09:41.137-04:00  INFO 36544 --- [http-nio-8080-exec-1] c.m.m.c.GoogleApiProxyController         : Place types for Line Creek Trailhead: [hiking_area, sports_activity_location, point_of_interest, establishment]
2026-09-21T11:09:41.138-04:00  INFO 36544 --- [http-nio-8080-exec-1] c.m.m.c.GoogleApiProxyController         : Mapped: Line Creek Trailhead, Rating: 4.8, Reviews: 359, EntityType: hiking_area
2026-09-21T11:09:41.138-04:00  INFO 36544 --- [http-nio-8080-exec-1] c.m.m.c.GoogleApiProxyController         : Place types for Twin Creek Trailhead: [hiking_area, sports_activity_location, point_of_interest, establishment]
2026-09-21T11:09:41.138-04:00  INFO 36544 --- [http-nio-8080-exec-1] c.m.m.c.GoogleApiProxyController         : Mapped: Twin Creek Trailhead, Rating: 4.8, Reviews: 70, EntityType: hiking_area
2026-09-21T11:09:41.138-04:00  INFO 36544 --- [http-nio-8080-exec-1] c.m.m.c.GoogleApiProxyController         : Place types for South Trailhead: [hiking_area, sports_activity_location, point_of_interest, establishment]
2026-09-21T11:09:41.138-04:00  INFO 36544 --- [http-nio-8080-exec-1] c.m.m.c.GoogleApiProxyController         : Mapped: South Trailhead, Rating: 4.0, Reviews: 1, EntityType: hiking_area
2026-09-21T11:09:41.138-04:00  INFO 36544 --- [http-nio-8080-exec-1] c.m.m.c.GoogleApiProxyController         : Place types for Missouri Riverfront Trail Trailhead: [hiking_area, sports_activity_location, point_of_interest, establishment]
2026-09-21T11:09:41.138-04:00  INFO 36544 --- [http-nio-8080-exec-1] c.m.m.c.GoogleApiProxyController         : Mapped: Missouri Riverfront Trail Trailhead, Rating: 4.7, Reviews: 90, EntityType: hiking_area
2026-09-21T11:09:41.138-04:00  INFO 36544 --- [http-nio-8080-exec-1] c.m.m.c.GoogleApiProxyController         : Place types for Great Western Trail Head: [hiking_area, sports_activity_location, point_of_interest, establishment]
2026-09-21T11:09:41.138-04:00  INFO 36544 --- [http-nio-8080-exec-1] c.m.m.c.GoogleApiProxyController         : Mapped: Great Western Trail Head, Rating: 4.7, Reviews: 31, EntityType: hiking_area
2026-09-21T11:09:41.138-04:00  INFO 36544 --- [http-nio-8080-exec-1] c.m.m.c.GoogleApiProxyController         : Place types for Happy Rock Trail Trailhead Parking Lot: [hiking_area, sports_activity_location, point_of_interest, establishment]
2026-09-21T11:09:41.138-04:00  INFO 36544 --- [http-nio-8080-exec-1] c.m.m.c.GoogleApiProxyController         : Mapped: Happy Rock Trail Trailhead Parking Lot, Rating: 4.7, Reviews: 67, EntityType: hiking_area
2026-09-21T11:09:41.138-04:00  INFO 36544 --- [http-nio-8080-exec-1] c.m.m.c.GoogleApiProxyController         : Place types for Lost Lake Trail Head: [hiking_area, sports_activity_location, point_of_interest, establishment]
2026-09-21T11:09:41.138-04:00  INFO 36544 --- [http-nio-8080-exec-1] c.m.m.c.GoogleApiProxyController         : Mapped: Lost Lake Trail Head, Rating: 4.6, Reviews: 14, EntityType: hiking_area
2026-09-21T11:09:41.138-04:00  INFO 36544 --- [http-nio-8080-exec-1] c.m.m.c.GoogleApiProxyController         : Place types for Mopac Trail (Trailhead): [hiking_area, sports_activity_location, point_of_interest, establishment]
2026-09-21T11:09:41.138-04:00  INFO 36544 --- [http-nio-8080-exec-1] c.m.m.c.GoogleApiProxyController         : Mapped: Mopac Trail (Trailhead), Rating: 4.7, Reviews: 32, EntityType: hiking_area
2026-09-21T11:09:41.138-04:00  INFO 36544 --- [http-nio-8080-exec-1] c.m.m.c.GoogleApiProxyController         : Place types for Trails at Hodge Park: [hiking_area, sports_activity_location, point_of_interest, establishment]
2026-09-21T11:09:41.138-04:00  INFO 36544 --- [http-nio-8080-exec-1] c.m.m.c.GoogleApiProxyController         : Mapped: Trails at Hodge Park, Rating: 4.6, Reviews: 19, EntityType: hiking_area
2026-09-21T11:09:41.138-04:00  INFO 36544 --- [http-nio-8080-exec-1] c.m.m.c.GoogleApiProxyController         : Place types for Paved Trailhead: [hiking_area, sports_activity_location, point_of_interest, establishment]
2026-09-21T11:09:41.138-04:00  INFO 36544 --- [http-nio-8080-exec-1] c.m.m.c.GoogleApiProxyController         : Mapped: Paved Trailhead, Rating: 4.9, Reviews: 60, EntityType: hiking_area
2026-09-21T11:09:41.138-04:00  INFO 36544 --- [http-nio-8080-exec-1] c.m.m.c.GoogleApiProxyController         : Place types for Blue River Parkway Trails - Blue Ridge Blvd Trail Head: [hiking_area, sports_activity_location, point_of_interest, establishment]
2026-09-21T11:09:41.138-04:00  INFO 36544 --- [http-nio-8080-exec-1] c.m.m.c.GoogleApiProxyController         : Mapped: Blue River Parkway Trails - Blue Ridge Blvd Trail Head, Rating: 4.7, Reviews: 94, EntityType: hiking_area
2026-09-21T11:09:41.138-04:00  INFO 36544 --- [http-nio-8080-exec-1] c.m.m.c.GoogleApiProxyController         : Place types for Locust Creek Boardwalk Trailhead: [hiking_area, sports_activity_location, point_of_interest, establishment]
2026-09-21T11:09:41.138-04:00  INFO 36544 --- [http-nio-8080-exec-1] c.m.m.c.GoogleApiProxyController         : Mapped: Locust Creek Boardwalk Trailhead, Rating: 4.8, Reviews: 12, EntityType: hiking_area
2026-09-21T11:09:41.138-04:00  INFO 36544 --- [http-nio-8080-exec-1] c.m.m.c.GoogleApiProxyController         : Place types for West Papio Trail Giles Avenue Trailhead: [hiking_area, sports_activity_location, point_of_interest, establishment]
2026-09-21T11:09:41.138-04:00  INFO 36544 --- [http-nio-8080-exec-1] c.m.m.c.GoogleApiProxyController         : Mapped: West Papio Trail Giles Avenue Trailhead, Rating: 4.8, Reviews: 46, EntityType: hiking_area
2026-09-21T11:09:41.138-04:00  INFO 36544 --- [http-nio-8080-exec-1] c.m.m.c.GoogleApiProxyController         : Place types for Blue River Parkway Trailhead in Minor Park: [hiking_area, sports_activity_location, point_of_interest, establishment]
2026-09-21T11:09:41.138-04:00  INFO 36544 --- [http-nio-8080-exec-1] c.m.m.c.GoogleApiProxyController         : Mapped: Blue River Parkway Trailhead in Minor Park, Rating: 4.7, Reviews: 146, EntityType: hiking_area
2026-09-21T11:09:41.138-04:00  INFO 36544 --- [http-nio-8080-exec-1] c.m.m.c.GoogleApiProxyController         : Place types for Rock Island Rail Trailhead: [hiking_area, sports_activity_location, point_of_interest, establishment]
2026-09-21T11:09:41.138-04:00  INFO 36544 --- [http-nio-8080-exec-1] c.m.m.c.GoogleApiProxyController         : Mapped: Rock Island Rail Trailhead, Rating: 4.8, Reviews: 237, EntityType: hiking_area
2026-09-21T11:09:41.138-04:00  INFO 36544 --- [http-nio-8080-exec-1] c.m.m.c.GoogleApiProxyController         : Place types for Katy Trail - Green Ridge Trailhead: [hiking_area, sports_activity_location, point_of_interest, establishment]
2026-09-21T11:09:41.138-04:00  INFO 36544 --- [http-nio-8080-exec-1] c.m.m.c.GoogleApiProxyController         : Mapped: Katy Trail - Green Ridge Trailhead, Rating: 4.6, Reviews: 58, EntityType: hiking_area
2026-09-21T11:09:41.165-04:00  INFO 36544 --- [http-nio-8080-exec-1] c.m.m.service.PlacesCacheService         : Saved 20 spots to places_cache
2026-09-21T11:09:41.165-04:00  INFO 36544 --- [http-nio-8080-exec-1] c.m.m.c.GoogleApiProxyController         : Backfilled 20 keyword spots to MySQL cache
2026-09-21T11:09:41.166-04:00  INFO 36544 --- [http-nio-8080-exec-1] c.m.m.service.RouteBeautifierService     : Wide retry x3 at 1429.8km zone 23 — radius=30000
2026-09-21T11:09:41.169-04:00  INFO 36544 --- [http-nio-8080-exec-1] c.m.m.c.GoogleApiProxyController         : MySQL cache hit: 8 spots near (40.844746,-94.47166)
2026-09-21T11:09:41.171-04:00  INFO 36544 --- [http-nio-8080-exec-1] c.m.m.c.GoogleApiProxyController         : MySQL cache hit (keyword): 1 spots near (40.844746,-94.47166)
2026-09-21T11:09:41.172-04:00  INFO 36544 --- [http-nio-8080-exec-1] c.m.m.service.RouteBeautifierService     : Destination zone sparse — wide search near dest (radius=25000)
2026-09-21T11:09:41.174-04:00  INFO 36544 --- [http-nio-8080-exec-1] c.m.m.c.GoogleApiProxyController         : MySQL cache hit: 7 spots near (41.220499,-95.994208)
2026-09-21T11:09:41.175-04:00  INFO 36544 --- [http-nio-8080-exec-1] c.m.m.scoring.WaypointScoringService     : Scoring Google Places ...
2026-09-21T11:09:41.176-04:00  INFO 36544 --- [http-nio-8080-exec-1] c.m.m.scoring.WaypointScoringService     : Scoring Google Places ...
2026-09-21T11:09:41.177-04:00  INFO 36544 --- [http-nio-8080-exec-1] c.m.m.scoring.WaypointScoringService     : Scoring Google Places ...
2026-09-21T11:09:41.177-04:00  INFO 36544 --- [http-nio-8080-exec-1] c.m.m.scoring.WaypointScoringService     : Scoring Google Places ...
2026-09-21T11:09:41.177-04:00  INFO 36544 --- [http-nio-8080-exec-1] c.m.m.scoring.WaypointScoringService     : Scoring Google Places ...
2026-09-21T11:09:41.178-04:00  INFO 36544 --- [http-nio-8080-exec-1] c.m.m.scoring.WaypointScoringService     : Scoring Google Places ...
2026-09-21T11:09:41.178-04:00  INFO 36544 --- [http-nio-8080-exec-1] c.m.m.scoring.WaypointScoringService     : Scoring Google Places ...
2026-09-21T11:09:41.178-04:00  INFO 36544 --- [http-nio-8080-exec-1] c.m.m.scoring.WaypointScoringService     : Scoring Google Places ...
2026-09-21T11:09:41.181-04:00  INFO 36544 --- [http-nio-8080-exec-1] c.m.m.service.RouteBeautifierService     : findScenicSpotsAlongPath: 115 total candidates (Google=115, segments=10)
2026-09-21T11:09:41.182-04:00  INFO 36544 --- [http-nio-8080-exec-1] c.m.m.service.RouteBeautifierService     : === ESCALATED SELECTION START ===
2026-09-21T11:09:41.182-04:00  INFO 36544 --- [http-nio-8080-exec-1] c.m.m.service.RouteBeautifierService     : Route: totalLength=1780.0 km, baseTrip=1335 mins, enhancement=8.0%, totalBudget=106.8 mins
2026-09-21T11:09:41.182-04:00  INFO 36544 --- [http-nio-8080-exec-1] c.m.m.service.RouteBeautifierService     : Segments: count=10, 178.0 km each, 13.9 mins budget each
2026-09-21T11:09:41.182-04:00  INFO 36544 --- [http-nio-8080-exec-1] c.m.m.service.RouteBeautifierService     : Candidates: 115 total spots to evaluate
2026-09-21T11:09:41.182-04:00  INFO 36544 --- [http-nio-8080-exec-1] c.m.m.service.RouteBeautifierService     : Keywords — include: [] | exclude: []
2026-09-21T11:09:41.182-04:00  INFO 36544 --- [http-nio-8080-exec-1] c.m.m.service.RouteBeautifierService     : preferredGoogleTypes: [historical_place, history_museum, art_museum, tourist_attraction, hiking_area, museum, historical_landmark, state_park, national_park, courthouse, park] hasStrictPrefs=true
2026-09-21T11:09:41.182-04:00  INFO 36544 --- [http-nio-8080-exec-1] c.m.m.service.RouteBeautifierService     : --- PASS 1 (KW anchors) ---
2026-09-21T11:09:41.182-04:00  INFO 36544 --- [http-nio-8080-exec-1] c.m.m.service.RouteBeautifierService     :   PASS 1 (KW anchors): seg=0 anchor='Glen Falls Trailhead' score=100.9 cost=3.0 src=KW
2026-09-21T11:09:41.183-04:00  INFO 36544 --- [http-nio-8080-exec-1] c.m.m.service.RouteBeautifierService     :   PASS 1 (KW anchors): seg=0 companion='Creative Discovery Museum' score=121.9 cost=3.0 src=NB
2026-09-21T11:09:41.183-04:00  INFO 36544 --- [http-nio-8080-exec-1] c.m.m.service.RouteBeautifierService     :   PASS 1 (KW anchors): seg=1 anchor='Julia Falls Overlook' score=98.8 cost=15.0 src=KW
2026-09-21T11:09:41.184-04:00  INFO 36544 --- [http-nio-8080-exec-1] c.m.m.service.RouteBeautifierService     :   PASS 1 (KW anchors): seg=2 no anchor found
2026-09-21T11:09:41.184-04:00  INFO 36544 --- [http-nio-8080-exec-1] c.m.m.service.RouteBeautifierService     :   PASS 1 (KW anchors): seg=3 no anchor found
2026-09-21T11:09:41.184-04:00  INFO 36544 --- [http-nio-8080-exec-1] c.m.m.service.RouteBeautifierService     :   PASS 1 (KW anchors): seg=4 no anchor found
2026-09-21T11:09:41.184-04:00  INFO 36544 --- [http-nio-8080-exec-1] c.m.m.service.RouteBeautifierService     :   PASS 1 (KW anchors): seg=5 no anchor found
2026-09-21T11:09:41.184-04:00  INFO 36544 --- [http-nio-8080-exec-1] c.m.m.service.RouteBeautifierService     :   PASS 1 (KW anchors): seg=6 no anchor found
2026-09-21T11:09:41.184-04:00  INFO 36544 --- [http-nio-8080-exec-1] c.m.m.service.RouteBeautifierService     :   PASS 1 (KW anchors): seg=7 no anchor found
2026-09-21T11:09:41.185-04:00  INFO 36544 --- [http-nio-8080-exec-1] c.m.m.service.RouteBeautifierService     :   PASS 1 (KW anchors): seg=8 no anchor found
2026-09-21T11:09:41.185-04:00  INFO 36544 --- [http-nio-8080-exec-1] c.m.m.service.RouteBeautifierService     :   PASS 1 (KW anchors): seg=9 no anchor found
2026-09-21T11:09:41.185-04:00  INFO 36544 --- [http-nio-8080-exec-1] c.m.m.service.RouteBeautifierService     : --- PASS 1.5 (type-matched anchors) ---
2026-09-21T11:09:41.185-04:00  INFO 36544 --- [http-nio-8080-exec-1] c.m.m.service.RouteBeautifierService     :   PASS 1.5 (type-matched anchors): seg=2 no anchor found
2026-09-21T11:09:41.185-04:00  INFO 36544 --- [http-nio-8080-exec-1] c.m.m.service.RouteBeautifierService     :   PASS 1.5 (type-matched anchors): seg=3 no anchor found
2026-09-21T11:09:41.185-04:00  INFO 36544 --- [http-nio-8080-exec-1] c.m.m.service.RouteBeautifierService     :   PASS 1.5 (type-matched anchors): seg=4 anchor='City Museum' score=130.4 cost=5.0 src=NB
2026-09-21T11:09:41.185-04:00  INFO 36544 --- [http-nio-8080-exec-1] c.m.m.service.RouteBeautifierService     :   PASS 1.5 (type-matched anchors): seg=4 companion='Soldiers Memorial Military Museum' score=109.0 cost=5.0 src=NB
2026-09-21T11:09:41.185-04:00  INFO 36544 --- [http-nio-8080-exec-1] c.m.m.service.RouteBeautifierService     :   PASS 1.5 (type-matched anchors): seg=5 no anchor found
2026-09-21T11:09:41.185-04:00  INFO 36544 --- [http-nio-8080-exec-1] c.m.m.service.RouteBeautifierService     :   PASS 1.5 (type-matched anchors): seg=6 no anchor found
2026-09-21T11:09:41.185-04:00  INFO 36544 --- [http-nio-8080-exec-1] c.m.m.service.RouteBeautifierService     :   PASS 1.5 (type-matched anchors): seg=7 anchor='Lake Manawa State Park' score=117.4 cost=2.0 src=NB
2026-09-21T11:09:41.186-04:00  INFO 36544 --- [http-nio-8080-exec-1] c.m.m.service.RouteBeautifierService     :   PASS 1.5 (type-matched anchors): seg=7 companion='Omaha's Henry Doorly Zoo and Aquarium' score=118.0 cost=2.0 src=NB
2026-09-21T11:09:41.186-04:00  INFO 36544 --- [http-nio-8080-exec-1] c.m.m.service.RouteBeautifierService     :   PASS 1.5 (type-matched anchors): seg=7 companion='The Durham Museum' score=113.4 cost=6.0 src=NB
2026-09-21T11:09:41.186-04:00  INFO 36544 --- [http-nio-8080-exec-1] c.m.m.service.RouteBeautifierService     :   PASS 1.5 (type-matched anchors): seg=8 no anchor found
2026-09-21T11:09:41.186-04:00  INFO 36544 --- [http-nio-8080-exec-1] c.m.m.service.RouteBeautifierService     :   PASS 1.5 (type-matched anchors): seg=9 no anchor found
2026-09-21T11:09:41.186-04:00  INFO 36544 --- [http-nio-8080-exec-1] c.m.m.service.RouteBeautifierService     : --- PASS 2 (NB anchors) ---
2026-09-21T11:09:41.186-04:00  INFO 36544 --- [http-nio-8080-exec-1] c.m.m.service.RouteBeautifierService     :   PASS 2 (NB anchors): seg=2 no anchor found
2026-09-21T11:09:41.186-04:00  INFO 36544 --- [http-nio-8080-exec-1] c.m.m.service.RouteBeautifierService     :   PASS 2 (NB anchors): seg=3 no anchor found
2026-09-21T11:09:41.186-04:00  INFO 36544 --- [http-nio-8080-exec-1] c.m.m.service.RouteBeautifierService     :   PASS 2 (NB anchors): seg=5 no anchor found
2026-09-21T11:09:41.186-04:00  INFO 36544 --- [http-nio-8080-exec-1] c.m.m.service.RouteBeautifierService     :   PASS 2 (NB anchors): seg=6 no anchor found
2026-09-21T11:09:41.186-04:00  INFO 36544 --- [http-nio-8080-exec-1] c.m.m.service.RouteBeautifierService     :   PASS 2 (NB anchors): seg=8 no anchor found
2026-09-21T11:09:41.186-04:00  INFO 36544 --- [http-nio-8080-exec-1] c.m.m.service.RouteBeautifierService     :   PASS 2 (NB anchors): seg=9 no anchor found
2026-09-21T11:09:41.186-04:00  INFO 36544 --- [http-nio-8080-exec-1] c.m.m.service.RouteBeautifierService     : --- PASS 3 (PO anchors) ---
2026-09-21T11:09:41.186-04:00  INFO 36544 --- [http-nio-8080-exec-1] c.m.m.service.RouteBeautifierService     :   PASS 3 (PO anchors): seg=2 no anchor found
2026-09-21T11:09:41.187-04:00  INFO 36544 --- [http-nio-8080-exec-1] c.m.m.service.RouteBeautifierService     :   PASS 3 (PO anchors): seg=3 no anchor found
2026-09-21T11:09:41.187-04:00  INFO 36544 --- [http-nio-8080-exec-1] c.m.m.service.RouteBeautifierService     :   PASS 3 (PO anchors): seg=5 no anchor found
2026-09-21T11:09:41.187-04:00  INFO 36544 --- [http-nio-8080-exec-1] c.m.m.service.RouteBeautifierService     :   PASS 3 (PO anchors): seg=6 no anchor found
2026-09-21T11:09:41.187-04:00  INFO 36544 --- [http-nio-8080-exec-1] c.m.m.service.RouteBeautifierService     :   PASS 3 (PO anchors): seg=8 no anchor found
2026-09-21T11:09:41.187-04:00  INFO 36544 --- [http-nio-8080-exec-1] c.m.m.service.RouteBeautifierService     :   PASS 3 (PO anchors): seg=9 no anchor found
2026-09-21T11:09:41.187-04:00  INFO 36544 --- [http-nio-8080-exec-1] c.m.m.service.RouteBeautifierService     : After Passes 0-3: 8 waypoints selected, 41.0/106.8 mins budget used (38%)
2026-09-21T11:09:41.187-04:00  INFO 36544 --- [http-nio-8080-exec-1] c.m.m.service.RouteBeautifierService     : --- PASS 4: Budget diffusion ---
2026-09-21T11:09:41.187-04:00  INFO 36544 --- [http-nio-8080-exec-1] c.m.m.service.RouteBeautifierService     :   Pass 4: skipped (too close): Rainbow Falls
2026-09-21T11:09:41.187-04:00  INFO 36544 --- [http-nio-8080-exec-1] c.m.m.service.RouteBeautifierService     :   Pass 4: added='Keown Falls Picnic Area and Trailhead' score=84.9 cost=16.0 src=KW
2026-09-21T11:09:41.188-04:00  INFO 36544 --- [http-nio-8080-exec-1] c.m.m.service.RouteBeautifierService     :   Pass 4: added='Old Stone Fort State Archaeological Park' score=137.8 cost=1.0 src=NB
2026-09-21T11:09:41.188-04:00  INFO 36544 --- [http-nio-8080-exec-1] c.m.m.service.RouteBeautifierService     :   Pass 4: added='Kinkaid Lake Spillway' score=135.1 cost=2.0 src=NB
2026-09-21T11:09:41.188-04:00  INFO 36544 --- [http-nio-8080-exec-1] c.m.m.service.RouteBeautifierService     :   Pass 4: skipped (too close): Foster Falls Recreation Area
2026-09-21T11:09:41.188-04:00  INFO 36544 --- [http-nio-8080-exec-1] c.m.m.service.RouteBeautifierService     :   Pass 4: added='Wonders Center & Science Museum' score=131.4 cost=4.0 src=NB
2026-09-21T11:09:41.188-04:00  INFO 36544 --- [http-nio-8080-exec-1] c.m.m.service.RouteBeautifierService     :   Pass 4: added='Trail of Tears State Park' score=129.0 cost=11.0 src=NB
2026-09-21T11:09:41.188-04:00  INFO 36544 --- [http-nio-8080-exec-1] c.m.m.service.RouteBeautifierService     :   Pass 4: added='Fort Defiance State Park' score=128.2 cost=1.0 src=NB
2026-09-21T11:09:41.188-04:00  INFO 36544 --- [http-nio-8080-exec-1] c.m.m.service.RouteBeautifierService     :   Pass 4: added='Nathan Bedford Forrest State Park' score=127.9 cost=10.0 src=NB
2026-09-21T11:09:41.188-04:00  INFO 36544 --- [http-nio-8080-exec-1] c.m.m.service.RouteBeautifierService     :   Pass 4: skipped (too close): Johnsonville State Historic Park
2026-09-21T11:09:41.188-04:00  INFO 36544 --- [http-nio-8080-exec-1] c.m.m.service.RouteBeautifierService     :   Pass 4: added='Union Covered Bridge State Historic Site' score=126.0 cost=14.0 src=NB-WR
2026-09-21T11:09:41.188-04:00  INFO 36544 --- [http-nio-8080-exec-1] c.m.m.service.RouteBeautifierService     :   Pass 4: added='Grundy Forest State Natural Area at South Cumberland State Park' score=124.3 cost=1.0 src=NB
2026-09-21T11:09:41.188-04:00  INFO 36544 --- [http-nio-8080-exec-1] c.m.m.service.RouteBeautifierService     :   Pass 4: added='Prairie Trails Museum' score=124.2 cost=0.0 src=NB
2026-09-21T11:09:41.188-04:00  INFO 36544 --- [http-nio-8080-exec-1] c.m.m.service.RouteBeautifierService     :   Pass 4: added='Sharon Bluffs State Park' score=123.3 cost=2.0 src=NB
2026-09-21T11:09:41.188-04:00  INFO 36544 --- [http-nio-8080-exec-1] c.m.m.service.RouteBeautifierService     :   Pass 4: added='Pere Marquette State Park' score=123.3 cost=0.0 src=NB
2026-09-21T11:09:41.189-04:00  INFO 36544 --- [http-nio-8080-exec-1] c.m.m.service.RouteBeautifierService     :   Pass 4: added='Hacklebarney Woods County Park' score=109.6 cost=1.0 src=NB
2026-09-21T11:09:41.189-04:00  INFO 36544 --- [http-nio-8080-exec-1] c.m.m.service.RouteBeautifierService     :   Pass 4: added='Princess Theaters' score=106.7 cost=0.0 src=NB
2026-09-21T11:09:41.190-04:00  INFO 36544 --- [http-nio-8080-exec-1] c.m.m.service.RouteBeautifierService     :   Pass 4: skipped (too close): Benjamin House
2026-09-21T11:09:41.190-04:00  INFO 36544 --- [http-nio-8080-exec-1] c.m.m.service.RouteBeautifierService     : === ESCALATED SELECTION COMPLETE ===
2026-09-21T11:09:41.190-04:00  INFO 36544 --- [http-nio-8080-exec-1] c.m.m.service.RouteBeautifierService     : Total: 22 waypoints | 104.0/106.8 mins (97%) | Pass 4 added: 14
2026-09-21T11:09:41.190-04:00  INFO 36544 --- [http-nio-8080-exec-1] c.m.m.service.RouteBeautifierService     :   Segment 0: 3 waypoints, 22.0/13.9 mins
2026-09-21T11:09:41.190-04:00  INFO 36544 --- [http-nio-8080-exec-1] c.m.m.service.RouteBeautifierService     :   Segment 1: 3 waypoints, 17.0/13.9 mins
2026-09-21T11:09:41.190-04:00  INFO 36544 --- [http-nio-8080-exec-1] c.m.m.service.RouteBeautifierService     :   Segment 2: 3 waypoints, 14.0/13.9 mins
2026-09-21T11:09:41.190-04:00  INFO 36544 --- [http-nio-8080-exec-1] c.m.m.service.RouteBeautifierService     :   Segment 3: 3 waypoints, 14.0/13.9 mins
2026-09-21T11:09:41.190-04:00  INFO 36544 --- [http-nio-8080-exec-1] c.m.m.service.RouteBeautifierService     :   Segment 4: 3 waypoints, 10.0/13.9 mins
2026-09-21T11:09:41.190-04:00  INFO 36544 --- [http-nio-8080-exec-1] c.m.m.service.RouteBeautifierService     :   Segment 5: 1 waypoints, 14.0/13.9 mins
2026-09-21T11:09:41.190-04:00  INFO 36544 --- [http-nio-8080-exec-1] c.m.m.service.RouteBeautifierService     :   Segment 6: 3 waypoints, 3.0/13.9 mins
2026-09-21T11:09:41.190-04:00  INFO 36544 --- [http-nio-8080-exec-1] c.m.m.service.RouteBeautifierService     :   Segment 7: 3 waypoints, 10.0/13.9 mins
2026-09-21T11:09:41.190-04:00  INFO 36544 --- [http-nio-8080-exec-1] c.m.m.service.RouteBeautifierService     :   Segment 8: 0 waypoints, 0.0/13.9 mins
2026-09-21T11:09:41.190-04:00  INFO 36544 --- [http-nio-8080-exec-1] c.m.m.service.RouteBeautifierService     :   Segment 9: 0 waypoints, 0.0/13.9 mins
2026-09-21T11:09:41.221-04:00  INFO 36544 --- [http-nio-8080-exec-1] c.m.m.service.RouteBeautifierService     : Final waypoints: Keown Falls Picnic Area and Trailhead [P4/KW], Glen Falls Trailhead [P1/KW], Creative Discovery Museum [P1c/NB], Julia Falls Overlook [P1/KW], Grundy Forest State Natural Area at South Cumberland State Park [P4/NB], Old Stone Fort State Archaeological Park [P4/NB], Wonders Center & Science Museum [P4/NB], Nathan Bedford Forrest State Park [P4/NB], Princess Theaters [P4/NB], Fort Defiance State Park [P4/NB], Trail of Tears State Park [P4/NB], Kinkaid Lake Spillway [P4/NB], Soldiers Memorial Military Museum [P1.5c/NB], City Museum [P1.5/NB], Pere Marquette State Park [P4/NB], Union Covered Bridge State Historic Site [P4/NB-WR], Sharon Bluffs State Park [P4/NB], Prairie Trails Museum [P4/NB], Hacklebarney Woods County Park [P4/NB], Lake Manawa State Park [P1.5/NB], Omaha's Henry Doorly Zoo and Aquarium [P1.5c/NB], The Durham Museum [P1.5c/NB]
2026-09-21T11:09:41.221-04:00  INFO 36544 --- [http-nio-8080-exec-1] c.m.m.service.RouteBeautifierService     : Selected 22 waypoints from 115 candidates
2026-09-21T11:09:41.221-04:00  INFO 36544 --- [http-nio-8080-exec-1] c.m.m.service.RouteBeautifierService     : Waypoint: Keown Falls Picnic Area and Trailhead placeId=ChIJiUXuEGIPYIgRHIF_jkXkoTM
2026-09-21T11:09:41.221-04:00  INFO 36544 --- [http-nio-8080-exec-1] c.m.m.service.RouteBeautifierService     : Waypoint: Glen Falls Trailhead placeId=ChIJKxoiAxVdYIgRl7t0y8C9q0k
2026-09-21T11:09:41.221-04:00  INFO 36544 --- [http-nio-8080-exec-1] c.m.m.service.RouteBeautifierService     : Waypoint: Creative Discovery Museum placeId=ChIJV3kbImJeYIgRjPQT6dNr4gY
2026-09-21T11:09:41.221-04:00  INFO 36544 --- [http-nio-8080-exec-1] c.m.m.service.RouteBeautifierService     : Waypoint: Julia Falls Overlook placeId=ChIJE5NlbaZYYIgRpj7Cd2zKABc
2026-09-21T11:09:41.221-04:00  INFO 36544 --- [http-nio-8080-exec-1] c.m.m.service.RouteBeautifierService     : Waypoint: Grundy Forest State Natural Area at South Cumberland State Park placeId=ChIJs0cRw-4FYYgRUns6b0n3WMI
2026-09-21T11:09:41.221-04:00  INFO 36544 --- [http-nio-8080-exec-1] c.m.m.service.RouteBeautifierService     : Waypoint: Old Stone Fort State Archaeological Park placeId=ChIJhXbB3udnYYgRYx0Xa6z9o8Q
2026-09-21T11:09:41.221-04:00  INFO 36544 --- [http-nio-8080-exec-1] c.m.m.service.RouteBeautifierService     : Waypoint: Wonders Center & Science Museum placeId=ChIJpWQpFgalZIgR0ZetqN2_gdw
2026-09-21T11:09:41.221-04:00  INFO 36544 --- [http-nio-8080-exec-1] c.m.m.service.RouteBeautifierService     : Waypoint: Nathan Bedford Forrest State Park placeId=ChIJ6ZqBcQ5ve4gR1LPS2LGVMnM
2026-09-21T11:09:41.221-04:00  INFO 36544 --- [http-nio-8080-exec-1] c.m.m.service.RouteBeautifierService     : Waypoint: Princess Theaters placeId=ChIJ5WxXVNExeogRuygd8lTjNmU
2026-09-21T11:09:41.221-04:00  INFO 36544 --- [http-nio-8080-exec-1] c.m.m.service.RouteBeautifierService     : Waypoint: Fort Defiance State Park placeId=ChIJH5aMReTAeYgRp1HLt9Skeso
2026-09-21T11:09:41.221-04:00  INFO 36544 --- [http-nio-8080-exec-1] c.m.m.service.RouteBeautifierService     : Waypoint: Trail of Tears State Park placeId=ChIJW_ztlq-Ed4gRIiYHcNlOoPM
2026-09-21T11:09:41.221-04:00  INFO 36544 --- [http-nio-8080-exec-1] c.m.m.service.RouteBeautifierService     : Waypoint: Kinkaid Lake Spillway placeId=ChIJ50eRl1ymd4gR62HElCnLO8c
2026-09-21T11:09:41.221-04:00  INFO 36544 --- [http-nio-8080-exec-1] c.m.m.service.RouteBeautifierService     : Waypoint: Soldiers Memorial Military Museum placeId=ChIJ63jtjRaz2IcR1uZYqO2b3CI
2026-09-21T11:09:41.221-04:00  INFO 36544 --- [http-nio-8080-exec-1] c.m.m.service.RouteBeautifierService     : Waypoint: City Museum placeId=ChIJVR6Awj2z2IcRBMqKMCBEfMk
2026-09-21T11:09:41.221-04:00  INFO 36544 --- [http-nio-8080-exec-1] c.m.m.service.RouteBeautifierService     : Waypoint: Pere Marquette State Park placeId=ChIJw4tUW4sY34cR1JWcPwgVXR8
2026-09-21T11:09:41.221-04:00  INFO 36544 --- [http-nio-8080-exec-1] c.m.m.service.RouteBeautifierService     : Waypoint: Union Covered Bridge State Historic Site placeId=ChIJoWhlRKwZ3YcR4UTbMivFxwQ
2026-09-21T11:09:41.221-04:00  INFO 36544 --- [http-nio-8080-exec-1] c.m.m.service.RouteBeautifierService     : Waypoint: Sharon Bluffs State Park placeId=ChIJBf_2BOPy6IcRPhikuajEDqU
2026-09-21T11:09:41.221-04:00  INFO 36544 --- [http-nio-8080-exec-1] c.m.m.service.RouteBeautifierService     : Waypoint: Prairie Trails Museum placeId=ChIJE6vpCdsR6YcRzL-kVrvuY9o
2026-09-21T11:09:41.221-04:00  INFO 36544 --- [http-nio-8080-exec-1] c.m.m.service.RouteBeautifierService     : Waypoint: Hacklebarney Woods County Park placeId=ChIJ1SOGH3ZO64cR_QlB5bxA8co
2026-09-21T11:09:41.221-04:00  INFO 36544 --- [http-nio-8080-exec-1] c.m.m.service.RouteBeautifierService     : Waypoint: Lake Manawa State Park placeId=ChIJUUyMh4eGk4cRVScgnyMRbe4
2026-09-21T11:09:41.221-04:00  INFO 36544 --- [http-nio-8080-exec-1] c.m.m.service.RouteBeautifierService     : Waypoint: Omaha's Henry Doorly Zoo and Aquarium placeId=ChIJIcEiazyPk4cRaXjAcBxV3BI
2026-09-21T11:09:41.221-04:00  INFO 36544 --- [http-nio-8080-exec-1] c.m.m.service.RouteBeautifierService     : Waypoint: The Durham Museum placeId=ChIJZ8nWU6aPk4cRL1JvzPKh3l0
2026-09-21T11:09:41.784-04:00  INFO 36544 --- [http-nio-8080-exec-1] c.m.m.service.RouteBeautifierService     : Routing succeeded with 22 waypoints
2026-09-21T11:09:41.797-04:00  INFO 36544 --- [http-nio-8080-exec-1] c.m.m.service.RouteBeautifierService     : Routed with 22 waypoints (0 removed during self-healing)
2026-09-21T11:09:41.813-04:00  INFO 36544 --- [http-nio-8080-exec-1] c.m.m.service.RouteBeautifierService     : Rest stop zone computation took 16ms
2026-09-21T11:09:41.813-04:00  INFO 36544 --- [http-nio-8080-exec-1] c.m.m.service.RouteBeautifierService     : Total beautifyRoute took 23755ms
2026-09-21T11:09:41.933-04:00  INFO 36544 --- [http-nio-8080-exec-7] c.m.m.controller.UserRouteController     : Saved route 1165 for user KeywordMan
2026-09-21T11:09:53.087-04:00 ERROR 36544 --- [scheduling-1] o.s.s.s.TaskUtils$LoggingErrorHandler    : Unexpected error occurred in scheduled task

org.springframework.dao.InvalidDataAccessApiUsageException: Executing an update/delete query
	at org.springframework.orm.jpa.EntityManagerFactoryUtils.convertJpaAccessExceptionIfPossible(EntityManagerFactoryUtils.java:400) ~[spring-orm-6.2.15.jar:6.2.15]
	at org.springframework.orm.jpa.vendor.HibernateJpaDialect.translateExceptionIfPossible(HibernateJpaDialect.java:246) ~[spring-orm-6.2.15.jar:6.2.15]
	at org.springframework.orm.jpa.AbstractEntityManagerFactoryBean.translateExceptionIfPossible(AbstractEntityManagerFactoryBean.java:560) ~[spring-orm-6.2.15.jar:6.2.15]
	at org.springframework.dao.support.ChainedPersistenceExceptionTranslator.translateExceptionIfPossible(ChainedPersistenceExceptionTranslator.java:61) ~[spring-tx-6.2.15.jar:6.2.15]
	at org.springframework.dao.support.DataAccessUtils.translateIfNecessary(DataAccessUtils.java:343) ~[spring-tx-6.2.15.jar:6.2.15]
	at org.springframework.dao.support.PersistenceExceptionTranslationInterceptor.invoke(PersistenceExceptionTranslationInterceptor.java:160) ~[spring-tx-6.2.15.jar:6.2.15]
	at org.springframework.aop.framework.ReflectiveMethodInvocation.proceed(ReflectiveMethodInvocation.java:184) ~[spring-aop-6.2.15.jar:6.2.15]
	at org.springframework.data.jpa.repository.support.CrudMethodMetadataPostProcessor$CrudMethodMetadataPopulatingMethodInterceptor.invoke(CrudMethodMetadataPostProcessor.java:136) ~[spring-data-jpa-3.4.13.jar:3.4.13]
	at org.springframework.aop.framework.ReflectiveMethodInvocation.proceed(ReflectiveMethodInvocation.java:184) ~[spring-aop-6.2.15.jar:6.2.15]
	at org.springframework.aop.framework.JdkDynamicAopProxy.invoke(JdkDynamicAopProxy.java:223) ~[spring-aop-6.2.15.jar:6.2.15]
	at jdk.proxy2/jdk.proxy2.$Proxy176.deleteExpiredRoutes(Unknown Source) ~[na:na]
	at com.meandr.meandrDataServices.scheduler.RouteCleanupScheduler.cleanupExpiredRoutes(RouteCleanupScheduler.java:19) ~[classes/:na]
	at java.base/jdk.internal.reflect.DirectMethodHandleAccessor.invoke(DirectMethodHandleAccessor.java:104) ~[na:na]
	at java.base/java.lang.reflect.Method.invoke(Method.java:565) ~[na:na]
	at org.springframework.scheduling.support.ScheduledMethodRunnable.runInternal(ScheduledMethodRunnable.java:130) ~[spring-context-6.2.15.jar:6.2.15]
	at org.springframework.scheduling.support.ScheduledMethodRunnable.lambda$run$2(ScheduledMethodRunnable.java:124) ~[spring-context-6.2.15.jar:6.2.15]
	at io.micrometer.observation.Observation.observe(Observation.java:498) ~[micrometer-observation-1.14.14.jar:1.14.14]
	at org.springframework.scheduling.support.ScheduledMethodRunnable.run(ScheduledMethodRunnable.java:124) ~[spring-context-6.2.15.jar:6.2.15]
	at org.springframework.scheduling.config.Task$OutcomeTrackingRunnable.run(Task.java:87) ~[spring-context-6.2.15.jar:6.2.15]
	at org.springframework.scheduling.support.DelegatingErrorHandlingRunnable.run(DelegatingErrorHandlingRunnable.java:54) ~[spring-context-6.2.15.jar:6.2.15]
	at org.springframework.scheduling.concurrent.ReschedulingRunnable.run(ReschedulingRunnable.java:96) ~[spring-context-6.2.15.jar:6.2.15]
	at java.base/java.util.concurrent.Executors$RunnableAdapter.call(Executors.java:545) ~[na:na]
	at java.base/java.util.concurrent.FutureTask.run(FutureTask.java:328) ~[na:na]
	at java.base/java.util.concurrent.ScheduledThreadPoolExecutor$ScheduledFutureTask.run(ScheduledThreadPoolExecutor.java:309) ~[na:na]
	at java.base/java.util.concurrent.ThreadPoolExecutor.runWorker(ThreadPoolExecutor.java:1090) ~[na:na]
	at java.base/java.util.concurrent.ThreadPoolExecutor$Worker.run(ThreadPoolExecutor.java:614) ~[na:na]
	at java.base/java.lang.Thread.run(Thread.java:1474) ~[na:na]
Caused by: jakarta.persistence.TransactionRequiredException: Executing an update/delete query
	at org.hibernate.internal.AbstractSharedSessionContract.checkTransactionNeededForUpdateOperation(AbstractSharedSessionContract.java:560) ~[hibernate-core-6.6.39.Final.jar:6.6.39.Final]
	at org.hibernate.query.sqm.internal.QuerySqmImpl.executeUpdate(QuerySqmImpl.java:473) ~[hibernate-core-6.6.39.Final.jar:6.6.39.Final]
	at java.base/jdk.internal.reflect.DirectMethodHandleAccessor.invoke(DirectMethodHandleAccessor.java:104) ~[na:na]
	at java.base/java.lang.reflect.Method.invoke(Method.java:565) ~[na:na]
	at org.springframework.orm.jpa.SharedEntityManagerCreator$DeferredQueryInvocationHandler.invoke(SharedEntityManagerCreator.java:419) ~[spring-orm-6.2.15.jar:6.2.15]
	at jdk.proxy2/jdk.proxy2.$Proxy197.executeUpdate(Unknown Source) ~[na:na]
	at org.springframework.data.jpa.repository.query.JpaQueryExecution$ModifyingExecution.doExecute(JpaQueryExecution.java:267) ~[spring-data-jpa-3.4.13.jar:3.4.13]
	at org.springframework.data.jpa.repository.query.JpaQueryExecution.execute(JpaQueryExecution.java:93) ~[spring-data-jpa-3.4.13.jar:3.4.13]
	at org.springframework.data.jpa.repository.query.AbstractJpaQuery.doExecute(AbstractJpaQuery.java:152) ~[spring-data-jpa-3.4.13.jar:3.4.13]
	at org.springframework.data.jpa.repository.query.AbstractJpaQuery.execute(AbstractJpaQuery.java:140) ~[spring-data-jpa-3.4.13.jar:3.4.13]
	at org.springframework.data.repository.core.support.RepositoryMethodInvoker.doInvoke(RepositoryMethodInvoker.java:170) ~[spring-data-commons-3.4.13.jar:3.4.13]
	at org.springframework.data.repository.core.support.RepositoryMethodInvoker.invoke(RepositoryMethodInvoker.java:158) ~[spring-data-commons-3.4.13.jar:3.4.13]
	at org.springframework.data.repository.core.support.QueryExecutorMethodInterceptor.doInvoke(QueryExecutorMethodInterceptor.java:170) ~[spring-data-commons-3.4.13.jar:3.4.13]
	at org.springframework.data.repository.core.support.QueryExecutorMethodInterceptor.invoke(QueryExecutorMethodInterceptor.java:149) ~[spring-data-commons-3.4.13.jar:3.4.13]
	at org.springframework.aop.framework.ReflectiveMethodInvocation.proceed(ReflectiveMethodInvocation.java:184) ~[spring-aop-6.2.15.jar:6.2.15]
	at org.springframework.data.projection.DefaultMethodInvokingMethodInterceptor.invoke(DefaultMethodInvokingMethodInterceptor.java:69) ~[spring-data-commons-3.4.13.jar:3.4.13]
	at org.springframework.aop.framework.ReflectiveMethodInvocation.proceed(ReflectiveMethodInvocation.java:184) ~[spring-aop-6.2.15.jar:6.2.15]
	at org.springframework.transaction.interceptor.TransactionAspectSupport.invokeWithinTransaction(TransactionAspectSupport.java:380) ~[spring-tx-6.2.15.jar:6.2.15]
	at org.springframework.transaction.interceptor.TransactionInterceptor.invoke(TransactionInterceptor.java:119) ~[spring-tx-6.2.15.jar:6.2.15]
	at org.springframework.aop.framework.ReflectiveMethodInvocation.proceed(ReflectiveMethodInvocation.java:184) ~[spring-aop-6.2.15.jar:6.2.15]
	at org.springframework.dao.support.PersistenceExceptionTranslationInterceptor.invoke(PersistenceExceptionTranslationInterceptor.java:138) ~[spring-tx-6.2.15.jar:6.2.15]
	... 21 common frames omitted

2026-09-21T11:11:31.937-04:00  INFO 36544 --- [http-nio-8080-exec-7] c.m.m.c.GoogleApiProxyController         : Photo cache hit for placeId=ChIJqaQsqkSz2IcRG626wfd2Lw4
2026-09-21T11:11:41.221-04:00  INFO 36544 --- [http-nio-8080-exec-2] c.m.m.c.GoogleApiProxyController         : Photo cache hit for placeId=ChIJGSF7Nx6z2IcR3mfjee9hDZU
2026-09-21T11:12:22.137-04:00  INFO 36544 --- [http-nio-8080-exec-7] c.m.m.c.GoogleApiProxyController         : Photo cache hit for placeId=ChIJw4tUW4sY34cR1JWcPwgVXR8
2026-09-21T11:12:22.137-04:00  INFO 36544 --- [http-nio-8080-exec-9] c.m.m.c.GoogleApiProxyController         : Photo cache hit for placeId=ChIJw4tUW4sY34cR1JWcPwgVXR8
2026-09-21T11:18:22.803-04:00  INFO 36544 --- [http-nio-8080-exec-2] c.m.m.c.GoogleApiProxyController         : Photo cache hit for placeId=ChIJiUXuEGIPYIgRHIF_jkXkoTM
2026-09-21T11:18:22.803-04:00  INFO 36544 --- [http-nio-8080-exec-10] c.m.m.c.GoogleApiProxyController         : Photo cache hit for placeId=ChIJKxoiAxVdYIgRl7t0y8C9q0k
2026-09-21T11:18:22.803-04:00  INFO 36544 --- [http-nio-8080-exec-5] c.m.m.c.GoogleApiProxyController         : Photo cache hit for placeId=ChIJV3kbImJeYIgRjPQT6dNr4gY
2026-09-21T11:18:38.381-04:00  INFO 36544 --- [http-nio-8080-exec-8] c.m.m.c.GoogleApiProxyController         : Photo cache hit for placeId=ChIJV3kbImJeYIgRjPQT6dNr4gY
2026-09-21T11:18:38.382-04:00  INFO 36544 --- [http-nio-8080-exec-2] c.m.m.c.GoogleApiProxyController         : Photo cache hit for placeId=ChIJKxoiAxVdYIgRl7t0y8C9q0k
2026-09-21T11:18:38.383-04:00  INFO 36544 --- [http-nio-8080-exec-7] c.m.m.c.GoogleApiProxyController         : Photo cache hit for placeId=ChIJiUXuEGIPYIgRHIF_jkXkoTM
2026-09-21T11:19:34.517-04:00  INFO 36544 --- [http-nio-8080-exec-10] c.m.m.c.GoogleApiProxyController         : Photo cache hit for placeId=ChIJoWhlRKwZ3YcR4UTbMivFxwQ
2026-09-21T11:19:34.517-04:00  INFO 36544 --- [http-nio-8080-exec-2] c.m.m.c.GoogleApiProxyController         : Photo cache hit for placeId=ChIJoWhlRKwZ3YcR4UTbMivFxwQ
2026-09-21T11:19:51.032-04:00  INFO 36544 --- [http-nio-8080-exec-6] c.m.m.controller.UserRouteController     : Saved route 1166 for user KeywordMan
2026-09-21T11:19:51.530-04:00  INFO 36544 --- [http-nio-8080-exec-10] c.m.m.c.GoogleApiProxyController         : Photo cache hit for placeId=ChIJKxoiAxVdYIgRl7t0y8C9q0k
2026-09-21T11:19:51.530-04:00  INFO 36544 --- [http-nio-8080-exec-1] c.m.m.c.GoogleApiProxyController         : Photo cache hit for placeId=ChIJiUXuEGIPYIgRHIF_jkXkoTM
2026-09-21T11:19:51.532-04:00  INFO 36544 --- [http-nio-8080-exec-5] c.m.m.c.GoogleApiProxyController         : Photo cache hit for placeId=ChIJV3kbImJeYIgRjPQT6dNr4gY
2026-09-21T11:39:13.514-04:00  INFO 36544 --- [http-nio-8080-exec-4] c.m.m.c.GoogleApiProxyController         : Photo cache hit for placeId=ChIJiUXuEGIPYIgRHIF_jkXkoTM
2026-09-21T11:39:13.517-04:00  INFO 36544 --- [http-nio-8080-exec-7] c.m.m.c.GoogleApiProxyController         : Photo cache hit for placeId=ChIJV3kbImJeYIgRjPQT6dNr4gY
2026-09-21T11:39:13.518-04:00  INFO 36544 --- [http-nio-8080-exec-8] c.m.m.c.GoogleApiProxyController         : Photo cache hit for placeId=ChIJKxoiAxVdYIgRl7t0y8C9q0k
2026-09-21T11:41:41.537-04:00  INFO 36544 --- [http-nio-8080-exec-1] c.m.m.c.GoogleApiProxyController         : Photo cache hit for placeId=ChIJV3kbImJeYIgRjPQT6dNr4gY
2026-09-21T11:41:41.537-04:00  INFO 36544 --- [http-nio-8080-exec-4] c.m.m.c.GoogleApiProxyController         : Photo cache hit for placeId=ChIJiUXuEGIPYIgRHIF_jkXkoTM
2026-09-21T11:41:41.541-04:00  INFO 36544 --- [http-nio-8080-exec-3] c.m.m.c.GoogleApiProxyController         : Photo cache hit for placeId=ChIJKxoiAxVdYIgRl7t0y8C9q0k
2026-09-21T11:42:00.429-04:00  INFO 36544 --- [http-nio-8080-exec-2] c.m.m.service.MapBoxRoutingService       : Calling MapBox Directions API
2026-09-21T11:42:00.429-04:00  INFO 36544 --- [http-nio-8080-exec-10] c.m.m.service.MapBoxRoutingService       : Calling MapBox Directions API
2026-09-21T11:42:02.157-04:00  INFO 36544 --- [http-nio-8080-exec-10] c.m.m.service.MapBoxRoutingService       : MapBox returned 2 routes in response
2026-09-21T11:42:02.157-04:00  INFO 36544 --- [http-nio-8080-exec-2] c.m.m.service.MapBoxRoutingService       : MapBox returned 2 routes in response
2026-09-21T11:42:02.158-04:00  WARN 36544 --- [http-nio-8080-exec-10] c.m.m.service.MapBoxRoutingService       : Could not determine road class for step: 
2026-09-21T11:42:02.158-04:00  WARN 36544 --- [http-nio-8080-exec-2] c.m.m.service.MapBoxRoutingService       : Could not determine road class for step: 
2026-09-21T11:42:02.158-04:00  INFO 36544 --- [http-nio-8080-exec-10] c.m.m.service.MapBoxRoutingService       : Route 1: 550.5 mins, 839.7 km, 18.4% scenic
2026-09-21T11:42:02.158-04:00  INFO 36544 --- [http-nio-8080-exec-2] c.m.m.service.MapBoxRoutingService       : Route 1: 550.5 mins, 839.7 km, 18.4% scenic
2026-09-21T11:42:02.158-04:00  WARN 36544 --- [http-nio-8080-exec-10] c.m.m.service.MapBoxRoutingService       : Could not determine road class for step: 
2026-09-21T11:42:02.158-04:00  INFO 36544 --- [http-nio-8080-exec-10] c.m.m.service.MapBoxRoutingService       : Route 2: 603.1 mins, 995.2 km, 46.1% scenic
2026-09-21T11:42:02.158-04:00  INFO 36544 --- [http-nio-8080-exec-10] c.m.m.service.MapBoxRoutingService       : Parsed 2 route alternatives from MapBox
2026-09-21T11:42:02.158-04:00  WARN 36544 --- [http-nio-8080-exec-2] c.m.m.service.MapBoxRoutingService       : Could not determine road class for step: 
2026-09-21T11:42:02.158-04:00  INFO 36544 --- [http-nio-8080-exec-2] c.m.m.service.MapBoxRoutingService       : Route 2: 603.1 mins, 995.2 km, 46.1% scenic
2026-09-21T11:42:02.158-04:00  INFO 36544 --- [http-nio-8080-exec-2] c.m.m.service.MapBoxRoutingService       : Parsed 2 route alternatives from MapBox
2026-09-21T11:42:55.319-04:00  INFO 36544 --- [http-nio-8080-exec-8] c.m.m.c.GoogleApiProxyController         : Photo cache hit for placeId=ChIJhXbB3udnYYgRYx0Xa6z9o8Q
2026-09-21T11:45:07.061-04:00  INFO 36544 --- [http-nio-8080-exec-10] c.m.m.c.GoogleApiProxyController         : Photo cache hit for placeId=ChIJiUXuEGIPYIgRHIF_jkXkoTM
2026-09-21T11:45:23.936-04:00  INFO 36544 --- [http-nio-8080-exec-1] c.m.m.c.GoogleApiProxyController         : Photo cache hit for placeId=ChIJiUXuEGIPYIgRHIF_jkXkoTM
2026-09-21T11:45:23.939-04:00  INFO 36544 --- [http-nio-8080-exec-2] c.m.m.c.GoogleApiProxyController         : Photo cache hit for placeId=ChIJKxoiAxVdYIgRl7t0y8C9q0k
2026-09-21T11:45:23.940-04:00  INFO 36544 --- [http-nio-8080-exec-5] c.m.m.c.GoogleApiProxyController         : Photo cache hit for placeId=ChIJV3kbImJeYIgRjPQT6dNr4gY
2026-09-21T11:46:43.871-04:00  INFO 36544 --- [http-nio-8080-exec-5] c.m.m.c.GoogleApiProxyController         : Photo cache hit for placeId=ChIJV3kbImJeYIgRjPQT6dNr4gY
2026-09-21T11:46:43.871-04:00  INFO 36544 --- [http-nio-8080-exec-7] c.m.m.c.GoogleApiProxyController         : Photo cache hit for placeId=ChIJiUXuEGIPYIgRHIF_jkXkoTM
2026-09-21T11:46:43.871-04:00  INFO 36544 --- [http-nio-8080-exec-9] c.m.m.c.GoogleApiProxyController         : Photo cache hit for placeId=ChIJKxoiAxVdYIgRl7t0y8C9q0k
2026-09-21T11:48:16.970-04:00  INFO 36544 --- [http-nio-8080-exec-7] c.m.m.c.GoogleApiProxyController         : Photo cache hit for placeId=ChIJV3kbImJeYIgRjPQT6dNr4gY
2026-09-21T11:48:16.970-04:00  INFO 36544 --- [http-nio-8080-exec-5] c.m.m.c.GoogleApiProxyController         : Photo cache hit for placeId=ChIJiUXuEGIPYIgRHIF_jkXkoTM
2026-09-21T11:48:16.976-04:00  INFO 36544 --- [http-nio-8080-exec-8] c.m.m.c.GoogleApiProxyController         : Photo cache hit for placeId=ChIJKxoiAxVdYIgRl7t0y8C9q0k
2026-09-21T11:52:05.314-04:00  INFO 36544 --- [http-nio-8080-exec-7] c.m.m.c.GoogleApiProxyController         : Photo cache hit for placeId=ChIJiUXuEGIPYIgRHIF_jkXkoTM
2026-09-21T11:52:05.314-04:00  INFO 36544 --- [http-nio-8080-exec-8] c.m.m.c.GoogleApiProxyController         : Photo cache hit for placeId=ChIJKxoiAxVdYIgRl7t0y8C9q0k
2026-09-21T11:52:05.318-04:00  INFO 36544 --- [http-nio-8080-exec-4] c.m.m.c.GoogleApiProxyController         : Photo cache hit for placeId=ChIJV3kbImJeYIgRjPQT6dNr4gY
2026-09-21T11:52:07.165-04:00  INFO 36544 --- [http-nio-8080-exec-3] c.m.m.c.GoogleApiProxyController         : Photo cache hit for placeId=ChIJw4tUW4sY34cR1JWcPwgVXR8
2026-09-21T11:52:07.165-04:00  INFO 36544 --- [http-nio-8080-exec-7] c.m.m.c.GoogleApiProxyController         : Photo cache hit for placeId=ChIJw4tUW4sY34cR1JWcPwgVXR8
2026-09-21T11:54:43.029-04:00  INFO 36544 --- [http-nio-8080-exec-7] c.m.m.c.GoogleApiProxyController         : Photo cache hit for placeId=ChIJw4tUW4sY34cR1JWcPwgVXR8
2026-09-21T11:54:43.029-04:00  INFO 36544 --- [http-nio-8080-exec-3] c.m.m.c.GoogleApiProxyController         : Photo cache hit for placeId=ChIJw4tUW4sY34cR1JWcPwgVXR8
2026-09-21T11:55:27.876-04:00  INFO 36544 --- [http-nio-8080-exec-9] c.m.m.c.GoogleApiProxyController         : Photo cache hit for placeId=ChIJV3kbImJeYIgRjPQT6dNr4gY
2026-09-21T11:55:27.876-04:00  INFO 36544 --- [http-nio-8080-exec-3] c.m.m.c.GoogleApiProxyController         : Photo cache hit for placeId=ChIJiUXuEGIPYIgRHIF_jkXkoTM
2026-09-21T11:55:27.876-04:00  INFO 36544 --- [http-nio-8080-exec-7] c.m.m.c.GoogleApiProxyController         : Photo cache hit for placeId=ChIJKxoiAxVdYIgRl7t0y8C9q0k
2026-09-21T11:55:39.522-04:00  INFO 36544 --- [http-nio-8080-exec-5] c.m.m.c.GoogleApiProxyController         : Photo cache hit for placeId=ChIJV3kbImJeYIgRjPQT6dNr4gY
2026-09-21T11:55:39.523-04:00  INFO 36544 --- [http-nio-8080-exec-10] c.m.m.c.GoogleApiProxyController         : Photo cache hit for placeId=ChIJKxoiAxVdYIgRl7t0y8C9q0k
2026-09-21T11:55:39.525-04:00  INFO 36544 --- [http-nio-8080-exec-3] c.m.m.c.GoogleApiProxyController         : Photo cache hit for placeId=ChIJiUXuEGIPYIgRHIF_jkXkoTM
2026-09-21T11:55:49.678-04:00  INFO 36544 --- [http-nio-8080-exec-6] c.m.m.c.GoogleApiProxyController         : Photo cache hit for placeId=ChIJoWhlRKwZ3YcR4UTbMivFxwQ
2026-09-21T11:55:49.678-04:00  INFO 36544 --- [http-nio-8080-exec-4] c.m.m.c.GoogleApiProxyController         : Photo cache hit for placeId=ChIJoWhlRKwZ3YcR4UTbMivFxwQ
2026-09-21T11:55:57.166-04:00  INFO 36544 --- [http-nio-8080-exec-5] c.m.m.service.MapBoxRoutingService       : Calling MapBox Directions API
2026-09-21T11:55:57.166-04:00  INFO 36544 --- [http-nio-8080-exec-1] c.m.m.service.MapBoxRoutingService       : Calling MapBox Directions API
2026-09-21T11:55:59.985-04:00  INFO 36544 --- [http-nio-8080-exec-5] c.m.m.service.MapBoxRoutingService       : MapBox returned 2 routes in response
2026-09-21T11:55:59.985-04:00  WARN 36544 --- [http-nio-8080-exec-5] c.m.m.service.MapBoxRoutingService       : Could not determine road class for step: 
2026-09-21T11:55:59.985-04:00  INFO 36544 --- [http-nio-8080-exec-1] c.m.m.service.MapBoxRoutingService       : MapBox returned 2 routes in response
2026-09-21T11:55:59.985-04:00  INFO 36544 --- [http-nio-8080-exec-5] c.m.m.service.MapBoxRoutingService       : Route 1: 698.4 mins, 1128.7 km, 9.2% scenic
2026-09-21T11:55:59.985-04:00  WARN 36544 --- [http-nio-8080-exec-1] c.m.m.service.MapBoxRoutingService       : Could not determine road class for step: 
2026-09-21T11:55:59.985-04:00  WARN 36544 --- [http-nio-8080-exec-5] c.m.m.service.MapBoxRoutingService       : Could not determine road class for step: 
2026-09-21T11:55:59.985-04:00  INFO 36544 --- [http-nio-8080-exec-1] c.m.m.service.MapBoxRoutingService       : Route 1: 698.4 mins, 1128.7 km, 9.2% scenic
2026-09-21T11:55:59.985-04:00  INFO 36544 --- [http-nio-8080-exec-5] c.m.m.service.MapBoxRoutingService       : Route 2: 712.6 mins, 1150.7 km, 23.8% scenic
2026-09-21T11:55:59.985-04:00  INFO 36544 --- [http-nio-8080-exec-5] c.m.m.service.MapBoxRoutingService       : Parsed 2 route alternatives from MapBox
2026-09-21T11:55:59.985-04:00  WARN 36544 --- [http-nio-8080-exec-1] c.m.m.service.MapBoxRoutingService       : Could not determine road class for step: 
2026-09-21T11:55:59.985-04:00  INFO 36544 --- [http-nio-8080-exec-1] c.m.m.service.MapBoxRoutingService       : Route 2: 712.6 mins, 1150.7 km, 23.8% scenic
2026-09-21T11:55:59.985-04:00  INFO 36544 --- [http-nio-8080-exec-1] c.m.m.service.MapBoxRoutingService       : Parsed 2 route alternatives from MapBox
